timestamp_local (America/Santiago),indoor.app_tempin,indoor.dew_point,indoor.feels_like,indoor.humidity,indoor.temperature,pressure.absolute,pressure.relative,soil_ch1.ad,soil_ch1.soilmoisture,soil_ch2.ad,soil_ch2.soilmoisture,temp_ch1.temperature,temp_ch2.temperature
2026-08-07 20:00:00,13.8,4.2,15.1,48.0,15.1,28.16,28.16,272.0,59.0,222.0,44.0,13.175,12.275
2026-08-07 21:00:00,13.666666666666666,4.066666666666666,14.966666666666669,48.0,14.966666666666669,28.16416666666667,28.16416666666667,272.0,59.0,222.0,44.0,13.116666666666667,12.283333333333331
2026-08-07 22:00:00,13.466666666666669,3.9166666666666665,14.816666666666668,48.0,14.816666666666668,28.168333333333337,28.168333333333337,272.0,59.0,222.0,44.0,13.075,12.275
2026-08-07 23:00:00,13.283333333333331,3.758333333333333,14.683333333333332,47.833333333333336,14.683333333333332,28.171666666666667,28.171666666666667,272.0,59.0,222.0,44.0,13.041666666666666,12.241666666666667
2026-08-08 00:00:00,13.158333333333331,3.375,14.575,47.0,14.575,28.1775,28.1775,272.0,59.0,222.0,44.0,12.966666666666669,12.225
2026-08-08 01:00:00,13.041666666666666,3.6,14.441666666666668,48.0,14.441666666666668,28.180833333333336,28.180833333333336,272.0,59.0,222.0,44.0,12.9,12.199999999999998
2026-08-08 02:00:00,12.9,3.4166666666666665,14.308333333333335,48.0,14.316666666666668,28.17833333333333,28.17833333333333,271.0833333333333,59.0,222.0,44.0,12.841666666666669,12.199999999999998
2026-08-08 03:00:00,12.783333333333331,3.2999999999999994,14.183333333333332,48.0,14.183333333333332,28.168333333333337,28.168333333333337,271.0,59.0,221.75,44.0,12.783333333333331,12.15
2026-08-08 04:00:00,12.658333333333331,3.466666666666667,14.058333333333332,48.91666666666666,14.058333333333332,28.16916666666667,28.16916666666667,271.0,59.0,221.0833333333333,44.0,12.699999999999998,12.1
2026-08-08 05:00:00,12.366666666666667,3.325,13.858333333333334,49.0,13.858333333333334,28.1775,28.1775,270.6666666666667,58.66666666666666,221.0,44.0,12.65,12.108333333333333
2026-08-08 06:00:00,12.300000000000002,3.3000000000000003,13.766666666666666,49.25,13.766666666666666,28.1825,28.1825,270.0,58.0,221.0,44.0,12.6,12.1
2026-08-08 07:00:00,12.233333333333334,3.5666666666666664,13.65,50.583333333333336,13.65,28.19,28.19,270.0,58.0,221.0,44.0,12.525,12.1
2026-08-08 08:00:00,12.283333333333331,3.733333333333333,13.666666666666666,50.91666666666666,13.666666666666666,28.1975,28.1975,270.0,58.0,221.0,44.0,12.483333333333334,12.1
2026-08-08 09:00:00,13.125,4.033333333333333,14.45,49.583333333333336,14.45,28.195833333333336,28.195833333333336,270.0,58.0,221.0,44.0,12.408333333333331,12.041666666666666
2026-08-08 10:00:00,13.525,4.216666666666667,14.825,49.0,14.825,28.2025,28.2025,270.0,58.0,221.0,44.0,12.4,12.041666666666666
2026-08-08 11:00:00,13.783333333333331,4.158333333333333,15.05,48.083333333333336,15.05,28.1975,28.1975,269.5,58.0,221.0,44.0,12.4,12.041666666666666
2026-08-08 12:00:00,13.9,4.25,15.199999999999998,47.833333333333336,15.199999999999998,28.18416666666667,28.18416666666667,269.0,58.0,221.0,44.0,12.4,12.0
2026-08-08 13:00:00,13.808333333333332,3.516666666666667,15.199999999999998,45.583333333333336,15.199999999999998,28.16583333333333,28.16583333333333,269.0,58.0,220.5,43.5,12.45,12.008333333333333
2026-08-08 14:00:00,13.6,2.8083333333333336,15.133333333333333,43.41666666666666,15.133333333333333,28.145,28.145,269.0,58.0,220.0,43.0,12.483333333333334,12.0
2026-08-08 15:00:00,13.375,2.533333333333333,14.983333333333334,43.0,14.983333333333334,28.124166666666667,28.124166666666667,268.1666666666667,58.0,220.0,43.0,12.566666666666668,11.966666666666669
2026-08-08 16:00:00,13.225,2.1750000000000003,14.908333333333331,42.16666666666666,14.908333333333331,28.1125,28.1125,268.0,58.0,220.0,43.0,12.6,11.916666666666666
2026-08-08 17:00:00,13.125,2.35,14.75,43.16666666666666,14.741666666666667,28.11,28.11,268.0,58.0,220.0,43.0,12.6,11.908333333333331
2026-08-08 18:00:00,12.858333333333334,2.5416666666666665,14.458333333333334,44.583333333333336,14.458333333333334,28.129166666666663,28.129166666666663,268.0,58.0,219.91666666666663,43.0,12.591666666666669,11.916666666666666
2026-08-08 19:00:00,12.666666666666666,2.0416666666666665,14.325,43.333333333333336,14.341666666666669,28.146666666666665,28.146666666666665,267.8333333333333,57.833333333333336,219.66666666666663,43.0,12.558333333333332,11.95
2026-08-08 20:00:00,12.466666666666669,1.7666666666666666,14.166666666666666,43.0,14.166666666666666,28.1575,28.1575,267.8333333333333,57.833333333333336,219.16666666666663,43.0,12.516666666666666,11.933333333333332
2026-08-08 21:00:00,12.316666666666668,1.6583333333333332,14.025,43.083333333333336,14.025,28.159166666666668,28.159166666666668,267.6666666666667,57.66666666666666,219.0,43.0,12.491666666666667,11.916666666666666
2026-08-08 22:00:00,12.141666666666666,1.925,13.833333333333334,44.41666666666666,13.833333333333334,28.155833333333334,28.155833333333334,267.3333333333333,57.333333333333336,219.0,43.0,12.416666666666666,11.916666666666666
2026-08-08 23:00:00,11.983333333333334,2.1833333333333336,13.666666666666666,45.833333333333336,13.658333333333331,28.149999999999995,28.149999999999995,267.0833333333333,57.083333333333336,219.0,43.0,12.4,11.908333333333331
2026-08-09 00:00:00,11.766666666666666,2.058333333333333,13.45,46.0,13.45,28.145,28.145,267.0,57.0,219.0,43.0,12.375,11.95
2026-08-09 01:00:00,11.525,2.0500000000000003,13.2,46.66666666666666,13.191666666666668,28.141666666666666,28.141666666666666,267.0,57.0,219.0,43.0,12.300000000000002,11.9
2026-08-09 02:00:00,11.225,1.883333333333333,12.925,47.0,12.925,28.12833333333333,28.12833333333333,267.0,57.0,219.0,43.0,12.216666666666669,11.9
2026-08-09 03:00:00,10.975,1.808333333333333,12.683333333333332,47.41666666666666,12.683333333333332,28.111666666666665,28.111666666666665,267.0,57.0,219.0,43.0,12.166666666666666,11.883333333333333
2026-08-09 04:00:00,10.641666666666666,1.5166666666666666,12.441666666666668,47.25,12.441666666666668,28.10166666666667,28.10166666666667,267.0,57.0,219.0,43.0,12.1,11.816666666666668
2026-08-09 05:00:00,10.425,1.2416666666666667,12.225,47.0,12.225,28.10333333333333,28.10333333333333,267.0,57.0,218.91666666666663,43.0,12.016666666666666,11.808333333333335
2026-08-09 06:00:00,10.175,1.025,11.983333333333334,47.0,11.983333333333334,28.11,28.11,267.0,57.0,219.0,43.0,11.883333333333333,11.800000000000002
2026-08-09 07:00:00,9.883333333333336,0.8250000000000001,11.758333333333333,47.0,11.766666666666666,28.11916666666667,28.11916666666667,266.8333333333333,57.0,218.5833333333333,43.0,11.800000000000002,11.800000000000002
2026-08-09 08:00:00,10.5,1.025,12.35,45.91666666666666,12.358333333333334,28.126666666666665,28.126666666666665,266.4166666666667,57.0,218.5,43.0,11.75,11.800000000000002
2026-08-09 09:00:00,11.808333333333332,1.8833333333333333,13.541666666666666,45.16666666666666,13.533333333333331,28.125833333333333,28.125833333333333,266.0833333333333,57.0,218.5833333333333,43.0,11.658333333333331,11.741666666666667
2026-08-09 10:00:00,12.533333333333331,2.658333333333333,14.075,46.0,14.075,28.11583333333333,28.11583333333333,266.0,57.0,218.16666666666663,43.0,11.6,11.716666666666669
2026-08-09 11:00:00,12.85,2.8666666666666667,14.35,46.0,14.358333333333334,28.100833333333338,28.100833333333338,266.0,57.0,218.0,43.0,11.6,11.699999999999998
2026-08-09 12:00:00,12.883333333333333,2.908333333333333,14.383333333333333,46.0,14.391666666666667,28.0825,28.0825,265.5,57.0,218.0,43.0,11.633333333333333,11.658333333333331
2026-08-09 13:00:00,12.85,2.766666666666667,14.391666666666667,45.583333333333336,14.391666666666667,28.063333333333333,28.063333333333333,265.0,57.0,218.0833333333333,43.0,11.691666666666665,11.633333333333333
2026-08-09 14:00:00,12.883333333333333,2.558333333333333,14.475,44.583333333333336,14.475,28.046666666666667,28.046666666666667,265.0,57.0,218.0,43.0,11.75,11.608333333333333
2026-08-09 15:00:00,13.058333333333332,2.5500000000000003,14.658333333333331,44.0,14.658333333333331,28.03833333333333,28.03833333333333,265.0,57.0,218.0,43.0,11.85,11.6
2026-08-09 16:00:00,13.108333333333333,2.2333333333333334,14.766666666666666,42.833333333333336,14.766666666666666,28.03333333333333,28.03333333333333,264.0833333333333,57.0,217.5,42.5,11.975,11.516666666666666
2026-08-09 17:00:00,12.925,1.675,14.65,41.41666666666666,14.641666666666666,28.0425,28.0425,264.0,57.0,217.0,42.0,12.066666666666668,11.508333333333333
2026-08-09 18:00:00,12.55,1.7083333333333333,14.266666666666666,42.5,14.258333333333333,28.0525,28.0525,264.0,57.0,217.0,42.0,12.041666666666666,11.525
2026-08-09 19:00:00,12.225,1.775,13.933333333333332,43.75,13.933333333333332,28.069166666666664,28.069166666666664,264.0,57.0,217.0,42.0,12.091666666666669,11.55
2026-08-09 20:00:00,11.908333333333331,1.6833333333333331,13.691666666666665,44.0,13.691666666666665,28.070833333333336,28.070833333333336,264.0,57.0,217.0,42.0,12.1,11.591666666666669
2026-08-09 21:00:00,11.658333333333331,1.45,13.45,44.0,13.45,28.065,28.065,264.0833333333333,57.0,217.0,42.0,12.066666666666668,11.516666666666666
2026-08-09 22:00:00,11.516666666666666,1.3583333333333334,13.316666666666668,44.083333333333336,13.316666666666668,28.055833333333336,28.055833333333336,264.4166666666667,57.0,217.0,42.0,12.0,11.508333333333333
2026-08-09 23:00:00,11.408333333333331,1.5333333333333332,13.183333333333332,45.0,13.175,28.05,28.05,265.0,57.0,217.0,42.0,11.925,11.55
2026-08-10 00:00:00,11.341666666666669,1.6666666666666667,13.058333333333332,45.833333333333336,13.058333333333332,28.039166666666663,28.039166666666663,264.9166666666667,57.0,217.0,42.0,11.908333333333331,11.516666666666666
2026-08-10 01:00:00,11.175,1.5666666666666669,12.883333333333333,46.0,12.891666666666667,28.0375,28.0375,265.0,57.0,216.8333333333333,42.0,11.825,11.5
2026-08-10 02:00:00,11.025,1.625,12.733333333333334,46.66666666666666,12.733333333333334,28.0275,28.0275,264.9166666666667,57.0,216.91666666666663,42.0,11.766666666666666,11.5
2026-08-10 03:00:00,10.825,1.7083333333333333,12.558333333333332,47.41666666666666,12.558333333333332,28.02083333333333,28.02083333333333,265.0,57.0,216.16666666666663,42.0,11.699999999999998,11.508333333333333
2026-08-10 04:00:00,10.725,1.7333333333333334,12.433333333333332,48.0,12.433333333333332,28.021666666666665,28.021666666666665,264.5,57.0,216.0,42.0,11.699999999999998,11.5
2026-08-10 05:00:00,10.566666666666666,1.625,12.291666666666666,48.083333333333336,12.3,28.02583333333333,28.02583333333333,264.3333333333333,57.0,216.0,42.0,11.625,11.508333333333333
2026-08-10 06:00:00,10.483333333333333,1.7666666666666666,12.199999999999998,48.833333333333336,12.183333333333332,28.035,28.035,264.1666666666667,57.0,216.0,42.0,11.6,11.491666666666667
2026-08-10 07:00:00,10.383333333333336,1.6916666666666669,12.091666666666669,49.0,12.083333333333334,28.044166666666666,28.044166666666666,264.0,57.0,216.0,42.0,11.508333333333333,11.466666666666669
2026-08-10 08:00:00,10.308333333333334,1.6333333333333335,12.016666666666666,49.0,12.016666666666666,28.063333333333333,28.063333333333333,264.0,57.0,216.0,42.0,11.475,11.408333333333331
2026-08-10 09:00:00,10.45,1.7166666666666668,12.15,48.91666666666666,12.15,28.076666666666664,28.076666666666664,264.0,57.0,216.0,42.0,11.425,11.441666666666668
2026-08-10 10:00:00,10.625,1.8,12.341666666666669,48.5,12.341666666666669,28.09,28.09,264.0,57.0,216.0,42.0,11.416666666666666,11.45
2026-08-10 11:00:00,10.816666666666668,1.8666666666666665,12.516666666666666,48.16666666666666,12.516666666666666,28.099166666666665,28.099166666666665,264.0,57.0,216.0,42.0,11.391666666666667,11.391666666666667
2026-08-10 12:00:00,11.091666666666669,2.0500000000000003,12.775,48.0,12.775,28.09083333333333,28.09083333333333,264.0,57.0,216.0,42.0,11.4,11.4
2026-08-10 13:00:00,11.441666666666668,2.1,13.083333333333334,47.16666666666666,13.083333333333334,28.08,28.08,264.0,57.0,216.0,42.0,11.35,11.358333333333334
2026-08-10 14:00:00,11.658333333333331,2.2,13.275,47.0,13.275,28.089166666666667,28.089166666666667,264.0,57.0,215.91666666666663,42.0,11.341666666666669,11.308333333333335
2026-08-10 15:00:00,11.775,2.308333333333333,13.375,47.0,13.4,28.085,28.085,263.9166666666667,56.91666666666666,215.25,42.0,11.35,11.341666666666669
2026-08-10 16:00:00,11.9,2.6083333333333334,13.491666666666667,47.66666666666666,13.491666666666667,28.096666666666668,28.096666666666668,263.75,56.75,215.0,42.0,11.383333333333333,11.358333333333334
2026-08-10 17:00:00,11.8,2.6166666666666667,13.375,48.083333333333336,13.383333333333333,28.10333333333333,28.10333333333333,263.0833333333333,56.083333333333336,215.0,42.0,11.4,11.300000000000002
2026-08-10 18:00:00,11.741666666666667,2.75,13.258333333333333,49.0,13.258333333333333,28.113333333333333,28.113333333333333,263.0,56.0,215.0,42.0,11.4,11.300000000000002
2026-08-10 19:00:00,11.558333333333332,2.6083333333333334,13.083333333333334,49.0,13.075,28.129166666666663,28.129166666666663,263.0,56.0,215.0,42.0,11.433333333333332,11.300000000000002
2026-08-10 20:00:00,11.333333333333334,2.5083333333333333,12.933333333333332,49.083333333333336,12.933333333333332,28.13,28.13,263.0,56.0,215.0,42.0,11.458333333333334,11.300000000000002
2026-08-10 21:00:00,11.166666666666666,2.641666666666667,12.758333333333333,50.0,12.766666666666666,28.141666666666666,28.141666666666666,263.0,56.0,215.0,42.0,11.433333333333332,11.300000000000002
2026-08-10 22:00:00,11.05,2.525,12.641666666666666,50.25,12.633333333333333,28.149999999999995,28.149999999999995,263.0,56.0,215.0,42.0,11.4,11.308333333333335
2026-08-10 23:00:00,10.933333333333332,2.691666666666667,12.516666666666666,51.0,12.516666666666666,28.15083333333333,28.15083333333333,262.5,56.0,215.0,42.0,11.375,11.300000000000002
2026-08-11 00:00:00,10.808333333333335,2.6083333333333334,12.383333333333333,51.16666666666666,12.383333333333333,28.1525,28.1525,262.0,56.0,215.0,42.0,11.383333333333333,11.300000000000002
2026-08-11 01:00:00,10.708333333333334,2.7000000000000006,12.266666666666666,52.0,12.266666666666666,28.1525,28.1525,262.0,56.0,215.0,42.0,11.333333333333334,11.291666666666666
2026-08-11 02:00:00,10.558333333333334,2.65,12.166666666666666,52.0,12.158333333333331,28.140833333333333,28.140833333333333,262.0,56.0,214.91666666666663,42.0,11.316666666666668,11.300000000000002
2026-08-11 03:00:00,10.55,2.7916666666666665,12.083333333333334,53.0,12.083333333333334,28.129166666666663,28.129166666666663,261.8333333333333,56.0,214.5,42.0,11.300000000000002,11.283333333333331
2026-08-11 04:00:00,10.366666666666667,2.6666666666666665,11.958333333333334,53.0,11.958333333333334,28.120833333333334,28.120833333333334,261.4166666666667,56.0,214.25,42.0,11.291666666666666,11.275
2026-08-11 05:00:00,10.3,2.6166666666666667,11.875,53.16666666666666,11.883333333333333,28.12,28.12,261.0,56.0,214.0833333333333,42.0,11.233333333333334,11.25
2026-08-11 06:00:00,10.3,2.7916666666666665,11.800000000000002,53.91666666666666,11.800000000000002,28.12166666666667,28.12166666666667,261.25,55.91666666666666,214.0,42.0,11.208333333333334,11.241666666666667
2026-08-11 07:00:00,10.183333333333332,2.641666666666667,11.699999999999998,53.75,11.699999999999998,28.136666666666667,28.136666666666667,262.0,56.0,214.0,42.0,11.199999999999998,11.208333333333334
2026-08-11 08:00:00,10.116666666666664,2.466666666666667,11.699999999999998,53.16666666666666,11.699999999999998,28.149166666666662,28.149166666666662,262.8333333333333,56.0,214.0,42.0,11.15,11.208333333333334
2026-08-11 09:00:00,10.15,2.425,11.733333333333334,52.75,11.733333333333334,28.159166666666668,28.159166666666668,263.0,56.0,214.0,42.0,11.158333333333331,11.199999999999998
2026-08-11 10:00:00,10.766666666666666,3.216666666666667,12.233333333333334,54.083333333333336,12.233333333333334,28.1675,28.1675,263.0,56.0,214.0,42.0,11.183333333333332,11.199999999999998
2026-08-11 11:00:00,12.491666666666667,5.583333333333333,13.5,58.75,13.508333333333333,28.1875,28.1875,263.0,56.0,214.0,42.0,11.125,11.199999999999998
2026-08-11 12:00:00,12.716666666666669,5.466666666666666,13.741666666666667,57.41666666666666,13.741666666666667,28.1925,28.1925,263.0,56.0,214.0,42.0,11.1,11.199999999999998
2026-08-11 13:00:00,12.283333333333331,4.5,13.5,54.41666666666666,13.5,28.168333333333333,28.168333333333333,263.0,56.0,214.0,42.0,11.1,11.183333333333332
2026-08-11 14:00:00,12.983333333333334,5.083333333333333,14.075,54.583333333333336,14.075,28.120833333333334,28.120833333333334,263.0,56.0,214.0,42.0,11.141666666666666,11.158333333333331
2026-08-11 15:00:00,13.008333333333333,5.175,14.116666666666667,54.833333333333336,14.116666666666667,28.105833333333333,28.105833333333333,262.75,56.0,213.8333333333333,41.833333333333336,11.191666666666665,11.1
2026-08-11 16:00:00,13.216666666666669,5.258333333333334,14.283333333333331,54.41666666666666,14.283333333333331,28.09583333333333,28.09583333333333,262.8333333333333,56.0,213.3333333333333,41.333333333333336,11.233333333333334,11.1
2026-08-11 17:00:00,13.758333333333333,5.675,14.758333333333333,54.333333333333336,14.758333333333333,28.09583333333333,28.09583333333333,262.8333333333333,56.0,213.0,41.0,11.233333333333334,11.133333333333333
2026-08-11 18:00:00,13.566666666666668,5.5,14.6,54.333333333333336,14.6,28.0925,28.0925,262.9166666666667,56.0,213.0,41.0,11.266666666666666,11.1
2026-08-11 19:00:00,12.858333333333334,5.075,13.95,55.083333333333336,13.95,28.086666666666662,28.086666666666662,263.0,56.0,213.0,41.0,11.300000000000002,11.175
2026-08-11 20:00:00,12.233333333333334,4.383333333333334,13.475,54.0,13.483333333333334,28.078333333333333,28.078333333333333,263.0833333333333,56.083333333333336,213.0,41.0,11.300000000000002,11.175
2026-08-11 21:00:00,11.866666666666667,4.075,13.183333333333332,54.0,13.175,28.0925,28.0925,263.9166666666667,56.91666666666666,213.0,41.0,11.300000000000002,11.191666666666665
2026-08-11 22:00:00,11.65,3.858333333333333,12.958333333333334,54.0,12.958333333333334,28.10833333333333,28.10833333333333,264.0,57.0,213.0,41.0,11.300000000000002,11.141666666666666
2026-08-11 23:00:00,11.341666666666669,3.641666666666667,12.725,54.0,12.733333333333334,28.10166666666667,28.10166666666667,264.0,57.0,213.0,41.0,11.300000000000002,11.125
2026-08-12 00:00:00,11.141666666666666,3.516666666666667,12.541666666666666,54.0,12.541666666666666,28.08666666666667,28.08666666666667,264.5,57.0,213.0,41.0,11.275,11.125
2026-08-12 01:00:00,10.9,3.325,12.375,54.0,12.383333333333333,28.05333333333333,28.05333333333333,264.3333333333333,57.0,212.91666666666663,41.0,11.199999999999998,11.133333333333333
2026-08-12 02:00:00,10.616666666666664,3.1,12.116666666666667,54.0,12.116666666666667,28.040000000000003,28.040000000000003,264.6666666666667,57.0,212.5,41.0,11.199999999999998,11.158333333333331
2026-08-12 03:00:00,10.466666666666669,2.966666666666667,11.966666666666669,54.0,11.975,28.02416666666667,28.02416666666667,264.1666666666667,57.0,212.0833333333333,41.0,11.199999999999998,11.158333333333331
2026-08-12 04:00:00,10.366666666666667,2.8666666666666667,11.866666666666667,54.0,11.875,28.0225,28.0225,264.0,57.0,212.0833333333333,41.0,11.108333333333333,11.158333333333331
2026-08-12 05:00:00,10.3,2.9250000000000003,11.800000000000002,54.41666666666666,11.800000000000002,28.02083333333333,28.02083333333333,264.0,57.0,212.0,41.0,11.1,11.108333333333333
2026-08-12 06:00:00,10.233333333333333,2.9416666666666664,11.733333333333334,55.0,11.733333333333334,28.035833333333333,28.035833333333333,264.0,57.0,212.0,41.0,11.091666666666669,11.108333333333333
2026-08-12 07:00:00,10.158333333333331,2.9,11.699999999999998,55.0,11.683333333333332,28.034166666666668,28.034166666666668,264.0,57.0,212.0,41.0,11.008333333333333,11.1
2026-08-12 08:00:00,10.291666666666666,3.0416666666666665,11.783333333333331,55.0,11.783333333333331,28.03833333333333,28.03833333333333,264.0,57.0,212.0,41.0,11.0,11.083333333333334
2026-08-12 09:00:00,10.783333333333331,3.283333333333333,12.225,54.333333333333336,12.216666666666669,28.044166666666666,28.044166666666666,264.1666666666667,57.0,212.0,41.0,10.983333333333334,11.083333333333334
2026-08-12 10:00:00,11.891666666666666,4.191666666666666,13.191666666666668,54.5,13.191666666666668,28.0275,28.0275,264.0,57.0,212.0,41.0,10.933333333333332,11.05
2026-08-12 11:00:00,13.275,5.75,14.241666666666667,56.66666666666666,14.25,28.01,28.01,264.0,57.0,212.0,41.0,11.0,11.083333333333334
2026-08-12 12:00:00,13.433333333333335,6.116666666666667,14.358333333333334,57.583333333333336,14.35,27.985,27.985,264.0,57.0,212.0,41.0,11.008333333333333,11.066666666666668
2026-08-12 13:00:00,13.441666666666668,6.008333333333334,14.366666666666667,57.25,14.366666666666667,27.953333333333333,27.953333333333333,264.0,57.0,212.0,41.0,11.15,11.083333333333334
2026-08-12 14:00:00,13.908333333333331,6.525,14.666666666666666,58.083333333333336,14.675,27.941666666666663,27.941666666666663,264.0,57.0,211.91666666666663,41.0,11.275,11.016666666666666
2026-08-12 15:00:00,15.041666666666666,8.058333333333334,15.508333333333333,61.083333333333336,15.516666666666666,27.938333333333333,27.938333333333333,264.0,57.0,211.91666666666663,41.0,11.416666666666666,11.016666666666666
2026-08-12 16:00:00,15.666666666666666,8.533333333333333,15.975,61.16666666666666,15.983333333333334,27.945833333333336,27.945833333333336,264.0,57.0,211.41666666666663,41.0,11.541666666666666,11.008333333333333
2026-08-12 17:00:00,16.341666666666665,9.016666666666667,16.566666666666666,60.91666666666666,16.558333333333334,27.96666666666667,27.96666666666667,263.75,56.75,211.16666666666663,41.0,11.641666666666666,11.033333333333331
2026-08-12 18:00:00,16.025000000000002,8.633333333333333,16.325,60.25,16.325,27.980833333333333,27.980833333333333,263.0,56.0,211.0,41.0,11.716666666666669,11.05
2026-08-12 19:00:00,15.433333333333332,7.916666666666667,15.908333333333331,59.0,15.916666666666666,27.99,27.99,263.1666666666667,56.16666666666666,211.0,41.0,11.800000000000002,11.083333333333334
2026-08-12 20:00:00,14.908333333333331,7.491666666666667,15.483333333333334,58.91666666666666,15.483333333333334,27.995833333333334,27.995833333333334,263.0,56.0,211.0,41.0,11.825,11.1
2026-08-12 21:00:00,14.441666666666668,6.983333333333333,15.133333333333333,58.16666666666666,15.133333333333333,28.0,28.0,263.0,56.0,211.0,41.0,11.883333333333333,11.108333333333333
2026-08-12 22:00:00,14.133333333333333,6.7250000000000005,14.9,58.0,14.908333333333331,28.0,28.0,263.0,56.0,210.5833333333333,40.583333333333336,11.9,11.15
2026-08-12 23:00:00,13.866666666666667,6.491666666666667,14.666666666666666,58.0,14.666666666666666,28.0,28.0,263.0,56.0,210.66666666666663,40.66666666666666,11.9,11.199999999999998
2026-08-13 00:00:00,13.55,6.216666666666666,14.391666666666667,58.0,14.4,27.99333333333333,27.99333333333333,263.0,56.0,210.0,40.0,11.9,11.199999999999998
2026-08-13 01:00:00,13.275,6.033333333333334,14.191666666666668,58.0,14.191666666666668,27.989166666666662,27.989166666666662,263.0,56.0,210.0,40.0,11.875,11.199999999999998
2026-08-13 02:00:00,13.016666666666666,5.733333333333333,13.991666666666667,57.5,13.991666666666667,27.965,27.965,263.0,56.0,210.0,40.0,11.816666666666668,11.199999999999998
2026-08-13 03:00:00,12.758333333333333,5.391666666666667,13.766666666666666,57.0,13.775,27.94083333333333,27.94083333333333,263.0,56.0,210.0,40.0,11.791666666666666,11.275
2026-08-13 04:00:00,12.525,5.083333333333333,13.625,56.25,13.625,27.929166666666664,27.929166666666664,263.0,56.0,210.0,40.0,11.766666666666666,11.291666666666666
2026-08-13 05:00:00,12.275,4.866666666666666,13.466666666666669,56.0,13.466666666666669,27.929166666666664,27.929166666666664,263.0,56.0,210.0,40.0,11.725,11.266666666666666
2026-08-13 06:00:00,12.125,4.708333333333333,13.325,55.91666666666666,13.325,27.933333333333334,27.933333333333334,263.0,56.0,210.0,40.0,11.683333333333332,11.283333333333331
2026-08-13 07:00:00,12.033333333333331,4.633333333333334,13.233333333333334,56.0,13.233333333333334,27.936666666666667,27.936666666666667,263.0,56.0,210.0,40.0,11.608333333333333,11.275
2026-08-13 08:00:00,12.325,4.8,13.483333333333334,55.583333333333336,13.491666666666667,27.9425,27.9425,263.0,56.0,210.0,40.0,11.6,11.275
2026-08-13 09:00:00,12.8,5.033333333333333,13.908333333333331,55.0,13.916666666666666,27.9375,27.9375,263.0,56.0,210.0,40.0,11.575,11.266666666666666
2026-08-13 10:00:00,13.05,5.333333333333333,14.108333333333334,55.5,14.108333333333334,27.93583333333333,27.93583333333333,263.0,56.0,210.0,40.0,11.516666666666666,11.241666666666667
2026-08-13 11:00:00,13.608333333333334,6.183333333333334,14.5,57.333333333333336,14.5,27.92833333333333,27.92833333333333,263.0,56.0,210.0,40.0,11.5,11.266666666666666
2026-08-13 12:00:00,15.133333333333333,7.55,15.691666666666668,58.333333333333336,15.691666666666668,27.92,27.92,262.25,56.0,210.0,40.0,11.633333333333333,11.291666666666666
2026-08-13 13:00:00,14.941666666666668,7.449999999999999,15.525,58.5,15.525,27.89583333333333,27.89583333333333,262.0,56.0,210.0,40.0,11.675,11.266666666666666
2026-08-13 14:00:00,14.933333333333332,7.316666666666666,15.533333333333331,58.0,15.533333333333331,27.8775,27.8775,262.0,56.0,209.91666666666663,40.0,11.758333333333333,11.266666666666666
2026-08-13 15:00:00,14.991666666666667,7.375,15.6,57.91666666666666,15.6,27.852500000000003,27.852500000000003,262.0,56.0,209.8333333333333,40.083333333333336,11.85,11.241666666666667
2026-08-13 16:00:00,15.05,7.558333333333334,15.6,58.75,15.6,27.890833333333333,27.890833333333333,262.0,56.0,209.75,40.0,11.966666666666669,11.266666666666666
2026-08-13 17:00:00,15.158333333333331,8.033333333333333,15.6,60.583333333333336,15.6,27.916666666666668,27.916666666666668,262.0,56.0,209.8333333333333,40.0,12.066666666666668,11.300000000000002
2026-08-13 18:00:00,15.425,8.9,15.708333333333334,64.0,15.691666666666665,27.94833333333333,27.94833333333333,262.0,56.0,209.3333333333333,40.0,12.1,11.300000000000002
2026-08-13 19:00:00,15.508333333333333,9.533333333333331,15.583333333333334,67.25,15.583333333333334,27.954166666666666,27.954166666666666,262.0,56.0,209.41666666666663,40.0,12.166666666666666,11.300000000000002
2026-08-13 20:00:00,15.375,9.308333333333334,15.5,66.58333333333333,15.5,27.9625,27.9625,262.0,56.0,212.91666666666663,41.41666666666666,12.241666666666667,11.336363636363636
2026-08-13 21:00:00,15.25,9.15,15.408333333333331,66.16666666666667,15.408333333333331,27.96666666666667,27.96666666666667,262.1666666666667,56.0,214.0833333333333,42.0,12.300000000000002,11.391666666666667
2026-08-13 22:00:00,15.125,8.916666666666666,15.366666666666667,65.41666666666667,15.366666666666667,27.969166666666663,27.969166666666663,262.0,56.0,214.41666666666663,42.0,12.300000000000002,11.4
2026-08-13 23:00:00,14.941666666666668,8.825000000000001,15.225,65.58333333333333,15.225,27.973333333333333,27.973333333333333,262.0,56.0,214.16666666666663,42.0,12.308333333333335,11.408333333333331
2026-08-14 00:00:00,14.85,8.633333333333333,15.166666666666666,65.0,15.158333333333331,27.9875,27.9875,262.0,56.0,214.0,42.0,12.375,11.4
2026-08-14 01:00:00,14.766666666666666,8.508333333333333,15.091666666666669,64.83333333333333,15.091666666666669,28.004166666666663,28.004166666666663,262.0,56.0,214.0,42.0,12.4,11.466666666666669
2026-08-14 02:00:00,14.633333333333333,8.316666666666668,15.0,64.08333333333333,15.0,28.0175,28.0175,262.0,56.0,214.0,42.0,12.4,11.5
2026-08-14 03:00:00,14.541666666666666,8.25,14.966666666666669,64.0,14.966666666666669,28.0225,28.0225,262.0,56.0,214.0,42.0,12.4,11.5
2026-08-14 04:00:00,14.433333333333332,8.083333333333334,14.9,63.66666666666666,14.9,28.031666666666663,28.031666666666663,262.0,56.0,214.0,42.0,12.4,11.516666666666666
2026-08-14 05:00:00,14.333333333333334,7.991666666666667,14.833333333333334,63.583333333333336,14.833333333333334,28.034166666666668,28.034166666666668,262.0,56.0,213.8181818181818,41.81818181818182,12.4,11.575
2026-08-14 06:00:00,14.241666666666667,7.883333333333334,14.741666666666667,63.583333333333336,14.741666666666667,28.031666666666663,28.031666666666663,262.0,56.0,213.5,41.5,12.391666666666667,11.591666666666669
2026-08-14 07:00:00,14.191666666666665,7.933333333333334,14.675,64.16666666666667,14.675,28.030833333333334,28.030833333333334,262.0,56.0,213.0909090909091,41.09090909090909,12.4,11.6
2026-08-14 08:00:00,14.183333333333332,8.008333333333333,14.65,64.41666666666667,14.65,28.044166666666666,28.044166666666666,262.0,56.0,213.0,41.0,12.4,11.6
2026-08-14 09:00:00,14.383333333333333,8.133333333333333,14.858333333333334,63.91666666666666,14.858333333333334,28.06083333333333,28.06083333333333,262.0,56.0,213.0,41.0,12.4,11.608333333333333
2026-08-14 10:00:00,15.233333333333334,8.808333333333334,15.466666666666669,64.58333333333333,15.466666666666669,28.070000000000004,28.070000000000004,262.0,56.0,213.0,41.0,12.316666666666668,11.65
2026-08-14 11:00:00,15.708333333333334,9.391666666666667,15.8,65.83333333333333,15.808333333333335,28.061666666666667,28.061666666666667,262.0,56.0,213.0,41.0,12.391666666666667,11.691666666666665
2026-08-14 12:00:00,15.883333333333333,9.4,15.983333333333334,65.0,15.983333333333334,28.065,28.065,261.4166666666667,56.0,213.0909090909091,41.09090909090909,12.5,11.65
2026-08-14 13:00:00,16.141666666666666,9.683333333333334,16.183333333333334,65.41666666666667,16.183333333333334,28.0575,28.0575,261.1666666666667,56.0,212.91666666666663,41.0,12.5,11.666666666666666
2026-08-14 14:00:00,16.966666666666665,10.516666666666666,16.758333333333333,66.58333333333333,16.766666666666666,28.04583333333333,28.04583333333333,261.0,56.0,212.7,41.0,12.608333333333333,11.691666666666665
2026-08-14 15:00:00,17.433333333333334,10.891666666666667,17.141666666666666,66.75,17.133333333333333,28.04083333333333,28.04083333333333,261.0,56.0,212.41666666666663,41.0,12.708333333333334,11.699999999999998
2026-08-14 16:00:00,17.758333333333333,10.791666666666666,17.508333333333333,64.66666666666667,17.508333333333333,28.041666666666668,28.041666666666668,261.0,56.0,211.91666666666663,41.0,12.791666666666666,11.699999999999998
2026-08-14 17:00:00,18.3,10.533333333333331,18.091666666666665,61.25,18.08333333333333,28.0375,28.0375,261.0,56.0,211.8333333333333,41.0,12.866666666666667,11.699999999999998
2026-08-14 18:00:00,18.166666666666668,11.316666666666668,17.758333333333333,66.16666666666667,17.741666666666667,28.035,28.035,261.0,56.0,211.5833333333333,41.0,12.85,11.708333333333334
2026-08-14 19:00:00,17.175,10.275,17.075,64.25,17.075,28.04833333333333,28.04833333333333,261.0,56.0,211.75,41.0,12.891666666666667,11.791666666666666
2026-08-14 20:00:00,16.724999999999998,9.841666666666669,16.741666666666667,63.75,16.733333333333334,28.043333333333333,28.043333333333333,261.0,56.0,211.25,41.0,12.9,11.800000000000002
2026-08-14 21:00:00,16.416666666666668,9.708333333333334,16.458333333333332,64.25,16.458333333333332,28.04083333333333,28.04083333333333,261.0,56.0,211.0,41.0,12.9,11.800000000000002
2026-08-14 22:00:00,16.3,9.708333333333334,16.308333333333334,65.0,16.308333333333334,28.03333333333333,28.03333333333333,261.0,56.0,211.0,41.0,12.9,11.808333333333335
2026-08-14 23:00:00,16.108333333333334,9.625,16.150000000000002,65.16666666666667,16.150000000000002,28.026666666666667,28.026666666666667,261.0,56.0,211.0,41.0,12.9,11.800000000000002
2026-08-15 00:00:00,15.95,9.716666666666669,16.025000000000002,66.0,16.025000000000002,28.015833333333333,28.015833333333333,261.0,56.0,211.0,41.0,12.9,11.825
2026-08-15 01:00:00,15.891666666666667,9.775,15.891666666666667,67.0,15.9,28.0025,28.0025,260.75,55.75,211.0,41.0,12.9,11.858333333333334
2026-08-15 02:00:00,15.758333333333333,9.675,15.791666666666666,67.0,15.8,28.012500000000003,28.012500000000003,260.8181818181818,55.81818181818182,211.0,41.0,12.9,11.9
2026-08-15 03:00:00,15.575,9.575,15.675,67.0,15.666666666666666,28.004166666666663,28.004166666666663,260.4166666666667,55.41666666666666,211.0,41.0,12.9,11.891666666666667
2026-08-15 04:00:00,15.491666666666667,9.55,15.591666666666669,67.41666666666667,15.591666666666669,27.999166666666667,27.999166666666667,260.0,55.0,211.0,41.0,12.9,11.9
2026-08-15 05:00:00,15.391666666666667,9.558333333333334,15.491666666666667,67.66666666666667,15.491666666666667,27.991666666666664,27.991666666666664,260.0833333333333,55.083333333333336,211.0,41.0,12.891666666666667,11.9
2026-08-15 06:00:00,15.341666666666669,9.6,15.433333333333332,68.0,15.433333333333332,28.00333333333333,28.00333333333333,260.0,55.0,211.0,41.0,12.883333333333333,11.9
2026-08-15 07:00:00,15.25,9.508333333333333,15.35,68.0,15.35,28.00916666666667,28.00916666666667,260.0833333333333,55.083333333333336,211.0,41.0,12.841666666666669,11.916666666666666
2026-08-15 08:00:00,15.199999999999998,9.4,15.300000000000002,68.0,15.300000000000002,28.01,28.01,260.0,55.0,210.91666666666663,40.91666666666666,12.800000000000002,11.916666666666666
2026-08-15 09:00:00,15.225,9.458333333333334,15.300000000000002,68.16666666666667,15.316666666666668,28.02,28.02,260.1,55.1,213.0833333333333,41.333333333333336,12.800000000000002,11.933333333333332
2026-08-15 10:00:00,15.116666666666667,9.633333333333333,15.199999999999998,69.25,15.191666666666665,28.035,28.035,282.75,61.75,285.5833333333333,61.583333333333336,12.800000000000002,11.983333333333334
2026-08-15 11:00:00,15.125,9.741666666666667,15.175,70.0,15.175,28.046666666666667,28.046666666666667,314.1666666666667,70.33333333333333,292.6666666666667,63.41666666666666,12.800000000000002,12.0
2026-08-15 12:00:00,15.083333333333334,9.666666666666666,15.141666666666666,69.91666666666667,15.108333333333333,28.051666666666662,28.051666666666662,319.72727272727275,72.0,293.5,63.75,12.800000000000002,12.0
2026-08-15 13:00:00,14.983333333333334,9.541666666666666,15.033333333333331,69.58333333333333,15.033333333333331,28.0375,28.0375,316.54545454545456,71.36363636363636,293.0833333333333,63.5,12.783333333333331,12.0
2026-08-15 14:00:00,14.825,9.325,14.933333333333332,69.0,14.933333333333332,28.031666666666663,28.031666666666663,324.6666666666667,73.33333333333333,305.25,66.83333333333333,12.699999999999998,12.0
2026-08-15 15:00:00,14.516666666666666,9.108333333333333,14.716666666666669,69.0,14.716666666666669,28.0325,28.0325,324.25,73.25,304.5833333333333,66.75,12.683333333333332,12.0
2026-08-15 16:00:00,14.275,8.758333333333333,14.55,68.08333333333333,14.541666666666666,28.045,28.045,324.6666666666667,73.41666666666667,303.8333333333333,66.58333333333333,12.6,11.983333333333334
2026-08-15 17:00:00,14.2,8.666666666666666,14.5,68.0,14.5,28.04833333333333,28.04833333333333,316.9166666666667,71.33333333333333,288.75,62.333333333333336,12.533333333333331,11.933333333333332
2026-08-15 18:00:00,14.058333333333332,8.383333333333333,14.433333333333332,66.91666666666667,14.433333333333332,28.07333333333333,28.07333333333333,310.9166666666667,69.66666666666667,278.0833333333333,59.583333333333336,12.458333333333334,11.9
2026-08-15 19:00:00,13.791666666666666,7.675,14.35,64.16666666666667,14.358333333333334,28.0875,28.0875,305.1666666666667,67.83333333333333,271.5833333333333,57.5,12.4,11.841666666666669
2026-08-15 20:00:00,13.741666666666667,7.691666666666666,14.283333333333331,64.5,14.291666666666666,28.095,28.095,301.1666666666667,67.0,267.4166666666667,56.41666666666666,12.35,11.808333333333335
2026-08-15 21:00:00,13.566666666666668,7.55,14.116666666666667,64.75,14.116666666666667,28.0825,28.0825,298.5,66.0,264.5833333333333,55.583333333333336,12.300000000000002,11.800000000000002
2026-08-15 22:00:00,13.191666666666665,7.183333333333334,13.858333333333334,64.0,13.883333333333333,28.07583333333333,28.07583333333333,297.4166666666667,66.0,262.5,55.0,12.300000000000002,11.791666666666666
2026-08-15 23:00:00,12.916666666666666,6.816666666666666,13.675,63.25,13.666666666666666,28.0625,28.0625,296.5833333333333,65.58333333333333,260.6666666666667,54.66666666666666,12.291666666666666,11.75
2026-08-16 00:00:00,12.683333333333332,6.583333333333333,13.483333333333334,63.0,13.483333333333334,28.061666666666667,28.061666666666667,295.4166666666667,65.0,259.25,54.0,12.233333333333334,11.716666666666669
2026-08-16 01:00:00,12.458333333333334,6.316666666666666,13.308333333333335,62.583333333333336,13.316666666666668,28.0625,28.0625,294.8333333333333,65.0,258.0833333333333,54.0,12.125,11.725
2026-08-16 02:00:00,12.233333333333334,6.05,13.15,62.0,13.15,28.0575,28.0575,294.0,65.0,257.0,54.0,12.1,11.708333333333334
2026-08-16 03:00:00,12.016666666666666,5.758333333333333,12.991666666666667,61.41666666666666,12.991666666666667,28.03833333333333,28.03833333333333,293.1666666666667,65.0,256.0833333333333,53.16666666666666,12.016666666666666,11.699999999999998
2026-08-16 04:00:00,11.783333333333331,5.458333333333333,12.8,60.833333333333336,12.8,28.025,28.025,293.0,65.0,255.0,53.0,11.966666666666669,11.691666666666665
2026-08-16 05:00:00,11.516666666666666,5.091666666666667,12.616666666666667,60.0,12.616666666666667,28.014166666666668,28.014166666666668,292.0,64.0,254.25,53.0,11.9,11.699999999999998
2026-08-16 06:00:00,11.333333333333334,4.908333333333333,12.466666666666669,60.0,12.466666666666669,28.019166666666667,28.019166666666667,292.0,64.0,253.8333333333333,52.833333333333336,11.808333333333335,11.675
2026-08-16 07:00:00,11.283333333333331,5.1,12.383333333333333,61.0,12.4,28.01333333333333,28.01333333333333,291.0833333333333,64.0,253.0,52.0,11.699999999999998,11.699999999999998
2026-08-16 08:00:00,11.316666666666668,5.225,12.408333333333331,61.5,12.408333333333331,28.02,28.02,291.0,64.0,252.8333333333333,52.0,11.691666666666665,11.616666666666667
2026-08-16 09:00:00,11.5,5.483333333333333,12.55,62.083333333333336,12.55,28.03,28.03,290.75,64.0,252.0,52.0,11.641666666666666,11.608333333333333
2026-08-16 10:00:00,11.85,5.866666666666667,12.791666666666666,62.833333333333336,12.8,28.03,28.03,290.0,64.0,251.75,52.0,11.6,11.583333333333334
2026-08-16 11:00:00,12.183333333333332,6.233333333333333,13.041666666666666,63.41666666666666,13.041666666666666,28.028333333333336,28.028333333333336,289.75,63.75,251.0,52.0,11.6,11.6
2026-08-16 12:00:00,12.416666666666666,6.6000000000000005,13.225,64.0,13.225,28.0125,28.0125,289.0833333333333,63.083333333333336,251.0,52.0,11.566666666666668,11.541666666666666
2026-08-16 13:00:00,12.658333333333331,6.7250000000000005,13.4,64.0,13.4,27.986666666666665,27.986666666666665,288.9166666666667,63.0,250.16666666666663,52.0,11.575,11.508333333333333
2026-08-16 14:00:00,12.891666666666667,6.916666666666667,13.6,64.0,13.6,27.96,27.96,288.0,63.0,249.5,51.5,11.608333333333333,11.491666666666667
2026-08-16 15:00:00,13.058333333333332,7.025,13.766666666666666,63.833333333333336,13.766666666666666,27.95083333333333,27.95083333333333,287.0833333333333,63.0,249.0,51.0,11.725,11.5
2026-08-16 16:00:00,13.199999999999998,7.15,13.883333333333333,63.75,13.891666666666667,27.95,27.95,286.0,63.0,248.5,51.0,11.800000000000002,11.433333333333332
2026-08-16 17:00:00,13.208333333333334,6.891666666666667,13.916666666666666,62.66666666666666,13.916666666666666,27.9525,27.9525,285.9166666666667,62.91666666666666,248.0,51.0,11.883333333333333,11.408333333333331
2026-08-16 18:00:00,13.05,6.875,13.775,63.0,13.775,27.960833333333337,27.960833333333337,285.1666666666667,62.16666666666666,247.25,51.0,11.983333333333334,11.483333333333334
2026-08-16 19:00:00,12.941666666666668,6.908333333333334,13.675,63.66666666666666,13.666666666666666,27.9675,27.9675,285.0,62.0,247.0,51.0,12.0,11.5
2026-08-16 20:00:00,12.866666666666667,6.875,13.566666666666668,64.0,13.566666666666668,27.968333333333334,27.968333333333334,285.0,62.0,247.0,51.0,12.025,11.5
2026-08-16 21:00:00,12.808333333333335,6.833333333333333,13.508333333333333,64.0,13.508333333333333,27.949166666666667,27.949166666666667,284.75,62.0,246.5833333333333,50.583333333333336,12.016666666666666,11.508333333333333
2026-08-16 22:00:00,12.65,6.716666666666666,13.391666666666667,64.0,13.391666666666667,27.9525,27.9525,284.25,62.0,245.91666666666663,50.083333333333336,12.041666666666666,11.533333333333331
2026-08-16 23:00:00,12.458333333333334,6.658333333333332,13.258333333333333,64.16666666666667,13.258333333333333,27.944166666666664,27.944166666666664,284.0,62.0,245.5,50.0,12.0,11.533333333333331
2026-08-17 00:00:00,12.375,6.558333333333334,13.175,64.0,13.175,27.92083333333333,27.92083333333333,284.0,62.0,245.0,50.0,12.0,11.566666666666668
2026-08-17 01:00:00,12.25,6.383333333333334,13.058333333333332,64.0,13.058333333333332,27.926666666666662,27.926666666666662,283.6666666666667,62.0,245.0,50.0,12.0,11.591666666666669
2026-08-17 02:00:00,12.166666666666666,6.3,12.991666666666667,64.0,12.991666666666667,27.9225,27.9225,283.0,62.0,245.0,50.0,12.0,11.6
2026-08-17 03:00:00,12.125,6.458333333333333,12.925,64.75,12.925,27.93166666666667,27.93166666666667,283.0,62.0,244.75,50.0,12.0,11.6
2026-08-17 04:00:00,12.041666666666666,6.583333333333333,12.816666666666668,65.66666666666667,12.841666666666669,27.938333333333333,27.938333333333333,283.0,62.0,245.5,50.16666666666666,11.933333333333332,11.6
2026-08-17 05:00:00,11.975,6.716666666666666,12.758333333333333,66.66666666666667,12.758333333333333,27.94333333333333,27.94333333333333,283.0,62.0,250.41666666666663,51.833333333333336,11.9,11.6
2026-08-17 06:00:00,11.916666666666666,6.675,12.691666666666665,66.91666666666667,12.691666666666665,27.974166666666665,27.974166666666665,283.25,62.0,251.91666666666663,52.083333333333336,11.9,11.591666666666669
2026-08-17 07:00:00,11.9,6.683333333333334,12.699999999999998,66.91666666666667,12.691666666666665,27.989166666666662,27.989166666666662,286.0833333333333,62.66666666666666,258.0,53.833333333333336,11.9,11.591666666666669
2026-08-17 08:00:00,11.958333333333334,6.7250000000000005,12.733333333333333,66.83333333333333,12.733333333333333,28.0,28.0,289.1666666666667,63.41666666666666,260.25,54.583333333333336,11.841666666666669,11.6
2026-08-17 09:00:00,12.341666666666669,6.95,13.05,66.58333333333333,13.05,28.015833333333333,28.015833333333333,291.0,64.0,261.0,55.0,11.800000000000002,11.583333333333334
2026-08-17 10:00:00,12.625,7.233333333333333,13.233333333333334,67.0,13.233333333333334,28.028333333333336,28.028333333333336,291.0,64.0,259.75,54.083333333333336,11.800000000000002,11.583333333333334
2026-08-17 11:00:00,12.791666666666666,7.399999999999999,13.391666666666667,67.0,13.391666666666667,28.025,28.025,290.3,64.0,258.5833333333333,54.0,11.791666666666666,11.558333333333332
2026-08-17 12:00:00,13.083333333333334,7.6,13.616666666666667,67.0,13.616666666666667,28.03,28.03,289.90909090909093,63.90909090909091,257.3333333333333,54.0,11.800000000000002,11.5
2026-08-17 13:00:00,13.333333333333334,7.975,13.825,67.83333333333333,13.833333333333334,28.02333333333333,28.02333333333333,289.5,63.5,256.5833333333333,53.583333333333336,11.858333333333334,11.566666666666668
2026-08-17 14:00:00,13.691666666666668,8.283333333333333,14.091666666666669,68.0,14.091666666666669,28.028333333333336,28.028333333333336,288.0,63.0,255.0833333333333,53.0,11.958333333333334,11.508333333333333
2026-08-17 15:00:00,14.041666666666666,8.691666666666666,14.333333333333334,68.83333333333333,14.35,28.03,28.03,288.0,63.0,254.0,53.0,12.083333333333334,11.525
2026-08-17 16:00:00,14.266666666666667,8.858333333333334,14.533333333333331,68.66666666666667,14.533333333333331,28.041666666666668,28.041666666666668,287.0,63.0,253.0833333333333,52.083333333333336,12.191666666666665,11.508333333333333
2026-08-17 17:00:00,14.4,8.991666666666667,14.608333333333333,68.91666666666667,14.6,28.058333333333334,28.058333333333334,286.0,63.0,252.16666666666663,52.0,12.291666666666666,11.558333333333332
2026-08-17 18:00:00,14.541666666666666,9.3,14.691666666666665,70.08333333333333,14.683333333333332,28.0875,28.0875,286.0,63.0,251.5,52.0,12.300000000000002,11.591666666666669
2026-08-17 19:00:00,14.433333333333332,9.25,14.6,70.25,14.6,28.11083333333333,28.11083333333333,285.6666666666667,62.66666666666666,251.0,52.0,12.375,11.591666666666669
2026-08-17 20:00:00,14.2,8.983333333333333,14.416666666666666,69.75,14.425,28.126666666666665,28.126666666666665,285.0,62.0,250.25,52.0,12.425,11.6
2026-08-17 21:00:00,13.858333333333334,8.549999999999999,14.175,68.91666666666667,14.175,28.135,28.135,285.0,62.0,250.0,52.0,12.483333333333334,11.65
2026-08-17 22:00:00,13.6,8.225,14.025,68.0,14.025,28.155,28.155,285.0,62.0,249.0,51.0,12.441666666666668,11.65
2026-08-17 23:00:00,13.425,7.958333333333333,13.916666666666666,67.16666666666667,13.916666666666666,28.17083333333333,28.17083333333333,284.0,62.0,249.0,51.0,12.4,11.633333333333333
2026-08-18 00:00:00,13.266666666666666,7.708333333333333,13.808333333333332,66.66666666666667,13.808333333333332,28.173333333333336,28.173333333333336,284.0,62.0,248.66666666666663,51.0,12.4,11.708333333333334
2026-08-18 01:00:00,13.033333333333331,7.400000000000001,13.641666666666666,66.0,13.633333333333333,28.17833333333333,28.17833333333333,284.0,62.0,248.0,51.0,12.391666666666667,11.716666666666669
2026-08-18 02:00:00,12.85,7.266666666666667,13.466666666666669,66.0,13.466666666666669,28.18583333333333,28.18583333333333,284.0,62.0,248.0,51.0,12.333333333333334,11.725
2026-08-18 03:00:00,12.65,7.125,13.333333333333334,65.91666666666667,13.333333333333334,28.188333333333333,28.188333333333333,283.4166666666667,62.0,248.0833333333333,51.0,12.300000000000002,11.791666666666666
2026-08-18 04:00:00,12.416666666666666,6.783333333333334,13.191666666666665,65.0,13.191666666666665,28.2,28.2,283.0,62.0,247.16666666666663,51.0,12.300000000000002,11.783333333333331
2026-08-18 05:00:00,12.15,6.425,12.958333333333334,64.41666666666667,12.958333333333334,28.1925,28.1925,283.0,62.0,247.0,51.0,12.225,11.758333333333333
2026-08-18 06:00:00,11.966666666666669,6.2250000000000005,12.833333333333334,64.0,12.841666666666669,28.1875,28.1875,283.0,62.0,247.0,51.0,12.175,11.733333333333334
2026-08-18 07:00:00,11.783333333333331,6.008333333333333,12.716666666666669,63.66666666666666,12.708333333333334,28.19,28.19,283.0,62.0,246.3333333333333,50.333333333333336,12.108333333333333,11.725
2026-08-18 08:00:00,12.391666666666666,6.25,13.25,62.5,13.25,28.20083333333333,28.20083333333333,282.75,62.0,246.0,50.0,12.041666666666666,11.758333333333333
2026-08-18 09:00:00,13.416666666666666,7.225,14.075,63.333333333333336,14.075,28.203333333333333,28.203333333333333,282.0833333333333,62.0,246.0,50.0,12.0,11.725
2026-08-18 10:00:00,15.058333333333332,8.641666666666667,15.358333333333334,64.16666666666667,15.358333333333334,28.195833333333336,28.195833333333336,282.0,62.0,245.5,50.0,11.925,11.758333333333333
2026-08-18 11:00:00,16.05,9.641666666666667,16.108333333333334,65.58333333333333,16.116666666666667,28.17333333333333,28.17333333333333,282.0,62.0,245.0,50.0,12.008333333333333,11.699999999999998
2026-08-18 12:00:00,16.358333333333334,9.641666666666667,16.366666666666667,64.41666666666667,16.366666666666667,28.151666666666667,28.151666666666667,281.25,61.25,245.0,50.0,12.091666666666669,11.699999999999998
2026-08-18 13:00:00,16.266666666666666,9.6,16.308333333333334,64.5,16.308333333333334,28.125833333333333,28.125833333333333,281.0,61.0,244.5833333333333,50.0,12.15,11.699999999999998
2026-08-18 14:00:00,16.816666666666666,9.583333333333334,16.891666666666666,62.0,16.891666666666666,28.10083333333333,28.10083333333333,281.0,61.0,244.0,50.0,12.25,11.699999999999998
2026-08-18 15:00:00,16.883333333333333,9.608333333333333,16.941666666666666,62.0,16.941666666666666,28.081666666666663,28.081666666666663,280.25,61.0,243.75,50.0,12.433333333333332,11.699999999999998
2026-08-18 16:00:00,16.9,9.4,17.016666666666666,60.833333333333336,17.016666666666666,28.079166666666666,28.079166666666666,280.0,61.0,243.0,50.0,12.525,11.699999999999998
2026-08-18 17:00:00,17.166666666666668,9.35,17.3,59.5,17.3,28.09083333333333,28.09083333333333,280.0,61.0,242.5,49.5,12.633333333333333,11.699999999999998
2026-08-18 18:00:00,17.033333333333335,9.241666666666667,17.208333333333332,59.41666666666666,17.191666666666666,28.10166666666667,28.10166666666667,279.3333333333333,61.0,242.0,49.0,12.691666666666665,11.699999999999998
2026-08-18 19:00:00,16.766666666666666,9.158333333333331,16.95,60.0,16.958333333333332,28.116666666666664,28.116666666666664,279.0,61.0,242.0,49.0,12.699999999999998,11.708333333333334
2026-08-18 20:00:00,16.325,8.666666666666666,16.625,59.333333333333336,16.625,28.12833333333333,28.12833333333333,279.0,61.0,241.16666666666663,49.0,12.783333333333331,11.800000000000002
2026-08-18 21:00:00,15.9,8.266666666666667,16.283333333333335,59.0,16.291666666666668,28.1325,28.1325,279.0,61.0,241.0,49.0,12.800000000000002,11.808333333333335
2026-08-18 22:00:00,15.591666666666669,8.216666666666667,16.0,60.0,16.0,28.135,28.135,279.0,61.0,241.0,49.0,12.800000000000002,11.85
2026-08-18 23:00:00,15.216666666666669,7.899999999999999,15.7,59.833333333333336,15.708333333333334,28.144166666666667,28.144166666666667,279.0,61.0,241.0,49.0,12.733333333333334,11.883333333333333
2026-08-19 00:00:00,14.908333333333331,7.524999999999999,15.5,58.91666666666666,15.5,28.14916666666667,28.14916666666667,278.5833333333333,60.583333333333336,240.66666666666663,49.0,12.699999999999998,11.9
2026-08-19 01:00:00,14.55,7.041666666666667,15.241666666666667,58.0,15.25,28.16,28.16,278.0,60.0,240.0,49.0,12.699999999999998,11.9
2026-08-19 02:00:00,14.241666666666667,6.575,15.041666666666666,56.833333333333336,15.033333333333331,28.151666666666667,28.151666666666667,278.0,60.0,240.0,49.0,12.633333333333333,11.958333333333334
2026-08-19 03:00:00,13.916666666666666,6.125,14.816666666666668,56.0,14.816666666666668,28.1475,28.1475,278.0,60.0,240.0,49.0,12.6,11.991666666666667
2026-08-19 04:00:00,13.641666666666666,5.9,14.583333333333334,56.0,14.583333333333334,28.174166666666668,28.174166666666668,278.0,60.0,240.0,49.0,12.533333333333331,11.991666666666667
2026-08-19 05:00:00,13.391666666666667,5.566666666666666,14.375,55.41666666666666,14.375,28.195000000000004,28.195000000000004,278.0,60.0,240.0,49.0,12.5,11.958333333333334
2026-08-19 06:00:00,13.125,5.291666666666667,14.191666666666668,55.0,14.191666666666668,28.2225,28.2225,278.0,60.0,239.16666666666663,49.0,12.416666666666666,11.925
2026-08-19 07:00:00,12.891666666666667,5.125,14.008333333333333,55.0,14.008333333333333,28.250833333333333,28.250833333333333,277.1666666666667,60.0,239.0,49.0,12.358333333333334,11.916666666666666
2026-08-19 08:00:00,13.558333333333332,5.366666666666667,14.625,53.75,14.625,28.261666666666667,28.261666666666667,277.0,60.0,239.0,49.0,12.300000000000002,11.966666666666669
2026-08-19 09:00:00,14.641666666666666,6.208333333333333,15.525,53.833333333333336,15.525,28.281666666666663,28.281666666666663,277.0,60.0,239.0,49.0,12.233333333333334,11.916666666666666
2026-08-19 10:00:00,15.3,6.75,16.058333333333334,54.0,16.05,28.285,28.285,277.0,60.0,239.0,49.0,12.208333333333334,11.9
2026-08-19 11:00:00,15.716666666666669,7.158333333333334,16.366666666666667,54.5,16.366666666666667,28.266666666666666,28.266666666666666,277.0,60.0,239.0,49.0,12.233333333333334,11.908333333333331
2026-08-19 12:00:00,16.533333333333335,8.516666666666667,16.849999999999998,58.0,16.849999999999998,28.26333333333333,28.26333333333333,276.25,60.0,238.5,48.5,12.300000000000002,11.883333333333333
2026-08-19 13:00:00,16.733333333333334,8.841666666666667,16.966666666666665,58.91666666666666,16.966666666666665,28.25583333333333,28.25583333333333,276.0,60.0,238.25,48.25,12.375,11.883333333333333
2026-08-19 14:00:00,17.108333333333334,9.2,17.283333333333335,59.0,17.283333333333335,28.245,28.245,276.0,60.0,237.91666666666663,48.0,12.475,11.9
2026-08-19 15:00:00,18.05,10.016666666666667,18.008333333333333,59.66666666666666,18.008333333333333,28.23583333333333,28.23583333333333,275.9166666666667,60.0,237.1818181818182,48.0,12.625,11.9
2026-08-19 16:00:00,18.45833333333333,10.691666666666668,18.241666666666667,61.333333333333336,18.25,28.23333333333333,28.23333333333333,275.0,60.0,237.0,48.0,12.766666666666666,11.875
2026-08-19 17:00:00,18.175,10.433333333333334,17.991666666666667,61.25,17.991666666666667,28.239166666666662,28.239166666666662,275.0,60.0,236.8333333333333,48.0,12.9,11.85
2026-08-19 18:00:00,17.900000000000002,10.2,17.8,61.0,17.8,28.246666666666663,28.246666666666663,275.0,60.0,236.0,48.0,12.95,11.9
2026-08-19 19:00:00,17.583333333333332,10.116666666666664,17.533333333333335,61.75,17.533333333333335,28.258333333333336,28.258333333333336,275.0,60.0,236.0,48.0,13.0,11.916666666666666
2026-08-19 20:00:00,17.216666666666665,9.875,17.208333333333332,62.0,17.208333333333332,28.264166666666668,28.264166666666668,275.0,60.0,236.0,48.0,13.0,11.933333333333332
2026-08-19 21:00:00,16.849999999999998,9.633333333333333,16.941666666666666,62.0,16.941666666666666,28.26333333333333,28.26333333333333,275.0,60.0,235.9090909090909,47.90909090909091,13.0,12.0
2026-08-19 22:00:00,16.599999999999998,9.425,16.724999999999998,62.0,16.724999999999998,28.258333333333336,28.258333333333336,275.0,60.0,235.2,47.2,13.008333333333333,12.0
2026-08-19 23:00:00,16.275000000000002,9.158333333333331,16.45,62.0,16.45,28.264166666666668,28.264166666666668,275.0,60.0,235.0,47.0,13.0,12.091666666666669
2026-08-20 00:00:00,15.958333333333334,8.799999999999999,16.233333333333334,61.25,16.233333333333334,28.2675,28.2675,274.9166666666667,59.91666666666666,235.0,47.0,12.983333333333334,12.058333333333332
2026-08-20 01:00:00,15.725,8.541666666666666,16.058333333333334,61.0,16.041666666666668,28.251666666666665,28.251666666666665,274.1666666666667,59.16666666666666,235.0,47.0,12.9,12.058333333333332
2026-08-20 02:00:00,15.458333333333334,8.258333333333333,15.858333333333334,60.5,15.858333333333334,28.2375,28.2375,274.0,59.0,235.0,47.0,12.883333333333333,12.1
2026-08-20 03:00:00,15.15,7.899999999999999,15.641666666666666,60.0,15.641666666666666,28.221666666666664,28.221666666666664,274.0,59.0,234.9090909090909,47.0,12.800000000000002,12.1
2026-08-20 04:00:00,14.85,7.55,15.416666666666666,59.41666666666666,15.425,28.22,28.22,274.0,59.0,234.3333333333333,47.0,12.791666666666666,12.1
2026-08-20 05:00:00,14.633333333333333,7.25,15.266666666666666,58.833333333333336,15.266666666666666,28.219166666666663,28.219166666666663,274.0,59.0,234.4,47.0,12.699999999999998,12.116666666666667
2026-08-20 06:00:00,14.341666666666669,6.8500000000000005,15.058333333333332,58.0,15.05,28.21166666666667,28.21166666666667,274.0,59.0,234.41666666666663,47.0,12.658333333333331,12.125
2026-08-20 07:00:00,14.058333333333332,6.675,14.85,58.0,14.858333333333334,28.206666666666667,28.206666666666667,274.0,59.0,234.3333333333333,47.0,12.6,12.108333333333333
2026-08-20 08:00:00,14.608333333333334,6.8500000000000005,15.35,56.75,15.35,28.21166666666667,28.21166666666667,274.0,59.0,234.16666666666663,47.0,12.516666666666666,12.091666666666669
2026-08-20 09:00:00,15.766666666666666,7.649999999999999,16.325,56.41666666666666,16.316666666666666,28.21,28.21,273.25,59.0,234.0,47.0,12.458333333333334,12.1
2026-08-20 10:00:00,16.483333333333334,8.316666666666666,16.875,57.0,16.875,28.2075,28.2075,273.0,59.0,234.0,47.0,12.416666666666666,12.091666666666669
2026-08-20 11:00:00,16.866666666666664,8.566666666666666,17.166666666666668,57.0,17.166666666666668,28.189166666666665,28.189166666666665,273.0,59.0,234.0,47.0,12.483333333333334,12.075
2026-08-20 12:00:00,17.083333333333332,8.941666666666666,17.308333333333334,58.0,17.308333333333334,28.1725,28.1725,273.0,59.0,233.63636363636363,47.0,12.5,12.091666666666669
2026-08-20 13:00:00,17.391666666666666,9.358333333333333,17.516666666666666,58.66666666666666,17.516666666666666,28.151666666666667,28.151666666666667,273.0,59.0,233.22222222222223,47.0,12.6,12.091666666666669
2026-08-20 14:00:00,17.658333333333335,9.633333333333333,17.733333333333334,59.0,17.733333333333334,28.136666666666667,28.136666666666667,272.4166666666667,59.0,233.0,47.0,12.708333333333334,12.075
2026-08-20 15:00:00,17.875,9.958333333333334,17.85833333333333,59.66666666666666,17.875,28.14,28.14,272.0,59.0,233.0,47.0,12.85,12.033333333333331
2026-08-20 16:00:00,17.9,10.008333333333333,17.9,59.66666666666666,17.9,28.136666666666667,28.136666666666667,272.0,59.0,232.16666666666663,47.0,12.975,12.033333333333331
2026-08-20 17:00:00,17.85833333333333,9.5,17.933333333333334,57.66666666666666,17.933333333333334,28.140833333333333,28.140833333333333,272.0,59.0,232.0,47.0,13.05,12.075
2026-08-20 18:00:00,17.650000000000002,8.799999999999999,17.9,55.333333333333336,17.9,28.156666666666663,28.156666666666663,272.0,59.0,231.25,46.25,13.108333333333333,12.1
2026-08-20 19:00:00,17.341666666666665,8.0,17.8,52.66666666666666,17.8,28.176666666666662,28.176666666666662,272.0,59.0,231.0,46.0,13.191666666666665,12.1
2026-08-20 20:00:00,17.09166666666667,7.733333333333333,17.616666666666667,52.41666666666666,17.608333333333334,28.184166666666663,28.184166666666663,271.5833333333333,59.0,231.0,46.0,13.199999999999998,12.116666666666667
2026-08-20 21:00:00,16.825,7.741666666666667,17.333333333333332,53.333333333333336,17.349999999999998,28.1875,28.1875,271.1666666666667,59.0,231.0,46.0,13.199999999999998,12.199999999999998
2026-08-20 22:00:00,16.691666666666666,7.941666666666666,17.191666666666666,54.583333333333336,17.175,28.176666666666662,28.176666666666662,271.0,59.0,231.0,46.0,13.199999999999998,12.208333333333334
2026-08-20 23:00:00,16.349999999999998,7.766666666666667,16.849999999999998,55.0,16.858333333333334,28.176666666666662,28.176666666666662,271.0,59.0,230.66666666666663,46.0,13.183333333333332,12.258333333333333
2026-08-21 00:00:00,16.166666666666668,7.708333333333333,16.708333333333332,55.25,16.716666666666665,28.165000000000003,28.165000000000003,271.0,59.0,230.16666666666663,46.0,13.108333333333333,12.216666666666669
2026-08-21 01:00:00,15.883333333333333,7.433333333333334,16.483333333333334,55.0,16.483333333333334,28.16416666666667,28.16416666666667,271.0,59.0,230.25,46.0,13.066666666666668,12.233333333333334
2026-08-21 02:00:00,15.716666666666669,7.291666666666667,16.316666666666666,55.0,16.333333333333332,28.1575,28.1575,271.0,59.0,230.16666666666663,46.0,13.0,12.241666666666667
2026-08-21 03:00:00,15.433333333333332,7.083333333333333,16.108333333333334,55.0,16.09166666666667,28.145,28.145,271.0,59.0,230.16666666666663,46.0,13.0,12.300000000000002
2026-08-21 04:00:00,15.15,6.841666666666666,15.858333333333334,55.0,15.866666666666667,28.15083333333333,28.15083333333333,271.0,59.0,229.66666666666663,46.0,12.916666666666666,12.291666666666666
2026-08-21 05:00:00,14.841666666666669,6.583333333333333,15.658333333333331,54.833333333333336,15.65,28.14833333333333,28.14833333333333,271.0,59.0,230.0833333333333,46.0,12.883333333333333,12.275
2026-08-21 06:00:00,14.55,6.216666666666666,15.433333333333332,54.083333333333336,15.433333333333332,28.1425,28.1425,271.0,59.0,229.8333333333333,46.0,12.800000000000002,12.266666666666666
2026-08-21 07:00:00,14.291666666666666,5.9,15.216666666666669,53.833333333333336,15.216666666666669,28.1525,28.1525,271.0,59.0,229.75,46.0,12.708333333333334,12.225
2026-08-21 08:00:00,14.95,6.108333333333333,15.841666666666669,52.41666666666666,15.85,28.145,28.145,271.0,59.0,229.66666666666663,46.0,12.641666666666666,12.275
2026-08-21 09:00:00,16.158333333333335,6.775,16.916666666666668,51.25,16.916666666666668,28.139166666666668,28.139166666666668,270.4166666666667,58.41666666666666,229.66666666666663,46.0,12.591666666666669,12.25
2026-08-21 10:00:00,16.758333333333333,7.208333333333333,17.408333333333335,51.0,17.425,28.135,28.135,270.0,58.0,229.0,46.0,12.566666666666668,12.216666666666669
2026-08-21 11:00:00,17.283333333333335,7.783333333333334,17.8,51.91666666666666,17.8,28.118333333333336,28.118333333333336,270.0,58.0,229.0,46.0,12.6,12.199999999999998
2026-08-21 12:00:00,17.5,7.941666666666666,17.941666666666666,52.0,17.941666666666666,28.098333333333333,28.098333333333333,270.0,58.0,229.0,46.0,12.625,12.166666666666666
2026-08-21 13:00:00,17.691666666666666,8.166666666666666,18.1,52.25,18.1,28.078333333333333,28.078333333333333,269.8333333333333,58.0,229.0,46.0,12.733333333333334,12.199999999999998
2026-08-21 14:00:00,18.1,8.766666666666667,18.383333333333333,53.5,18.383333333333333,28.0675,28.0675,269.0,58.0,228.91666666666663,45.91666666666666,12.85,12.183333333333332
2026-08-21 15:00:00,18.5,9.125,18.691666666666663,53.66666666666666,18.683333333333334,28.0575,28.0575,269.0,58.0,228.0,45.0,13.0,12.15
2026-08-21 16:00:00,18.625,9.016666666666667,18.8,53.0,18.808333333333334,28.06,28.06,269.0,58.0,228.0,45.0,13.133333333333333,12.158333333333331
2026-08-21 17:00:00,18.60833333333333,8.75,18.9,51.75,18.9,28.061666666666667,28.061666666666667,269.0,58.0,227.0833333333333,45.0,13.275,12.199999999999998
2026-08-21 18:00:00,18.625,8.583333333333334,18.941666666666663,50.833333333333336,18.941666666666663,28.07,28.07,269.0,58.0,227.0,45.0,13.383333333333333,12.208333333333334
2026-08-21 19:00:00,18.35,8.008333333333333,18.808333333333334,49.333333333333336,18.825,28.079166666666666,28.079166666666666,268.4166666666667,58.0,227.0,45.0,13.491666666666667,12.225
2026-08-21 20:00:00,18.066666666666663,7.466666666666666,18.675,48.0,18.666666666666668,28.08083333333333,28.08083333333333,268.0,58.0,226.41666666666663,45.0,13.525,12.300000000000002
2026-08-21 21:00:00,17.95,7.608333333333333,18.516666666666666,49.0,18.516666666666666,28.08,28.08,268.0,58.0,226.0,45.0,13.508333333333333,12.316666666666668
2026-08-21 22:00:00,17.64166666666667,7.375,18.266666666666666,49.0,18.266666666666666,28.08833333333333,28.08833333333333,268.4166666666667,58.0,226.0,45.0,13.5,12.308333333333335
2026-08-21 23:00:00,17.366666666666667,7.158333333333332,18.025,49.0,18.025,28.08,28.08,268.0,58.0,226.0,45.0,13.5,12.391666666666667
2026-08-22 00:00:00,17.083333333333332,6.941666666666666,17.783333333333335,49.0,17.791666666666668,28.08,28.08,268.1666666666667,58.0,226.0,45.0,13.5,12.4
2026-08-22 01:00:00,16.825,6.775,17.616666666666667,49.0,17.608333333333334,28.0675,28.0675,268.0,58.0,226.0,45.0,13.4,12.475
2026-08-22 02:00:00,16.525000000000002,6.466666666666666,17.316666666666666,48.91666666666666,17.316666666666666,28.058333333333334,28.058333333333334,268.0,58.0,225.16666666666663,45.0,13.4,12.483333333333334
2026-08-22 03:00:00,16.216666666666665,6.033333333333334,17.133333333333333,48.0,17.125,28.0475,28.0475,268.0,58.0,225.3333333333333,45.0,13.358333333333334,12.483333333333334
2026-08-22 04:00:00,16.0,5.866666666666667,16.958333333333332,48.0,16.958333333333332,28.028333333333336,28.028333333333336,268.0,58.0,225.5,45.0,13.358333333333334,12.475
2026-08-22 05:00:00,15.808333333333335,5.7,16.791666666666668,48.0,16.791666666666668,28.02416666666667,28.02416666666667,268.0,58.0,225.16666666666663,45.0,13.275,12.533333333333331
2026-08-22 06:00:00,15.666666666666666,5.633333333333333,16.666666666666668,48.0,16.666666666666668,28.02,28.02,267.9166666666667,57.91666666666666,225.16666666666663,45.0,13.208333333333334,12.525
2026-08-22 07:00:00,15.583333333333334,5.558333333333334,16.59166666666667,48.0,16.59166666666667,28.028333333333336,28.028333333333336,267.25,57.25,225.16666666666663,44.91666666666666,13.116666666666667,12.541666666666666
2026-08-22 08:00:00,15.891666666666666,5.7,16.866666666666667,47.583333333333336,16.875,28.03333333333333,28.03333333333333,267.0,57.0,224.91666666666663,44.91666666666666,13.116666666666667,12.516666666666666
2026-08-22 09:00:00,16.983333333333334,6.383333333333333,17.825,47.0,17.825,28.0425,28.0425,267.0,57.0,225.0,45.0,13.083333333333334,12.516666666666666
2026-08-22 10:00:00,17.51666666666667,6.733333333333333,18.23333333333333,47.0,18.23333333333333,28.040000000000003,28.040000000000003,267.0,57.0,224.8333333333333,44.833333333333336,13.025,12.525
2026-08-22 11:00:00,17.691666666666666,7.158333333333334,18.35833333333333,48.0,18.35833333333333,28.030833333333334,28.030833333333334,267.0,57.0,224.0,44.0,13.1,12.5
2026-08-22 12:00:00,17.933333333333334,7.216666666666666,18.59166666666667,47.41666666666666,18.59166666666667,28.011666666666667,28.011666666666667,266.6666666666667,57.0,224.0,44.0,13.158333333333331,12.5
2026-08-22 13:00:00,18.25,7.616666666666667,18.816666666666663,48.083333333333336,18.816666666666663,27.988333333333333,27.988333333333333,266.0,57.0,224.0,44.0,13.283333333333331,12.5
2026-08-22 14:00:00,18.683333333333334,8.158333333333333,19.10833333333333,49.0,19.1,27.9725,27.9725,266.0,57.0,223.25,44.0,13.416666666666666,12.458333333333334
2026-08-22 15:00:00,18.95833333333333,8.341666666666667,19.325,49.0,19.325,27.9675,27.9675,266.0,57.0,223.0,44.0,13.583333333333334,12.5
2026-08-22 16:00:00,19.191666666666663,8.458333333333334,19.53333333333333,48.75,19.53333333333333,27.975,27.975,265.8333333333333,57.0,222.25,44.0,13.75,12.558333333333332
2026-08-22 17:00:00,19.125,8.058333333333334,19.6,47.16666666666666,19.6,27.985,27.985,265.0,57.0,222.0,44.0,13.9,12.6
2026-08-22 18:00:00,19.1,7.808333333333334,19.6,46.333333333333336,19.6,27.996666666666663,27.996666666666663,265.0,57.0,221.5833333333333,44.0,14.0,12.566666666666668
2026-08-22 19:00:00,18.991666666666667,7.566666666666666,19.566666666666663,45.75,19.566666666666663,28.007500000000004,28.007500000000004,265.0,57.0,221.0,44.0,14.083333333333334,12.608333333333333
2026-08-22 20:00:00,18.808333333333334,7.291666666666667,19.48333333333333,45.083333333333336,19.48333333333333,28.019166666666667,28.019166666666667,265.0,57.0,221.0,44.0,14.1,12.675
2026-08-22 21:00:00,18.675,6.8,19.4,44.0,19.4,28.026666666666667,28.026666666666667,265.0,57.0,221.0,44.0,14.175,12.699999999999998
2026-08-22 22:00:00,18.566666666666663,6.8500000000000005,19.28333333333333,44.333333333333336,19.291666666666668,28.02,28.02,265.0,57.0,220.66666666666663,43.66666666666666,14.199999999999998,12.75
2026-08-22 23:00:00,18.433333333333334,6.95,19.141666666666666,45.0,19.141666666666666,28.02083333333333,28.02083333333333,265.0,57.0,220.0,43.0,14.175,12.816666666666668
2026-08-23 00:00:00,18.10833333333333,6.741666666666667,18.866666666666667,45.16666666666666,18.883333333333333,28.021666666666665,28.021666666666665,265.0,57.0,220.0,43.0,14.108333333333333,12.85
2026-08-23 01:00:00,17.825,6.758333333333333,18.6,46.0,18.6,28.015833333333333,28.015833333333333,265.0,57.0,220.0,43.083333333333336,14.1,12.841666666666669
2026-08-23 02:00:00,17.55,6.525,18.33333333333333,46.0,18.341666666666665,28.02,28.02,264.5,57.0,220.0833333333333,43.16666666666666,14.1,12.9
2026-08-23 03:00:00,17.3,6.341666666666668,18.133333333333333,46.0,18.133333333333333,28.019166666666667,28.019166666666667,264.25,57.0,219.8333333333333,43.083333333333336,14.008333333333333,12.916666666666666
2026-08-23 04:00:00,17.008333333333333,6.125,17.908333333333335,46.0,17.908333333333335,28.014166666666668,28.014166666666668,264.0,57.0,219.5833333333333,43.0,13.975,12.958333333333334
2026-08-23 05:00:00,16.775000000000002,5.9750000000000005,17.683333333333334,46.16666666666666,17.683333333333334,28.019166666666667,28.019166666666667,264.0,57.0,219.41666666666663,43.0,13.9,12.983333333333334
2026-08-23 06:00:00,16.608333333333334,5.8500000000000005,17.508333333333333,46.16666666666666,17.508333333333333,28.0225,28.0225,264.0,57.0,219.5,43.0,13.808333333333335,12.966666666666669
2026-08-23 07:00:00,16.441666666666666,5.708333333333333,17.425,46.0,17.425,28.025,28.025,264.0,57.0,219.3333333333333,43.0,13.766666666666666,12.966666666666669
2026-08-23 08:00:00,17.075,5.983333333333333,17.991666666666667,45.333333333333336,17.991666666666667,28.040000000000003,28.040000000000003,264.0,57.0,219.3333333333333,43.0,13.683333333333332,12.975
2026-08-23 09:00:00,18.15,6.7250000000000005,18.9,45.0,18.9,28.050833333333333,28.050833333333333,264.0,57.0,219.0833333333333,43.0,13.633333333333333,12.925
2026-08-23 10:00:00,18.725,7.175,19.40833333333333,45.0,19.416666666666668,28.051666666666662,28.051666666666662,263.5,56.5,219.0,43.0,13.6,12.975
2026-08-23 11:00:00,19.066666666666663,7.383333333333333,19.666666666666668,45.0,19.666666666666668,28.041666666666668,28.041666666666668,263.0,56.0,219.0,43.0,13.6,12.975
2026-08-23 12:00:00,19.275,7.741666666666667,19.78333333333333,45.75,19.78333333333333,28.015833333333333,28.015833333333333,263.0,56.0,219.0,43.0,13.666666666666666,12.991666666666667
2026-08-23 13:00:00,19.566666666666663,8.433333333333334,19.933333333333334,47.5,19.933333333333334,28.00916666666667,28.00916666666667,263.0,56.0,218.66666666666663,43.0,13.75,12.908333333333331
2026-08-23 14:00:00,19.85833333333333,9.158333333333331,20.03333333333333,49.583333333333336,20.03333333333333,28.01833333333333,28.01833333333333,263.0,56.0,218.0,43.0,13.841666666666669,12.9
2026-08-23 15:00:00,20.08333333333333,9.7,20.125,51.0,20.1,28.0225,28.0225,262.5,56.0,218.0,43.0,13.966666666666669,12.9
2026-08-23 16:00:00,20.225,10.033333333333331,20.191666666666663,52.0,20.175,28.021666666666665,28.021666666666665,262.0,56.0,217.41666666666663,42.41666666666666,14.083333333333334,12.941666666666668
2026-08-23 17:00:00,20.116666666666667,9.958333333333334,20.116666666666667,52.0,20.10833333333333,28.02416666666667,28.02416666666667,262.0,56.0,217.0,42.0,14.1,12.958333333333334
2026-08-23 18:00:00,20.016666666666666,9.941666666666666,20.016666666666666,52.333333333333336,20.016666666666666,28.0325,28.0325,262.0,56.0,217.0,42.0,14.199999999999998,12.933333333333332
2026-08-23 19:00:00,19.808333333333334,9.933333333333334,19.8,53.0,19.8,28.02916666666667,28.02916666666667,262.0,56.0,217.0,42.0,14.199999999999998,13.0
2026-08-23 20:00:00,19.575,9.766666666666667,19.6,53.0,19.6,28.0275,28.0275,262.0,56.0,216.91666666666663,42.0,14.199999999999998,13.0
2026-08-23 21:00:00,19.325,9.6,19.40833333333333,53.0,19.416666666666668,28.02583333333333,28.02583333333333,262.0,56.0,216.41666666666663,42.0,14.199999999999998,13.075
2026-08-23 22:00:00,19.14166666666667,9.441666666666666,19.241666666666667,53.0,19.241666666666667,28.021666666666665,28.021666666666665,262.0,56.0,216.5833333333333,42.0,14.199999999999998,13.008333333333333
2026-08-23 23:00:00,18.875,9.333333333333334,19.025,53.41666666666666,19.025,28.02083333333333,28.02083333333333,262.0,56.0,216.0,42.0,14.191666666666665,13.075
2026-08-24 00:00:00,18.766666666666666,9.358333333333334,18.883333333333333,53.91666666666666,18.883333333333333,28.02583333333333,28.02583333333333,262.0,56.0,216.0833333333333,42.0,14.108333333333333,13.1
2026-08-24 01:00:00,18.5,9.158333333333331,18.65833333333333,54.0,18.65,28.035,28.035,262.0,56.0,215.8333333333333,42.0,14.1,13.1
2026-08-24 02:00:00,18.15833333333333,8.9,18.375,54.0,18.383333333333333,28.043333333333333,28.043333333333333,262.0,56.0,215.91666666666663,42.0,14.083333333333334,13.1
2026-08-24 03:00:00,17.841666666666665,8.691666666666666,18.141666666666666,54.0,18.141666666666666,28.05666666666667,28.05666666666667,261.8333333333333,56.0,215.66666666666663,42.0,14.0,13.141666666666666
2026-08-24 04:00:00,17.691666666666666,8.708333333333334,17.991666666666667,54.583333333333336,17.991666666666667,28.078333333333333,28.078333333333333,261.8333333333333,56.0,215.91666666666663,42.0,13.966666666666669,13.125
2026-08-24 05:00:00,17.691666666666666,8.958333333333334,17.90833333333333,55.91666666666666,17.90833333333333,28.09166666666667,28.09166666666667,261.6666666666667,56.0,215.91666666666663,42.0,13.9,13.108333333333333
2026-08-24 06:00:00,17.608333333333334,8.941666666666666,17.833333333333332,56.0,17.841666666666665,28.076666666666664,28.076666666666664,261.0833333333333,56.0,215.75,42.0,13.833333333333334,13.1
2026-08-24 07:00:00,17.483333333333334,8.950000000000001,17.708333333333332,56.5,17.708333333333332,28.08,28.08,261.0,56.0,215.8333333333333,42.0,13.800000000000002,13.1
2026-08-24 08:00:00,17.474999999999998,9.033333333333331,17.683333333333334,57.0,17.675,28.0975,28.0975,261.0,56.0,215.5,42.0,13.791666666666666,13.1
2026-08-24 09:00:00,17.516666666666666,8.9,17.758333333333333,56.16666666666666,17.75,28.089166666666667,28.089166666666667,261.0,56.0,215.41666666666663,42.0,13.708333333333334,13.116666666666667
2026-08-24 10:00:00,17.64166666666667,8.950000000000001,17.841666666666665,56.0,17.849999999999998,28.099166666666665,28.099166666666665,261.0,56.0,215.5,42.0,13.699999999999998,13.091666666666669
2026-08-24 11:00:00,17.8,9.091666666666669,18.0,56.0,18.0,28.100000000000005,28.100000000000005,261.0,56.0,215.16666666666663,42.0,13.708333333333334,13.1
2026-08-24 12:00:00,17.991666666666667,9.025,18.191666666666663,55.16666666666666,18.191666666666663,28.093333333333334,28.093333333333334,261.0,56.0,215.5,42.0,13.725,13.1
2026-08-24 13:00:00,18.1,9.375,18.2,56.25,18.2,28.1075,28.1075,261.0,56.0,215.0,42.0,13.758333333333333,13.091666666666669
2026-08-24 14:00:00,18.191666666666663,9.575,18.275,56.66666666666666,18.275,28.08833333333333,28.08833333333333,260.5833333333333,55.583333333333336,215.0,42.0,13.75,13.1
2026-08-24 15:00:00,18.2,9.658333333333331,18.291666666666668,57.0,18.291666666666668,28.084166666666665,28.084166666666665,260.0,55.0,215.0,42.0,13.766666666666666,13.1
2026-08-24 16:00:00,18.15833333333333,9.725,18.175,57.75,18.175,28.102500000000003,28.102500000000003,260.0,55.0,215.0,42.0,13.75,13.066666666666668
2026-08-24 17:00:00,17.90833333333333,9.616666666666664,17.958333333333332,58.083333333333336,17.966666666666665,28.11083333333333,28.11083333333333,260.0,55.0,214.75,42.0,13.800000000000002,13.083333333333334
2026-08-24 18:00:00,17.841666666666665,9.683333333333332,17.866666666666667,58.583333333333336,17.875,28.102500000000003,28.102500000000003,260.0,55.0,214.66666666666663,42.0,13.800000000000002,13.058333333333332
2026-08-24 19:00:00,17.733333333333334,9.65,17.775000000000002,59.0,17.783333333333335,28.098333333333333,28.098333333333333,260.0,55.0,214.5,42.0,13.800000000000002,13.083333333333334
2026-08-24 20:00:00,17.575,9.566666666666666,17.658333333333335,59.0,17.658333333333335,28.105,28.105,260.0,55.0,214.5,42.0,13.800000000000002,13.1
2026-08-24 21:00:00,17.466666666666665,9.575,17.55,59.5,17.541666666666668,28.10166666666667,28.10166666666667,260.0,55.0,214.5833333333333,42.0,13.791666666666666,13.116666666666667
2026-08-24 22:00:00,17.383333333333333,9.466666666666669,17.474999999999998,59.41666666666666,17.474999999999998,28.098333333333333,28.098333333333333,260.0,55.0,214.16666666666663,42.0,13.758333333333333,13.116666666666667
2026-08-24 23:00:00,17.241666666666667,9.325,17.349999999999998,59.16666666666666,17.358333333333334,28.11,28.11,260.0,55.0,214.25,42.0,13.708333333333334,13.158333333333331
2026-08-25 00:00:00,17.116666666666667,9.216666666666669,17.283333333333335,59.0,17.3,28.093333333333334,28.093333333333334,260.0,55.0,214.0,42.0,13.716666666666669,13.158333333333331
2026-08-25 01:00:00,16.95,8.916666666666666,17.191666666666666,58.25,17.175,28.10083333333333,28.10083333333333,259.9166666666667,55.0,214.0833333333333,42.0,13.708333333333334,13.116666666666667
2026-08-25 02:00:00,16.866666666666664,8.8,17.116666666666667,58.0,17.116666666666667,28.079166666666666,28.079166666666666,259.25,55.0,214.0833333333333,42.0,13.699999999999998,13.133333333333333
2026-08-25 03:00:00,16.783333333333335,8.733333333333333,17.058333333333334,58.0,17.058333333333334,28.061666666666667,28.061666666666667,259.0833333333333,55.0,213.75,41.75,13.699999999999998,13.141666666666666
2026-08-25 04:00:00,16.758333333333333,8.666666666666666,17.033333333333335,57.833333333333336,17.033333333333335,28.055,28.055,259.0,55.0,213.66666666666663,41.66666666666666,13.708333333333334,13.1
2026-08-25 05:00:00,16.716666666666665,8.341666666666667,17.1,56.25,17.1,28.043333333333333,28.043333333333333,259.0,55.0,213.3333333333333,41.333333333333336,13.716666666666669,13.158333333333331
2026-08-25 06:00:00,16.625,8.058333333333334,17.1,55.16666666666666,17.1,28.031666666666663,28.031666666666663,259.0,55.0,213.66666666666663,41.66666666666666,13.741666666666667,13.183333333333332
2026-08-25 07:00:00,16.55,7.725,17.09166666666667,54.083333333333336,17.09166666666667,28.02416666666667,28.02416666666667,259.0,55.0,213.25,41.16666666666666,13.725,13.15
2026-08-25 08:00:00,16.55,7.316666666666666,17.175,52.333333333333336,17.166666666666668,28.06833333333333,28.06833333333333,259.0,55.0,213.41666666666663,41.41666666666666,13.716666666666669,13.1
2026-08-25 09:00:00,16.508333333333333,7.0,17.208333333333332,51.0,17.208333333333332,28.1075,28.1075,259.0,55.0,213.0,41.0,13.741666666666667,13.1
2026-08-25 10:00:00,16.59166666666667,7.083333333333333,17.291666666666668,51.0,17.291666666666668,28.094166666666663,28.094166666666663,259.0,55.0,213.0,41.0,13.800000000000002,13.108333333333333
2026-08-25 11:00:00,16.966666666666665,7.683333333333334,17.508333333333333,52.5,17.508333333333333,28.040000000000003,28.040000000000003,258.5,55.0,213.0,41.0,13.800000000000002,13.116666666666667
2026-08-25 12:00:00,17.416666666666668,8.674999999999999,17.716666666666665,55.25,17.716666666666665,28.00333333333333,28.00333333333333,258.0,55.0,213.0,41.0,13.825,13.133333333333333
2026-08-25 13:00:00,17.4,8.6,17.7,55.0,17.7,27.995833333333334,27.995833333333334,258.0,55.0,213.0,41.0,13.9,13.15
2026-08-25 14:00:00,18.066666666666663,9.4,18.175,56.41666666666666,18.175,27.975,27.975,258.0,55.0,212.5,41.0,13.958333333333334,13.158333333333331
2026-08-25 15:00:00,18.191666666666663,9.6,18.241666666666667,56.91666666666666,18.241666666666667,27.976666666666663,27.976666666666663,258.0,55.0,212.0,41.0,14.0,13.133333333333333
2026-08-25 16:00:00,17.974999999999998,9.225,18.15,56.0,18.14166666666667,27.97833333333333,27.97833333333333,258.0,55.0,212.0,41.0,14.05,13.166666666666666
2026-08-25 17:00:00,17.841666666666665,9.133333333333333,18.041666666666668,56.0,18.041666666666668,27.981666666666666,27.981666666666666,258.0,55.0,212.0,41.0,14.1,13.199999999999998
2026-08-25 18:00:00,17.733333333333334,9.258333333333336,17.925,56.833333333333336,17.925,27.97833333333333,27.97833333333333,257.8333333333333,55.0,211.91666666666663,41.0,14.1,13.199999999999998
2026-08-25 19:00:00,17.608333333333334,9.333333333333334,17.75,57.91666666666666,17.741666666666667,27.9875,27.9875,257.0833333333333,55.0,211.66666666666663,41.0,14.1,13.199999999999998
2026-08-25 20:00:00,17.341666666666665,9.15,17.516666666666666,57.91666666666666,17.516666666666666,28.023333333333337,28.023333333333337,257.0,55.0,211.5833333333333,41.0,14.1,13.199999999999998
2026-08-25 21:00:00,17.175,9.008333333333333,17.358333333333334,58.0,17.366666666666667,28.02333333333333,28.02333333333333,257.0,55.0,211.41666666666663,41.0,14.1,13.233333333333334
2026-08-25 22:00:00,16.983333333333334,8.916666666666666,17.241666666666667,58.083333333333336,17.241666666666667,28.007500000000004,28.007500000000004,257.0,55.0,211.3333333333333,41.0,14.083333333333334,13.225
2026-08-25 23:00:00,16.875,8.858333333333334,17.166666666666668,58.0,17.166666666666668,27.989166666666662,27.989166666666662,257.0,55.0,211.25,41.0,14.008333333333333,13.25
2026-08-26 00:00:00,16.78333333333333,8.916666666666666,16.983333333333334,59.0,16.983333333333334,28.008333333333336,28.008333333333336,257.0,55.0,211.25,41.0,14.0,13.275
2026-08-26 01:00:00,16.708333333333332,8.833333333333334,16.933333333333334,59.0,16.933333333333334,27.985,27.985,257.0,55.0,211.0833333333333,41.0,14.0,13.300000000000002
2026-08-26 02:00:00,16.55,8.8,16.816666666666666,59.0,16.825,27.9825,27.9825,257.0,55.0,211.0,41.0,13.983333333333334,13.300000000000002
2026-08-26 03:00:00,16.4,8.691666666666666,16.716666666666665,59.0,16.716666666666665,27.9675,27.9675,257.0,55.0,211.0,41.0,13.9,13.300000000000002
2026-08-26 04:00:00,16.275000000000002,8.566666666666666,16.59166666666667,59.0,16.583333333333332,27.95583333333333,27.95583333333333,257.0,55.0,211.0,41.0,13.9,13.300000000000002
2026-08-26 05:00:00,16.208333333333332,8.458333333333334,16.525000000000002,59.0,16.525000000000002,27.956666666666667,27.956666666666667,257.0,55.0,211.0,41.0,13.9,13.300000000000002
2026-08-26 06:00:00,16.166666666666668,8.4,16.491666666666667,59.0,16.491666666666667,27.953333333333333,27.953333333333333,257.0,55.0,211.0,41.0,13.85,13.300000000000002
2026-08-26 07:00:00,16.041666666666668,8.4,16.416666666666668,59.0,16.416666666666668,27.954166666666666,27.954166666666666,257.0,55.0,211.0,41.0,13.800000000000002,13.300000000000002
2026-08-26 08:00:00,16.033333333333335,8.483333333333333,16.391666666666666,59.41666666666666,16.391666666666666,27.9675,27.9675,257.0,55.0,210.8333333333333,40.833333333333336,13.800000000000002,13.300000000000002
2026-08-26 09:00:00,16.033333333333335,8.6,16.35833333333333,60.0,16.375,27.986666666666665,27.986666666666665,257.0,55.0,210.8333333333333,40.833333333333336,13.775,13.241666666666667
2026-08-26 10:00:00,15.966666666666669,8.566666666666666,16.3,60.0,16.316666666666666,27.98333333333333,27.98333333333333,256.1666666666667,54.16666666666666,210.75,40.75,13.708333333333334,13.225
2026-08-26 11:00:00,16.025000000000002,8.591666666666667,16.333333333333332,60.0,16.35833333333333,27.986666666666665,27.986666666666665,256.0,54.0,210.25,40.25,13.699999999999998,13.208333333333334
2026-08-26 12:00:00,15.983333333333334,8.625,16.316666666666666,60.16666666666666,16.316666666666666,27.98583333333333,27.98583333333333,256.0,54.0,210.41666666666663,40.41666666666666,13.699999999999998,13.199999999999998
2026-08-26 13:00:00,15.908333333333331,8.883333333333333,16.166666666666668,61.91666666666666,16.150000000000002,27.9575,27.9575,256.0,54.0,210.3333333333333,40.333333333333336,13.699999999999998,13.199999999999998
2026-08-26 14:00:00,16.041666666666668,9.066666666666666,16.241666666666667,62.333333333333336,16.241666666666667,27.954166666666666,27.954166666666666,256.0,54.0,210.16666666666663,40.16666666666666,13.699999999999998,13.208333333333334
2026-08-26 15:00:00,16.45,9.716666666666669,16.5,64.16666666666667,16.5,27.945000000000004,27.945000000000004,256.0,54.0,210.41666666666663,40.41666666666666,13.691666666666665,13.199999999999998
2026-08-26 16:00:00,16.208333333333332,9.383333333333333,16.316666666666666,63.41666666666666,16.325,27.9475,27.9475,256.0,54.0,210.25,40.25,13.699999999999998,13.199999999999998
2026-08-26 17:00:00,16.0,9.191666666666666,16.208333333333332,63.16666666666666,16.191666666666666,27.9575,27.9575,256.0,54.0,210.0833333333333,40.083333333333336,13.699999999999998,13.199999999999998
2026-08-26 18:00:00,15.891666666666667,9.175,16.1,63.41666666666666,16.09166666666667,27.960833333333337,27.960833333333337,256.0,54.0,210.75,40.75,13.699999999999998,13.199999999999998
2026-08-26 19:00:00,15.825,9.2,15.991666666666667,64.0,15.991666666666667,27.97,27.97,256.0,54.0,211.16666666666663,41.0,13.699999999999998,13.199999999999998
2026-08-26 20:00:00,15.741666666666667,9.033333333333331,15.958333333333334,63.5,15.958333333333334,27.965,27.965,256.0,54.0,211.5833333333333,41.0,13.641666666666666,13.199999999999998
2026-08-26 21:00:00,15.683333333333332,8.891666666666667,15.9,63.0,15.908333333333331,27.96,27.96,256.0,54.0,211.91666666666663,41.0,13.608333333333333,13.191666666666665
2026-08-26 22:00:00,15.508333333333333,8.8,15.800000000000002,63.0,15.808333333333335,27.9525,27.9525,255.8333333333333,54.0,211.8333333333333,41.0,13.6,13.191666666666665
2026-08-26 23:00:00,15.408333333333331,8.7,15.708333333333334,63.0,15.708333333333334,27.94666666666667,27.94666666666667,255.5,54.0,211.91666666666663,41.0,13.6,13.191666666666665
2026-08-27 00:00:00,15.291666666666666,8.525,15.641666666666666,62.583333333333336,15.641666666666666,27.93583333333333,27.93583333333333,255.0,54.0,211.91666666666663,41.0,13.591666666666669,13.141666666666666
2026-08-27 01:00:00,15.125,8.3,15.525,62.0,15.525,27.92833333333333,27.92833333333333,255.0833333333333,54.0,212.0,41.0,13.533333333333331,13.1
2026-08-27 02:00:00,15.008333333333333,8.2,15.408333333333331,62.0,15.408333333333331,27.9175,27.9175,255.0833333333333,54.0,211.5,41.0,13.5,13.1
2026-08-27 03:00:00,14.791666666666666,8.058333333333334,15.283333333333331,62.0,15.283333333333331,27.9025,27.9025,255.0,54.0,211.25,41.0,13.433333333333332,13.091666666666669
2026-08-27 04:00:00,14.641666666666666,7.708333333333333,15.158333333333331,61.0,15.158333333333331,27.89,27.89,255.0,54.0,211.0833333333333,41.0,13.4,13.1
2026-08-27 05:00:00,14.416666666666666,7.55,15.0,60.833333333333336,15.0,27.891666666666666,27.891666666666666,255.0,54.0,211.25,41.0,13.4,13.091666666666669
2026-08-27 06:00:00,14.175,7.166666666666667,14.841666666666669,60.0,14.85,27.906666666666663,27.906666666666663,255.0,54.0,211.16666666666663,41.0,13.333333333333334,13.091666666666669
2026-08-27 07:00:00,14.1,7.099999999999999,14.800000000000002,60.0,14.800000000000002,27.913333333333338,27.913333333333338,255.0,54.0,211.0,41.0,13.283333333333331,13.066666666666668
2026-08-27 08:00:00,14.858333333333334,7.391666666666667,15.458333333333334,58.66666666666666,15.458333333333334,27.930833333333336,27.930833333333336,255.0,54.0,211.0,41.0,13.216666666666669,13.016666666666666
2026-08-27 09:00:00,15.991666666666667,8.158333333333333,16.433333333333334,58.0,16.433333333333334,27.938333333333333,27.938333333333333,254.91666666666663,54.0,211.0833333333333,41.0,13.199999999999998,13.041666666666666
2026-08-27 10:00:00,16.283333333333335,8.383333333333335,16.683333333333334,58.0,16.675,27.94,27.94,254.16666666666663,54.0,211.0833333333333,41.0,13.199999999999998,13.0
2026-08-27 11:00:00,16.258333333333333,8.358333333333334,16.658333333333335,58.0,16.64166666666667,27.94,27.94,254.0,54.0,211.3333333333333,41.0,13.199999999999998,12.991666666666667
2026-08-27 12:00:00,16.53333333333333,8.633333333333335,16.841666666666665,58.41666666666666,16.841666666666665,27.94,27.94,254.0,54.0,211.0833333333333,41.0,13.275,13.0
2026-08-27 13:00:00,16.8,8.950000000000001,17.016666666666666,59.0,17.016666666666666,27.925833333333333,27.925833333333333,254.0,54.0,211.0,41.0,13.316666666666668,13.0
2026-08-27 14:00:00,17.0,9.25,17.158333333333335,59.583333333333336,17.158333333333335,27.9175,27.9175,254.0,54.0,211.0,41.0,13.391666666666667,13.0
2026-08-27 15:00:00,17.166666666666668,9.4,17.266666666666666,60.0,17.266666666666666,27.92,27.92,254.0,54.0,211.0,41.0,13.441666666666668,12.975
2026-08-27 16:00:00,17.208333333333332,9.316666666666668,17.341666666666665,59.16666666666666,17.35833333333333,27.921666666666667,27.921666666666667,253.66666666666663,54.0,210.5,40.5,13.508333333333333,13.0
2026-08-27 17:00:00,17.233333333333334,9.208333333333334,17.391666666666666,58.583333333333336,17.391666666666666,27.93583333333333,27.93583333333333,253.0833333333333,54.0,210.0833333333333,40.083333333333336,13.525,12.991666666666667
2026-08-27 18:00:00,16.974999999999998,9.116666666666664,17.175,59.0,17.175,27.965,27.965,253.0,54.0,209.91666666666663,40.0,13.541666666666666,12.908333333333331
2026-08-27 19:00:00,16.6,8.566666666666666,16.90833333333333,57.833333333333336,16.916666666666668,27.993333333333336,27.993333333333336,253.0,54.0,209.8333333333333,40.0,13.6,12.975
2026-08-27 20:00:00,16.308333333333334,8.066666666666666,16.758333333333333,56.5,16.758333333333333,28.016666666666666,28.016666666666666,253.0,54.0,209.5,40.0,13.6,13.0
2026-08-27 21:00:00,15.991666666666667,7.591666666666666,16.59166666666667,55.16666666666666,16.583333333333332,28.0325,28.0325,253.0,54.0,209.75,40.0,13.6,13.0
2026-08-27 22:00:00,15.783333333333331,7.175,16.483333333333334,54.0,16.483333333333334,28.031666666666663,28.031666666666663,253.0,54.0,209.41666666666663,40.0,13.575,12.991666666666667
2026-08-27 23:00:00,15.691666666666665,7.066666666666666,16.375,54.0,16.375,28.035,28.035,253.0,54.0,209.3333333333333,40.0,13.508333333333333,13.0
2026-08-28 00:00:00,15.608333333333333,6.966666666666666,16.275000000000002,54.0,16.291666666666668,28.02916666666667,28.02916666666667,253.0,54.0,209.25,40.0,13.491666666666667,13.0
2026-08-28 01:00:00,15.325,6.525,16.150000000000002,52.91666666666666,16.150000000000002,28.025,28.025,253.0,54.0,209.0833333333333,40.0,13.416666666666666,13.0
2026-08-28 02:00:00,15.108333333333333,6.175,16.008333333333333,52.0,16.008333333333333,28.02333333333333,28.02333333333333,253.0,54.0,209.0,40.0,13.4,13.0
2026-08-28 03:00:00,14.916666666666666,5.9750000000000005,15.825,52.0,15.825,28.034166666666668,28.034166666666668,253.0,54.0,209.0,40.0,13.333333333333334,13.0
2026-08-28 04:00:00,14.691666666666668,5.841666666666666,15.65,52.0,15.65,28.039166666666663,28.039166666666663,253.0,54.0,209.0,40.0,13.300000000000002,13.0
2026-08-28 05:00:00,14.475,5.666666666666667,15.475,52.0,15.475,28.040000000000003,28.040000000000003,253.0,54.0,209.0,40.0,13.283333333333331,12.966666666666669
2026-08-28 06:00:00,14.300000000000002,5.508333333333333,15.300000000000002,52.0,15.308333333333335,28.040000000000003,28.040000000000003,253.0,54.0,209.0,40.0,13.199999999999998,12.966666666666669
2026-08-28 07:00:00,14.283333333333331,5.5,15.283333333333331,52.0,15.283333333333331,28.046666666666667,28.046666666666667,253.0,54.0,209.0,40.0,13.141666666666666,13.0
2026-08-28 08:00:00,14.758333333333333,5.741666666666667,15.741666666666667,51.333333333333336,15.75,28.055,28.055,253.0,54.0,209.0,40.0,13.066666666666668,12.95
2026-08-28 09:00:00,15.666666666666666,6.158333333333334,16.575,50.083333333333336,16.566666666666666,28.06,28.06,252.16666666666663,53.16666666666666,209.0,40.0,13.05,12.9
2026-08-28 10:00:00,16.508333333333333,6.741666666666667,17.258333333333333,50.0,17.25,28.055,28.055,252.0,53.0,208.8333333333333,40.0,13.008333333333333,12.9
2026-08-28 11:00:00,16.9,7.05,17.6,50.0,17.59166666666667,28.050833333333333,28.050833333333333,252.0,53.0,208.75,40.0,13.05,12.85
2026-08-28 12:00:00,17.083333333333332,7.183333333333334,17.7,50.0,17.7,28.0475,28.0475,252.0,53.0,208.5,40.0,13.091666666666669,12.9
2026-08-28 13:00:00,17.266666666666666,7.274999999999999,17.866666666666667,50.0,17.875,28.035,28.035,251.0,53.0,208.0833333333333,40.0,13.116666666666667,12.808333333333335
2026-08-28 14:00:00,17.841666666666665,7.7,18.375,49.833333333333336,18.366666666666667,28.02416666666667,28.02416666666667,251.0,53.0,208.0,40.0,13.208333333333334,12.816666666666668
2026-08-28 15:00:00,18.025,7.433333333333334,18.633333333333333,48.16666666666666,18.616666666666667,28.0275,28.0275,251.0,53.0,208.0,40.0,13.316666666666668,12.866666666666667
2026-08-28 16:00:00,17.883333333333333,7.341666666666666,18.508333333333333,48.16666666666666,18.508333333333333,28.035,28.035,251.0,53.0,208.0,40.0,13.416666666666666,12.841666666666669
2026-08-28 17:00:00,17.916666666666668,7.691666666666666,18.45,49.5,18.45,28.0475,28.0475,251.0,53.0,207.5,40.0,13.5,12.808333333333335
2026-08-28 18:00:00,17.558333333333334,6.641666666666667,18.341666666666665,46.41666666666666,18.35,28.064166666666665,28.064166666666665,251.0,53.0,207.0833333333333,40.0,13.5,12.808333333333335
2026-08-28 19:00:00,17.375,6.8500000000000005,18.116666666666667,47.66666666666666,18.10833333333333,28.08333333333333,28.08333333333333,251.0,53.0,207.25,40.0,13.508333333333333,12.866666666666667
2026-08-28 20:00:00,17.108333333333334,6.95,17.833333333333332,48.91666666666666,17.833333333333332,28.098333333333333,28.098333333333333,250.66666666666663,53.0,207.0,40.0,13.5,12.800000000000002
2026-08-28 21:00:00,16.849999999999998,6.791666666666667,17.641666666666666,49.0,17.641666666666666,28.100000000000005,28.100000000000005,250.16666666666663,53.0,207.0,40.0,13.525,12.866666666666667
2026-08-28 22:00:00,16.650000000000002,6.691666666666666,17.425,49.25,17.425,28.0925,28.0925,250.0,53.0,206.8333333333333,39.833333333333336,13.525,12.9
2026-08-28 23:00:00,16.45,6.658333333333334,17.224999999999998,49.75,17.224999999999998,28.08083333333333,28.08083333333333,250.0,53.0,207.0,40.0,13.508333333333333,12.9
2026-08-29 00:00:00,16.208333333333332,6.516666666666667,17.016666666666666,50.0,17.016666666666666,28.070833333333336,28.070833333333336,250.0,53.0,206.75,39.75,13.491666666666667,12.9
2026-08-29 01:00:00,16.0,6.4,16.866666666666667,50.0,16.866666666666667,28.06833333333333,28.06833333333333,250.0,53.0,206.5,39.5,13.45,12.9
2026-08-29 05:00:00,15.2,5.8,16.2,50.0,16.2,28.07,28.07,250.0,53.0,206.0,39.0,13.2,12.9
2026-08-29 06:00:00,15.1,5.7,16.1,50.0,16.1,28.075,28.075,250.0,53.0,206.0,39.0,13.2,13.0
2026-08-29 07:00:00,14.9,5.5,15.9,50.0,15.9,28.085,28.085,250.0,53.0,206.0,39.0,13.15,12.95
2026-08-29 08:00:00,15.6,5.85,16.549999999999997,49.5,16.549999999999997,28.1,28.1,250.0,53.0,206.0,39.0,13.1,12.9
2026-08-29 09:00:00,16.65,6.35,17.450000000000003,48.0,17.450000000000003,28.11,28.11,249.5,52.5,206.0,39.0,13.1,12.9
2026-08-29 10:00:00,17.25,6.85,17.950000000000003,48.0,17.950000000000003,28.1,28.1,249.0,52.0,206.0,39.0,13.0,12.85
2026-08-29 11:00:00,17.65,7.15,18.3,48.0,18.3,28.095,28.095,249.0,52.0,206.0,39.0,13.05,12.85
2026-08-29 12:00:00,17.7,7.2,18.4,48.0,18.4,28.075,28.075,249.0,52.0,206.0,39.0,13.1,12.85
2026-08-29 13:00:00,17.7,7.05,18.45,47.5,18.45,28.055,28.055,249.0,52.0,206.0,39.0,13.2,12.8
2026-08-29 14:00:00,17.85,6.95,18.55,47.0,18.55,28.035,28.035,249.0,52.0,206.0,39.0,13.25,12.9
2026-08-29 15:00:00,17.9,6.75,18.65,46.0,18.65,28.025,28.025,248.5,52.0,206.0,39.0,13.35,12.9
2026-08-29 16:00:00,17.9,6.35,18.7,44.5,18.7,28.03,28.03,248.0,52.0,205.5,39.0,13.45,12.8
2026-08-29 17:00:00,17.8,5.9,18.7,43.0,18.7,28.02,28.02,248.0,52.0,205.0,39.0,13.5,12.85
2026-08-29 18:00:00,17.6,5.65,18.65,42.5,18.65,28.03,28.03,248.0,52.0,205.0,39.0,13.55,12.8
2026-08-29 19:00:00,17.45,5.949999999999999,18.35,44.5,18.35,28.05,28.05,248.0,52.0,205.0,39.0,13.55,12.9
2026-08-29 20:00:00,17.25,6.300000000000001,18.1,46.0,18.1,28.05,28.05,248.0,52.0,204.0,39.0,13.6,12.85
2026-08-29 21:00:00,17.05,6.45,17.85,47.0,17.85,28.04,28.04,248.0,52.0,204.0,39.0,13.6,12.9
2026-08-29 22:00:00,16.85,6.45,17.65,48.0,17.65,28.035,28.035,248.0,52.0,204.0,39.0,13.55,12.9
2026-08-29 23:00:00,16.6,6.35,17.45,48.0,17.45,28.02,28.02,248.0,52.0,204.0,39.0,13.5,12.9
2026-08-30 00:00:00,16.299999999999997,5.9,17.25,47.0,17.25,28.01,28.01,249.0,52.0,204.0,39.0,13.5,13.0
2026-08-30 01:00:00,16.05,5.65,17.05,47.0,17.05,28.0,28.0,249.0,52.0,204.0,39.0,13.45,13.0
2026-08-30 02:00:00,15.75,5.45,16.8,47.0,16.85,27.985,27.985,249.0,52.0,204.0,39.0,13.4,13.0
2026-08-30 03:00:00,15.55,5.25,16.65,47.0,16.65,27.98,27.98,249.0,52.0,204.0,39.0,13.3,13.0
2026-08-30 04:00:00,15.25,5.1,16.35,47.0,16.45,27.985,27.985,248.5,52.0,204.0,39.0,13.3,13.0
2026-08-30 05:00:00,15.1,4.95,16.25,47.0,16.25,27.995,27.995,248.0,52.0,204.0,39.0,13.2,13.0
2026-08-30 06:00:00,14.95,4.9,16.05,47.5,16.05,28.005000000000003,28.005000000000003,248.0,52.0,203.5,38.5,13.15,12.9
2026-08-30 07:00:00,14.8,4.85,15.9,48.0,15.9,28.025,28.025,248.0,52.0,203.0,38.0,13.1,12.9
2026-08-30 08:00:00,15.75,5.2,16.8,46.0,16.8,28.04,28.04,248.0,52.0,203.0,38.0,13.0,13.0
2026-08-30 09:00:00,16.8,5.85,17.75,45.5,17.75,28.055,28.055,248.0,52.0,203.5,38.5,13.0,12.9
2026-08-30 10:00:00,17.4,6.25,18.25,45.0,18.3,28.06,28.06,247.0,52.0,204.0,39.0,12.95,12.9
2026-08-30 11:00:00,17.75,6.7,18.55,46.0,18.55,28.06,28.06,247.0,52.0,203.5,38.5,13.0,12.9
2026-08-30 12:00:00,17.9,7.0,18.6,46.5,18.6,28.055,28.055,247.0,52.0,203.5,38.5,13.05,12.9
2026-08-30 13:00:00,18.1,7.2,18.7,47.0,18.7,28.035,28.035,247.0,52.0,203.0,38.0,13.1,12.85
2026-08-30 14:00:00,18.25,7.3,18.85,47.0,18.85,28.035,28.035,247.0,52.0,203.0,38.0,13.2,12.8
2026-08-30 15:00:00,18.3,7.35,18.9,47.0,18.9,28.04,28.04,247.0,52.0,203.0,38.0,13.35,12.8
2026-08-30 16:00:00,18.3,7.65,18.9,48.0,18.9,28.05,28.05,247.0,52.0,203.0,38.0,13.45,12.8
2026-08-30 17:00:00,18.3,7.7,18.9,48.0,18.9,28.05,28.05,247.0,52.0,203.0,38.0,13.5,12.85
2026-08-30 18:00:00,18.2,7.6,18.8,48.0,18.8,28.065,28.065,247.0,52.0,203.0,38.0,13.55,12.9
2026-08-30 19:00:00,18.1,7.5,18.7,48.0,18.7,28.09,28.09,247.0,52.0,202.5,38.0,13.55,12.9
2026-08-30 20:00:00,18.05,8.4,18.45,52.5,18.45,28.11,28.11,246.5,52.0,203.0,38.0,13.6,12.85
2026-08-30 21:00:00,17.85,8.55,18.15,53.0,18.15,28.14,28.14,247.0,52.0,204.5,38.5,13.6,12.9
2026-08-30 22:00:00,17.55,8.2,17.95,53.0,17.95,28.165,28.165,247.0,52.0,206.5,39.5,13.6,12.9
2026-08-31 02:00:00,16.912499999999998,8.1875,17.3125,55.0,17.3125,28.20125,28.20125,249.125,52.125,239.0,48.625,13.4125,12.9625
2026-08-31 03:00:00,16.808333333333334,8.133333333333333,17.241666666666667,55.0,17.233333333333334,28.2175,28.2175,251.3333333333333,53.16666666666666,244.0833333333333,49.833333333333336,13.4,12.95
2026-08-31 04:00:00,16.516666666666666,7.925000000000001,17.016666666666666,55.0,17.016666666666666,28.225,28.225,255.5833333333333,54.25,247.5,51.0,13.383333333333333,12.983333333333334
2026-08-31 05:00:00,16.333333333333332,7.7,16.866666666666664,54.583333333333336,16.875,28.22583333333333,28.22583333333333,257.6666666666667,55.0,248.0,51.0,13.300000000000002,12.991666666666667
2026-08-31 06:00:00,16.3,7.7,16.8,55.0,16.8,28.22666666666667,28.22666666666667,258.25,55.0,247.16666666666663,51.0,13.266666666666666,12.966666666666669
2026-08-31 07:00:00,16.075,7.599999999999999,16.658333333333335,55.0,16.633333333333336,28.250833333333333,28.250833333333333,259.0,55.0,246.25,50.25,13.199999999999998,12.958333333333334
2026-08-31 08:00:00,16.166666666666668,7.616666666666666,16.716666666666665,55.0,16.708333333333332,28.27,28.27,259.0,55.0,245.5,50.0,13.166666666666666,12.9
2026-08-31 09:00:00,16.491666666666667,7.758333333333334,17.0,54.41666666666666,17.008333333333333,28.291666666666668,28.291666666666668,259.0,55.0,244.91666666666663,50.0,13.183333333333332,12.916666666666666
2026-08-31 10:00:00,16.841666666666665,7.733333333333333,17.349999999999998,53.25,17.349999999999998,28.290000000000003,28.290000000000003,258.8333333333333,55.0,243.91666666666663,50.0,13.166666666666666,12.9
2026-08-31 11:00:00,17.033333333333335,7.675,17.575,52.25,17.558333333333334,28.2875,28.2875,258.0,55.0,243.0,50.0,13.1,12.9
2026-08-31 12:00:00,17.233333333333334,7.741666666666667,17.741666666666667,52.0,17.741666666666667,28.27583333333333,28.27583333333333,258.0,55.0,242.0833333333333,49.083333333333336,13.15,12.866666666666667
2026-08-31 13:00:00,17.383333333333333,7.875,17.875,52.0,17.875,28.25333333333333,28.25333333333333,257.6666666666667,55.0,241.0833333333333,49.0,13.208333333333334,12.9
2026-08-31 14:00:00,17.608333333333334,7.975,18.041666666666668,51.75,18.041666666666668,28.23333333333333,28.23333333333333,257.0,55.0,240.0833333333333,49.0,13.300000000000002,12.9
2026-08-31 15:00:00,17.7,7.800000000000001,18.2,50.5,18.2,28.22,28.22,257.0,55.0,239.0,49.0,13.4,12.9
2026-08-31 16:00:00,17.7,7.6,18.3,49.5,18.3,28.21,28.21,257.0,55.0,238.5,48.5,13.5,12.9
2026-08-31 17:00:00,17.75,7.45,18.35,49.0,18.35,28.21,28.21,256.0,54.0,237.0,48.0,13.55,12.9
2026-08-31 18:00:00,17.75,7.5,18.3,49.5,18.3,28.21,28.21,256.0,54.0,236.0,48.0,13.5,12.9
2026-08-31 19:00:00,17.75,7.85,18.25,51.0,18.25,28.21,28.21,256.0,54.0,235.5,47.5,13.6,12.9
2026-08-31 20:00:00,17.45,7.75,17.95,51.0,17.95,28.21,28.21,256.0,54.0,235.0,47.0,13.6,12.95
2026-08-31 21:00:00,17.25,7.8,17.75,52.0,17.799999999999997,28.215,28.215,255.0,54.0,234.5,47.0,13.6,13.0
2026-08-31 22:00:00,17.05,7.65,17.65,52.0,17.65,28.225,28.225,255.0,54.0,234.0,47.0,13.6,13.0
2026-08-31 23:00:00,16.85,7.5,17.45,52.0,17.45,28.235,28.235,255.0,54.0,233.5,47.0,13.6,13.0
2026-09-01 00:00:00,16.7,7.3,17.3,52.0,17.3,28.22,28.22,255.0,54.0,233.0,47.0,13.5,13.05
2026-09-01 01:00:00,16.5,7.2,17.15,52.0,17.15,28.22,28.22,255.0,54.0,233.0,47.0,13.5,13.0
2026-09-01 02:00:00,16.3,7.05,17.0,52.0,17.0,28.2,28.2,255.0,54.0,232.5,47.0,13.5,13.05
2026-09-01 03:00:00,16.15,7.0,16.85,52.0,16.85,28.185,28.185,255.0,54.0,232.0,47.0,13.45,13.0
2026-09-01 04:00:00,15.95,6.75,16.65,52.0,16.65,28.175,28.175,254.0,54.0,232.0,47.0,13.4,13.0
2026-09-01 05:00:00,15.65,6.55,16.45,52.0,16.45,28.17,28.17,254.0,54.0,231.0,46.0,13.3,13.0
2026-09-01 06:00:00,15.45,6.45,16.25,52.0,16.25,28.17,28.17,254.0,54.0,231.0,46.0,13.3,13.0
2026-09-01 07:00:00,15.35,6.25,16.25,51.5,16.25,28.175,28.175,254.0,54.0,231.0,46.0,13.25,13.0
2026-09-01 08:00:00,16.2,6.550000000000001,17.049999999999997,50.0,17.049999999999997,28.19,28.19,254.0,54.0,231.0,46.0,13.2,13.0
2026-09-01 09:00:00,16.75,6.95,17.45,50.0,17.45,28.195,28.195,254.0,54.0,230.0,46.0,13.15,13.05
2026-09-01 10:00:00,17.75,8.15,18.15,52.0,18.15,28.195,28.195,253.0,54.0,230.0,46.0,13.15,13.0
2026-09-01 11:00:00,18.85,9.55,18.950000000000003,54.0,18.950000000000003,28.185,28.185,253.0,54.0,229.5,46.0,13.2,13.0
2026-09-01 12:00:00,19.25,9.8,19.25,54.5,19.25,28.16,28.16,253.0,54.0,229.0,46.0,13.25,13.0
2026-09-01 13:00:00,19.2,9.25,19.35,52.0,19.35,28.130000000000003,28.130000000000003,252.0,53.0,228.0,45.0,13.35,13.0
2026-09-01 14:00:00,19.65,9.8,19.700000000000003,52.5,19.700000000000003,28.1,28.1,252.0,53.0,227.5,45.0,13.45,13.0
2026-09-01 15:00:00,20.1,10.4,19.9,54.0,19.9,28.08,28.08,252.0,53.0,226.5,45.0,13.6,13.0
2026-09-01 16:00:00,20.15,10.35,20.0,54.0,20.0,28.08,28.08,251.5,53.0,226.0,45.0,13.75,13.0
2026-09-01 17:00:00,20.1,10.2,20.0,53.0,20.0,28.075,28.075,251.0,53.0,225.0,45.0,13.85,13.0
2026-09-01 18:00:00,20.0,9.9,20.0,52.0,20.0,28.085,28.085,251.0,53.0,225.0,45.0,13.95,13.0
2026-09-01 19:00:00,19.9,9.65,19.95,51.5,19.95,28.09,28.09,251.0,53.0,224.0,44.0,14.05,13.1
2026-09-01 20:00:00,19.75,9.45,19.85,51.0,19.85,28.095,28.095,251.0,53.0,224.0,44.0,14.1,13.1
2026-09-01 21:00:00,19.65,9.35,19.75,51.0,19.75,28.105,28.105,251.0,53.0,223.0,44.0,14.1,13.2
2026-09-01 22:00:00,19.5,9.5,19.65,52.0,19.6,28.1,28.1,251.0,53.0,223.0,44.0,14.1,13.2
2026-09-01 23:00:00,19.35,9.35,19.45,52.0,19.45,28.095,28.095,250.5,53.0,222.5,44.0,14.1,13.2
2026-09-02 00:00:00,19.25,9.35,19.35,52.5,19.35,28.085,28.085,250.0,53.0,222.0,44.0,14.1,13.2
2026-09-02 01:00:00,19.05,9.2,19.2,52.5,19.2,28.095,28.095,250.0,53.0,222.0,44.0,14.1,13.2
2026-09-02 02:00:00,18.95,9.25,19.05,53.0,19.05,28.095,28.095,250.0,53.0,222.0,44.0,14.1,13.25
2026-09-02 03:00:00,18.8,9.15,18.95,53.0,18.95,28.075,28.075,250.0,53.0,221.0,44.0,14.1,13.3
2026-09-02 04:00:00,18.65,9.0,18.8,53.0,18.8,28.065,28.065,250.0,53.0,221.0,44.0,14.1,13.3
2026-09-02 05:00:00,18.45,9.0,18.7,53.0,18.65,28.06,28.06,250.0,53.0,221.0,44.0,14.0,13.3
2026-09-02 06:00:00,18.3,9.05,18.55,54.0,18.55,28.07,28.07,250.0,53.0,221.0,44.0,14.0,13.3
2026-09-02 07:00:00,18.2,8.9,18.4,53.5,18.4,28.08,28.08,250.0,53.0,220.5,43.5,14.0,13.4
2026-09-02 08:00:00,18.25,8.75,18.5,53.0,18.5,28.115,28.115,250.0,53.0,220.0,43.0,14.0,13.4
2026-09-02 09:00:00,18.4,8.8,18.700000000000003,52.5,18.700000000000003,28.115,28.115,249.0,52.0,220.0,43.0,13.95,13.35
2026-09-02 10:00:00,18.950000000000003,9.2,19.15,52.5,19.15,28.1,28.1,249.0,52.0,220.0,43.0,14.0,13.3
2026-09-02 11:00:00,19.75,10.1,19.65,54.0,19.65,28.105,28.105,249.0,52.0,220.0,43.0,14.0,13.3
2026-09-02 12:00:00,20.65,11.15,20.3,55.5,20.3,28.1,28.1,248.5,52.0,219.5,43.0,14.0,13.35
2026-09-02 13:00:00,20.700000000000003,11.0,20.4,54.5,20.4,28.085,28.085,248.0,52.0,219.0,43.0,14.1,13.4
2026-09-02 14:00:00,21.35,11.25,20.9,54.0,20.9,28.07,28.07,248.0,52.0,218.5,43.0,14.15,13.4
2026-09-02 15:00:00,21.4,11.25,21.0,54.0,21.0,28.07,28.07,248.0,52.0,218.0,43.0,14.25,13.4
2026-09-02 16:00:00,21.15,10.8,20.9,52.5,20.9,28.085,28.085,247.5,52.0,217.5,42.5,14.350000000000001,13.4
2026-09-02 17:00:00,21.05,10.4,20.85,51.5,20.9,28.095,28.095,247.0,52.0,216.5,42.0,14.45,13.4
2026-09-02 18:00:00,20.799999999999997,9.95,20.75,49.5,20.75,28.119999999999997,28.119999999999997,247.0,52.0,216.0,42.0,14.5,13.45
2026-09-02 19:00:00,20.55,9.55,20.65,49.0,20.65,28.145,28.145,247.0,52.0,215.5,42.0,14.6,13.4
2026-09-02 20:00:00,20.200000000000003,9.05,20.35,48.0,20.4,28.165,28.165,247.0,52.0,215.0,42.0,14.6,13.5
2026-09-02 21:00:00,19.95,8.850000000000001,20.15,48.0,20.15,28.18,28.18,247.0,52.0,215.0,42.0,14.6,13.5
2026-09-02 22:00:00,19.75,8.850000000000001,19.95,48.5,19.95,28.19,28.19,247.0,52.0,215.0,42.0,14.6,13.6
2026-09-02 23:00:00,19.5,8.8,19.75,49.0,19.75,28.185000000000002,28.185000000000002,246.5,52.0,214.0,42.0,14.5,13.6
2026-09-03 00:00:00,19.35,8.9,19.6,50.0,19.6,28.18,28.18,246.0,52.0,214.0,42.0,14.5,13.6
2026-09-03 01:00:00,19.2,8.9,19.45,50.5,19.45,28.18,28.18,246.0,52.0,214.0,42.0,14.5,13.6
2026-09-03 02:00:00,19.05,8.9,19.25,51.0,19.25,28.185000000000002,28.185000000000002,246.0,52.0,214.0,42.0,14.5,13.7
2026-09-03 03:00:00,18.85,8.7,19.1,51.0,19.1,28.175,28.175,246.0,52.0,214.0,42.0,14.4,13.7
2026-09-03 04:00:00,18.7,8.75,18.95,51.5,18.95,28.17,28.17,246.0,52.0,213.0,41.0,14.350000000000001,13.7
2026-09-03 05:00:00,18.45,8.7,18.75,52.0,18.75,28.17,28.17,246.0,52.0,213.5,41.5,14.3,13.7
2026-09-03 06:00:00,18.25,8.55,18.55,52.0,18.55,28.175,28.175,246.0,52.0,213.0,41.0,14.3,13.7
2026-09-03 07:00:00,18.1,8.4,18.5,52.0,18.5,28.185000000000002,28.185000000000002,246.0,52.0,213.0,41.0,14.25,13.7
2026-09-03 08:00:00,18.3,8.6,18.65,52.0,18.6,28.195,28.195,246.0,52.0,213.0,41.0,14.2,13.7
2026-09-03 09:00:00,18.65,8.649999999999999,18.950000000000003,51.0,18.950000000000003,28.2,28.2,245.5,51.5,213.0,41.0,14.1,13.649999999999999
2026-09-03 10:00:00,19.15,9.05,19.35,51.0,19.35,28.21,28.21,245.0,51.0,213.0,41.0,14.1,13.649999999999999
2026-09-03 11:00:00,20.15,10.1,20.049999999999997,52.5,20.049999999999997,28.205,28.205,245.0,51.0,212.5,41.0,14.1,13.6
2026-09-03 12:00:00,20.9,10.15,20.85,50.5,20.85,28.185000000000002,28.185000000000002,245.0,51.0,212.0,41.0,14.1,13.6
2026-09-03 13:00:00,21.049999999999997,9.600000000000001,21.1,47.5,21.1,28.17,28.17,244.0,51.0,212.0,41.0,14.2,13.7
2026-09-03 14:00:00,20.45,8.8,20.75,46.0,20.75,28.155,28.155,244.0,51.0,212.0,41.0,14.25,13.7
2026-09-03 15:00:00,20.799999999999997,8.95,21.049999999999997,46.0,21.0,28.15,28.15,244.0,51.0,211.5,41.0,14.3,13.6
2026-09-03 16:00:00,20.85,8.8,21.1,45.0,21.1,28.15,28.15,244.0,51.0,211.0,41.0,14.4,13.6
2026-09-03 17:00:00,20.25,8.6,20.549999999999997,46.0,20.549999999999997,28.155,28.155,243.0,51.0,209.5,40.0,14.5,13.649999999999999
2026-09-03 18:00:00,19.85,8.75,20.1,48.0,20.1,28.165,28.165,243.0,51.0,209.0,40.0,14.5,13.6
2026-09-03 19:00:00,19.85,8.55,20.2,47.0,20.15,28.175,28.175,243.0,51.0,209.0,40.0,14.55,13.7
2026-09-03 20:00:00,19.65,8.3,20.05,46.5,20.05,28.195,28.195,243.0,51.0,209.0,40.0,14.55,13.7
2026-09-03 21:00:00,19.35,7.9,19.85,46.0,19.85,28.2,28.2,243.0,51.0,208.5,40.0,14.5,13.7
2026-09-03 22:00:00,19.05,7.4,19.65,45.0,19.65,28.205,28.205,243.0,51.0,208.0,40.0,14.5,13.7
2026-09-03 23:00:00,18.700000000000003,7.0,19.4,44.5,19.4,28.21,28.21,243.0,51.0,208.0,40.0,14.5,13.7
2026-09-04 00:00:00,18.299999999999997,6.6,19.15,44.0,19.15,28.21,28.21,243.0,51.0,207.5,40.0,14.5,13.8
2026-09-04 01:00:00,18.05,6.15,18.9,43.0,18.95,28.2,28.2,243.0,51.0,207.0,40.0,14.350000000000001,13.8
2026-09-04 02:00:00,17.799999999999997,6.1,18.65,44.0,18.65,28.185000000000002,28.185000000000002,243.0,51.0,207.0,40.0,14.3,13.7
2026-09-04 03:00:00,17.5,6.0,18.4,44.0,18.45,28.175,28.175,243.0,51.0,207.0,40.0,14.2,13.8
2026-09-04 04:00:00,17.15,5.75,18.15,44.0,18.15,28.17,28.17,243.0,51.0,207.0,40.0,14.2,13.8
2026-09-04 05:00:00,16.95,5.55,17.95,44.0,17.95,28.17,28.17,242.5,50.5,207.0,40.0,14.1,13.8
2026-09-04 06:00:00,16.6,5.25,17.700000000000003,44.0,17.65,28.175,28.175,243.0,51.0,207.0,40.0,14.1,13.75
2026-09-04 07:00:00,16.6,5.25,17.700000000000003,44.0,17.700000000000003,28.185000000000002,28.185000000000002,242.0,50.0,207.0,40.0,14.0,13.7
2026-09-04 08:00:00,17.85,5.949999999999999,18.8,43.0,18.8,28.19,28.19,242.0,50.0,207.0,40.0,13.9,13.7
2026-09-04 09:00:00,18.7,6.4,19.549999999999997,42.0,19.549999999999997,28.18,28.18,242.0,50.0,207.0,40.0,13.8,13.7
2026-09-04 10:00:00,19.299999999999997,6.85,20.05,42.5,20.05,28.175,28.175,242.0,50.0,207.0,40.0,13.8,13.7
2026-09-04 11:00:00,19.6,7.25,20.2,43.0,20.2,28.155,28.155,241.0,50.0,207.0,40.0,13.850000000000001,13.7
2026-09-04 12:00:00,19.75,7.65,20.3,44.0,20.3,28.134999999999998,28.134999999999998,241.0,50.0,207.0,40.0,13.9,13.649999999999999
2026-09-04 13:00:00,19.8,8.0,20.3,45.0,20.3,28.115000000000002,28.115000000000002,241.0,50.0,206.5,39.5,13.9,13.649999999999999
2026-09-04 14:00:00,19.95,8.0,20.4,44.5,20.4,28.105,28.105,240.0,50.0,206.0,39.0,14.0,13.649999999999999
2026-09-04 15:00:00,20.05,7.85,20.55,44.0,20.55,28.1,28.1,240.0,50.0,206.0,39.0,14.05,13.6
2026-09-04 16:00:00,20.0,7.35,20.6,42.5,20.6,28.1,28.1,240.0,50.0,205.5,39.0,14.1,13.6
2026-09-04 17:00:00,19.700000000000003,6.25,20.6,39.0,20.6,28.11,28.11,240.0,50.0,205.0,39.0,14.149999999999999,13.55
2026-09-04 18:00:00,19.25,4.9,20.4,36.0,20.4,28.115000000000002,28.115000000000002,239.0,50.0,204.0,39.0,14.2,13.6
2026-09-04 19:00:00,18.799999999999997,4.25,20.1,35.5,20.1,28.125,28.125,239.0,50.0,204.0,39.0,14.2,13.6
2026-09-04 20:00:00,18.4,3.8499999999999996,19.75,35.0,19.75,28.14,28.14,239.0,50.0,203.5,38.5,14.2,13.6
2026-09-04 21:00:00,18.15,4.0,19.45,36.0,19.5,28.14,28.14,239.0,50.0,203.0,38.0,14.2,13.7
