timestamp,variable,unit,value
2026-08-08 00:00:00,indoor.app_tempin,℃,13.8
2026-08-08 00:00:00,temp_ch2.temperature,℃,12.275
2026-08-08 00:00:00,temp_ch1.temperature,℃,13.174999999999999
2026-08-08 00:00:00,soil_ch2.soilmoisture,%,44.0
2026-08-08 00:00:00,soil_ch1.soilmoisture,%,59.0
2026-08-08 00:00:00,soil_ch1.ad,,272.0
2026-08-08 00:00:00,soil_ch2.ad,,222.0
2026-08-08 00:00:00,pressure.absolute,inHg,28.16
2026-08-08 00:00:00,indoor.temperature,℃,15.1
2026-08-08 00:00:00,indoor.humidity,%,48.0
2026-08-08 00:00:00,indoor.feels_like,℃,15.1
2026-08-08 00:00:00,indoor.dew_point,℃,4.2
2026-08-08 00:00:00,pressure.relative,inHg,28.16
2026-08-08 01:00:00,soil_ch1.soilmoisture,%,59.0
2026-08-08 01:00:00,temp_ch2.temperature,℃,12.283333333333333
2026-08-08 01:00:00,temp_ch1.temperature,℃,13.116666666666667
2026-08-08 01:00:00,soil_ch2.soilmoisture,%,44.0
2026-08-08 01:00:00,soil_ch2.ad,,222.0
2026-08-08 01:00:00,soil_ch1.ad,,272.0
2026-08-08 01:00:00,indoor.feels_like,℃,14.966666666666667
2026-08-08 01:00:00,pressure.absolute,inHg,28.16416666666667
2026-08-08 01:00:00,indoor.temperature,℃,14.966666666666667
2026-08-08 01:00:00,indoor.humidity,%,48.0
2026-08-08 01:00:00,indoor.dew_point,℃,4.066666666666666
2026-08-08 01:00:00,indoor.app_tempin,℃,13.666666666666666
2026-08-08 01:00:00,pressure.relative,inHg,28.16416666666667
2026-08-08 02:00:00,soil_ch1.soilmoisture,%,59.0
2026-08-08 02:00:00,temp_ch2.temperature,℃,12.275
2026-08-08 02:00:00,temp_ch1.temperature,℃,13.075000000000001
2026-08-08 02:00:00,soil_ch2.soilmoisture,%,44.0
2026-08-08 02:00:00,soil_ch2.ad,,222.0
2026-08-08 02:00:00,soil_ch1.ad,,272.0
2026-08-08 02:00:00,indoor.feels_like,℃,14.816666666666668
2026-08-08 02:00:00,pressure.absolute,inHg,28.168333333333337
2026-08-08 02:00:00,indoor.temperature,℃,14.816666666666668
2026-08-08 02:00:00,indoor.humidity,%,48.0
2026-08-08 02:00:00,indoor.dew_point,℃,3.9166666666666665
2026-08-08 02:00:00,indoor.app_tempin,℃,13.466666666666667
2026-08-08 02:00:00,pressure.relative,inHg,28.168333333333337
2026-08-08 03:00:00,temp_ch2.temperature,℃,12.241666666666667
2026-08-08 03:00:00,temp_ch1.temperature,℃,13.041666666666666
2026-08-08 03:00:00,soil_ch2.soilmoisture,%,44.0
2026-08-08 03:00:00,soil_ch2.ad,,222.0
2026-08-08 03:00:00,soil_ch1.soilmoisture,%,59.0
2026-08-08 03:00:00,soil_ch1.ad,,272.0
2026-08-08 03:00:00,pressure.relative,inHg,28.171666666666667
2026-08-08 03:00:00,indoor.temperature,℃,14.683333333333332
2026-08-08 03:00:00,indoor.humidity,%,47.833333333333336
2026-08-08 03:00:00,indoor.feels_like,℃,14.683333333333332
2026-08-08 03:00:00,indoor.dew_point,℃,3.7583333333333333
2026-08-08 03:00:00,indoor.app_tempin,℃,13.283333333333333
2026-08-08 03:00:00,pressure.absolute,inHg,28.171666666666667
2026-08-08 04:00:00,soil_ch1.ad,,272.0
2026-08-08 04:00:00,temp_ch2.temperature,℃,12.225
2026-08-08 04:00:00,temp_ch1.temperature,℃,12.966666666666667
2026-08-08 04:00:00,soil_ch2.soilmoisture,%,44.0
2026-08-08 04:00:00,soil_ch1.soilmoisture,%,59.0
2026-08-08 04:00:00,pressure.relative,inHg,28.1775
2026-08-08 04:00:00,soil_ch2.ad,,222.0
2026-08-08 04:00:00,indoor.temperature,℃,14.575000000000001
2026-08-08 04:00:00,indoor.humidity,%,47.0
2026-08-08 04:00:00,pressure.absolute,inHg,28.1775
2026-08-08 04:00:00,indoor.feels_like,℃,14.575000000000001
2026-08-08 04:00:00,indoor.dew_point,℃,3.375
2026-08-08 04:00:00,indoor.app_tempin,℃,13.158333333333333
2026-08-08 05:00:00,temp_ch2.temperature,℃,12.199999999999998
2026-08-08 05:00:00,temp_ch1.temperature,℃,12.9
2026-08-08 05:00:00,soil_ch2.soilmoisture,%,44.0
2026-08-08 05:00:00,soil_ch2.ad,,222.0
2026-08-08 05:00:00,soil_ch1.soilmoisture,%,59.0
2026-08-08 05:00:00,soil_ch1.ad,,272.0
2026-08-08 05:00:00,pressure.relative,inHg,28.180833333333336
2026-08-08 05:00:00,pressure.absolute,inHg,28.180833333333336
2026-08-08 05:00:00,indoor.temperature,℃,14.441666666666668
2026-08-08 05:00:00,indoor.humidity,%,48.0
2026-08-08 05:00:00,indoor.feels_like,℃,14.441666666666668
2026-08-08 05:00:00,indoor.dew_point,℃,3.6
2026-08-08 05:00:00,indoor.app_tempin,℃,13.041666666666666
2026-08-08 06:00:00,temp_ch1.temperature,℃,12.841666666666667
2026-08-08 06:00:00,soil_ch2.soilmoisture,%,44.0
2026-08-08 06:00:00,soil_ch2.ad,,222.0
2026-08-08 06:00:00,soil_ch1.soilmoisture,%,59.0
2026-08-08 06:00:00,soil_ch1.ad,,271.0833333333333
2026-08-08 06:00:00,pressure.relative,inHg,28.17833333333333
2026-08-08 06:00:00,temp_ch2.temperature,℃,12.199999999999998
2026-08-08 06:00:00,indoor.temperature,℃,14.316666666666668
2026-08-08 06:00:00,indoor.humidity,%,48.0
2026-08-08 06:00:00,indoor.feels_like,℃,14.308333333333335
2026-08-08 06:00:00,indoor.dew_point,℃,3.4166666666666665
2026-08-08 06:00:00,indoor.app_tempin,℃,12.9
2026-08-08 06:00:00,pressure.absolute,inHg,28.17833333333333
2026-08-08 07:00:00,temp_ch1.temperature,℃,12.783333333333333
2026-08-08 07:00:00,soil_ch2.soilmoisture,%,44.0
2026-08-08 07:00:00,soil_ch2.ad,,221.75
2026-08-08 07:00:00,soil_ch1.soilmoisture,%,59.0
2026-08-08 07:00:00,soil_ch1.ad,,271.0
2026-08-08 07:00:00,pressure.relative,inHg,28.168333333333337
2026-08-08 07:00:00,temp_ch2.temperature,℃,12.149999999999999
2026-08-08 07:00:00,indoor.temperature,℃,14.183333333333332
2026-08-08 07:00:00,indoor.humidity,%,48.0
2026-08-08 07:00:00,indoor.feels_like,℃,14.183333333333332
2026-08-08 07:00:00,indoor.dew_point,℃,3.2999999999999994
2026-08-08 07:00:00,indoor.app_tempin,℃,12.783333333333333
2026-08-08 07:00:00,pressure.absolute,inHg,28.168333333333337
2026-08-08 08:00:00,temp_ch2.temperature,℃,12.1
2026-08-08 08:00:00,temp_ch1.temperature,℃,12.699999999999998
2026-08-08 08:00:00,soil_ch2.soilmoisture,%,44.0
2026-08-08 08:00:00,soil_ch2.ad,,221.08333333333334
2026-08-08 08:00:00,soil_ch1.soilmoisture,%,59.0
2026-08-08 08:00:00,soil_ch1.ad,,271.0
2026-08-08 08:00:00,pressure.relative,inHg,28.16916666666667
2026-08-08 08:00:00,indoor.temperature,℃,14.058333333333332
2026-08-08 08:00:00,indoor.humidity,%,48.916666666666664
2026-08-08 08:00:00,indoor.feels_like,℃,14.058333333333332
2026-08-08 08:00:00,indoor.dew_point,℃,3.466666666666667
2026-08-08 08:00:00,indoor.app_tempin,℃,12.658333333333333
2026-08-08 08:00:00,pressure.absolute,inHg,28.16916666666667
2026-08-08 09:00:00,soil_ch1.soilmoisture,%,58.666666666666664
2026-08-08 09:00:00,temp_ch2.temperature,℃,12.108333333333333
2026-08-08 09:00:00,temp_ch1.temperature,℃,12.649999999999999
2026-08-08 09:00:00,soil_ch2.soilmoisture,%,44.0
2026-08-08 09:00:00,soil_ch2.ad,,221.0
2026-08-08 09:00:00,soil_ch1.ad,,270.6666666666667
2026-08-08 09:00:00,indoor.feels_like,℃,13.858333333333334
2026-08-08 09:00:00,pressure.absolute,inHg,28.1775
2026-08-08 09:00:00,indoor.temperature,℃,13.858333333333334
2026-08-08 09:00:00,indoor.humidity,%,49.0
2026-08-08 09:00:00,pressure.relative,inHg,28.1775
2026-08-08 09:00:00,indoor.dew_point,℃,3.3249999999999997
2026-08-08 09:00:00,indoor.app_tempin,℃,12.366666666666667
2026-08-08 10:00:00,temp_ch2.temperature,℃,12.1
2026-08-08 10:00:00,temp_ch1.temperature,℃,12.6
2026-08-08 10:00:00,soil_ch2.soilmoisture,%,44.0
2026-08-08 10:00:00,soil_ch2.ad,,221.0
2026-08-08 10:00:00,soil_ch1.soilmoisture,%,58.0
2026-08-08 10:00:00,soil_ch1.ad,,270.0
2026-08-08 10:00:00,pressure.relative,inHg,28.1825
2026-08-08 10:00:00,pressure.absolute,inHg,28.1825
2026-08-08 10:00:00,indoor.temperature,℃,13.766666666666666
2026-08-08 10:00:00,indoor.humidity,%,49.25
2026-08-08 10:00:00,indoor.feels_like,℃,13.766666666666666
2026-08-08 10:00:00,indoor.dew_point,℃,3.3000000000000003
2026-08-08 10:00:00,indoor.app_tempin,℃,12.300000000000002
2026-08-08 11:00:00,temp_ch2.temperature,℃,12.1
2026-08-08 11:00:00,temp_ch1.temperature,℃,12.525
2026-08-08 11:00:00,soil_ch2.soilmoisture,%,44.0
2026-08-08 11:00:00,soil_ch2.ad,,221.0
2026-08-08 11:00:00,soil_ch1.soilmoisture,%,58.0
2026-08-08 11:00:00,soil_ch1.ad,,270.0
2026-08-08 11:00:00,pressure.relative,inHg,28.19
2026-08-08 11:00:00,pressure.absolute,inHg,28.19
2026-08-08 11:00:00,indoor.temperature,℃,13.649999999999999
2026-08-08 11:00:00,indoor.humidity,%,50.583333333333336
2026-08-08 11:00:00,indoor.feels_like,℃,13.649999999999999
2026-08-08 11:00:00,indoor.dew_point,℃,3.5666666666666664
2026-08-08 11:00:00,indoor.app_tempin,℃,12.233333333333334
2026-08-08 12:00:00,temp_ch2.temperature,℃,12.1
2026-08-08 12:00:00,temp_ch1.temperature,℃,12.483333333333334
2026-08-08 12:00:00,soil_ch2.soilmoisture,%,44.0
2026-08-08 12:00:00,soil_ch2.ad,,221.0
2026-08-08 12:00:00,soil_ch1.soilmoisture,%,58.0
2026-08-08 12:00:00,soil_ch1.ad,,270.0
2026-08-08 12:00:00,pressure.relative,inHg,28.1975
2026-08-08 12:00:00,pressure.absolute,inHg,28.1975
2026-08-08 12:00:00,indoor.temperature,℃,13.666666666666666
2026-08-08 12:00:00,indoor.humidity,%,50.916666666666664
2026-08-08 12:00:00,indoor.feels_like,℃,13.666666666666666
2026-08-08 12:00:00,indoor.dew_point,℃,3.733333333333333
2026-08-08 12:00:00,indoor.app_tempin,℃,12.283333333333333
2026-08-08 13:00:00,temp_ch1.temperature,℃,12.408333333333333
2026-08-08 13:00:00,soil_ch2.soilmoisture,%,44.0
2026-08-08 13:00:00,soil_ch2.ad,,221.0
2026-08-08 13:00:00,soil_ch1.soilmoisture,%,58.0
2026-08-08 13:00:00,soil_ch1.ad,,270.0
2026-08-08 13:00:00,pressure.relative,inHg,28.195833333333336
2026-08-08 13:00:00,temp_ch2.temperature,℃,12.041666666666666
2026-08-08 13:00:00,indoor.temperature,℃,14.450000000000001
2026-08-08 13:00:00,indoor.humidity,%,49.583333333333336
2026-08-08 13:00:00,indoor.feels_like,℃,14.450000000000001
2026-08-08 13:00:00,indoor.dew_point,℃,4.033333333333333
2026-08-08 13:00:00,indoor.app_tempin,℃,13.125
2026-08-08 13:00:00,pressure.absolute,inHg,28.195833333333336
2026-08-08 14:00:00,temp_ch2.temperature,℃,12.041666666666666
2026-08-08 14:00:00,temp_ch1.temperature,℃,12.4
2026-08-08 14:00:00,soil_ch2.soilmoisture,%,44.0
2026-08-08 14:00:00,soil_ch2.ad,,221.0
2026-08-08 14:00:00,soil_ch1.soilmoisture,%,58.0
2026-08-08 14:00:00,soil_ch1.ad,,270.0
2026-08-08 14:00:00,pressure.relative,inHg,28.2025
2026-08-08 14:00:00,pressure.absolute,inHg,28.2025
2026-08-08 14:00:00,indoor.temperature,℃,14.825000000000001
2026-08-08 14:00:00,indoor.humidity,%,49.0
2026-08-08 14:00:00,indoor.feels_like,℃,14.825000000000001
2026-08-08 14:00:00,indoor.dew_point,℃,4.216666666666667
2026-08-08 14:00:00,indoor.app_tempin,℃,13.525
2026-08-08 15:00:00,temp_ch1.temperature,℃,12.4
2026-08-08 15:00:00,soil_ch2.soilmoisture,%,44.0
2026-08-08 15:00:00,soil_ch2.ad,,221.0
2026-08-08 15:00:00,soil_ch1.soilmoisture,%,58.0
2026-08-08 15:00:00,soil_ch1.ad,,269.5
2026-08-08 15:00:00,pressure.relative,inHg,28.1975
2026-08-08 15:00:00,temp_ch2.temperature,℃,12.041666666666666
2026-08-08 15:00:00,indoor.temperature,℃,15.049999999999999
2026-08-08 15:00:00,indoor.humidity,%,48.083333333333336
2026-08-08 15:00:00,indoor.feels_like,℃,15.049999999999999
2026-08-08 15:00:00,indoor.dew_point,℃,4.158333333333333
2026-08-08 15:00:00,indoor.app_tempin,℃,13.783333333333333
2026-08-08 15:00:00,pressure.absolute,inHg,28.1975
2026-08-08 16:00:00,temp_ch1.temperature,℃,12.4
2026-08-08 16:00:00,soil_ch2.soilmoisture,%,44.0
2026-08-08 16:00:00,soil_ch2.ad,,221.0
2026-08-08 16:00:00,soil_ch1.soilmoisture,%,58.0
2026-08-08 16:00:00,soil_ch1.ad,,269.0
2026-08-08 16:00:00,pressure.relative,inHg,28.18416666666667
2026-08-08 16:00:00,temp_ch2.temperature,℃,12.0
2026-08-08 16:00:00,indoor.temperature,℃,15.199999999999998
2026-08-08 16:00:00,indoor.humidity,%,47.833333333333336
2026-08-08 16:00:00,indoor.feels_like,℃,15.199999999999998
2026-08-08 16:00:00,indoor.dew_point,℃,4.25
2026-08-08 16:00:00,indoor.app_tempin,℃,13.9
2026-08-08 16:00:00,pressure.absolute,inHg,28.18416666666667
2026-08-08 17:00:00,temp_ch2.temperature,℃,12.008333333333333
2026-08-08 17:00:00,temp_ch1.temperature,℃,12.450000000000001
2026-08-08 17:00:00,soil_ch2.soilmoisture,%,43.5
2026-08-08 17:00:00,soil_ch2.ad,,220.5
2026-08-08 17:00:00,soil_ch1.soilmoisture,%,58.0
2026-08-08 17:00:00,soil_ch1.ad,,269.0
2026-08-08 17:00:00,pressure.relative,inHg,28.165833333333335
2026-08-08 17:00:00,indoor.temperature,℃,15.199999999999998
2026-08-08 17:00:00,indoor.humidity,%,45.583333333333336
2026-08-08 17:00:00,indoor.feels_like,℃,15.199999999999998
2026-08-08 17:00:00,indoor.dew_point,℃,3.516666666666667
2026-08-08 17:00:00,indoor.app_tempin,℃,13.808333333333332
2026-08-08 17:00:00,pressure.absolute,inHg,28.165833333333335
2026-08-08 18:00:00,soil_ch1.ad,,269.0
2026-08-08 18:00:00,temp_ch2.temperature,℃,12.0
2026-08-08 18:00:00,temp_ch1.temperature,℃,12.483333333333334
2026-08-08 18:00:00,soil_ch2.soilmoisture,%,43.0
2026-08-08 18:00:00,soil_ch1.soilmoisture,%,58.0
2026-08-08 18:00:00,pressure.relative,inHg,28.145
2026-08-08 18:00:00,soil_ch2.ad,,220.0
2026-08-08 18:00:00,indoor.temperature,℃,15.133333333333333
2026-08-08 18:00:00,indoor.humidity,%,43.416666666666664
2026-08-08 18:00:00,pressure.absolute,inHg,28.145
2026-08-08 18:00:00,indoor.feels_like,℃,15.133333333333333
2026-08-08 18:00:00,indoor.dew_point,℃,2.8083333333333336
2026-08-08 18:00:00,indoor.app_tempin,℃,13.6
2026-08-08 19:00:00,temp_ch2.temperature,℃,11.966666666666667
2026-08-08 19:00:00,temp_ch1.temperature,℃,12.566666666666668
2026-08-08 19:00:00,soil_ch2.soilmoisture,%,43.0
2026-08-08 19:00:00,soil_ch2.ad,,220.0
2026-08-08 19:00:00,soil_ch1.soilmoisture,%,58.0
2026-08-08 19:00:00,soil_ch1.ad,,268.1666666666667
2026-08-08 19:00:00,pressure.relative,inHg,28.124166666666667
2026-08-08 19:00:00,pressure.absolute,inHg,28.124166666666667
2026-08-08 19:00:00,indoor.temperature,℃,14.983333333333334
2026-08-08 19:00:00,indoor.humidity,%,43.0
2026-08-08 19:00:00,indoor.feels_like,℃,14.983333333333334
2026-08-08 19:00:00,indoor.dew_point,℃,2.533333333333333
2026-08-08 19:00:00,indoor.app_tempin,℃,13.375
2026-08-08 20:00:00,temp_ch2.temperature,℃,11.916666666666666
2026-08-08 20:00:00,temp_ch1.temperature,℃,12.6
2026-08-08 20:00:00,soil_ch2.soilmoisture,%,43.0
2026-08-08 20:00:00,soil_ch2.ad,,220.0
2026-08-08 20:00:00,soil_ch1.soilmoisture,%,58.0
2026-08-08 20:00:00,soil_ch1.ad,,268.0
2026-08-08 20:00:00,pressure.relative,inHg,28.1125
2026-08-08 20:00:00,pressure.absolute,inHg,28.1125
2026-08-08 20:00:00,indoor.temperature,℃,14.908333333333333
2026-08-08 20:00:00,indoor.humidity,%,42.166666666666664
2026-08-08 20:00:00,indoor.feels_like,℃,14.908333333333333
2026-08-08 20:00:00,indoor.dew_point,℃,2.1750000000000003
2026-08-08 20:00:00,indoor.app_tempin,℃,13.225
2026-08-08 21:00:00,temp_ch2.temperature,℃,11.908333333333333
2026-08-08 21:00:00,temp_ch1.temperature,℃,12.6
2026-08-08 21:00:00,soil_ch2.soilmoisture,%,43.0
2026-08-08 21:00:00,soil_ch2.ad,,220.0
2026-08-08 21:00:00,soil_ch1.soilmoisture,%,58.0
2026-08-08 21:00:00,soil_ch1.ad,,268.0
2026-08-08 21:00:00,pressure.relative,inHg,28.11
2026-08-08 21:00:00,pressure.absolute,inHg,28.11
2026-08-08 21:00:00,indoor.temperature,℃,14.741666666666667
2026-08-08 21:00:00,indoor.humidity,%,43.166666666666664
2026-08-08 21:00:00,indoor.feels_like,℃,14.75
2026-08-08 21:00:00,indoor.dew_point,℃,2.35
2026-08-08 21:00:00,indoor.app_tempin,℃,13.125
2026-08-08 22:00:00,temp_ch1.temperature,℃,12.591666666666667
2026-08-08 22:00:00,soil_ch2.soilmoisture,%,43.0
2026-08-08 22:00:00,soil_ch2.ad,,219.91666666666666
2026-08-08 22:00:00,soil_ch1.soilmoisture,%,58.0
2026-08-08 22:00:00,soil_ch1.ad,,268.0
2026-08-08 22:00:00,pressure.relative,inHg,28.129166666666666
2026-08-08 22:00:00,temp_ch2.temperature,℃,11.916666666666666
2026-08-08 22:00:00,indoor.temperature,℃,14.458333333333334
2026-08-08 22:00:00,indoor.humidity,%,44.583333333333336
2026-08-08 22:00:00,indoor.feels_like,℃,14.458333333333334
2026-08-08 22:00:00,indoor.dew_point,℃,2.5416666666666665
2026-08-08 22:00:00,indoor.app_tempin,℃,12.858333333333334
2026-08-08 22:00:00,pressure.absolute,inHg,28.129166666666666
2026-08-08 23:00:00,temp_ch2.temperature,℃,11.950000000000001
2026-08-08 23:00:00,temp_ch1.temperature,℃,12.558333333333332
2026-08-08 23:00:00,soil_ch2.soilmoisture,%,43.0
2026-08-08 23:00:00,soil_ch2.ad,,219.66666666666666
2026-08-08 23:00:00,soil_ch1.soilmoisture,%,57.833333333333336
2026-08-08 23:00:00,soil_ch1.ad,,267.8333333333333
2026-08-08 23:00:00,pressure.relative,inHg,28.146666666666665
2026-08-08 23:00:00,pressure.absolute,inHg,28.146666666666665
2026-08-08 23:00:00,indoor.temperature,℃,14.341666666666667
2026-08-08 23:00:00,indoor.humidity,%,43.333333333333336
2026-08-08 23:00:00,indoor.feels_like,℃,14.325000000000001
2026-08-08 23:00:00,indoor.dew_point,℃,2.0416666666666665
2026-08-08 23:00:00,indoor.app_tempin,℃,12.666666666666666
2026-08-09 00:00:00,temp_ch1.temperature,℃,12.516666666666666
2026-08-09 00:00:00,soil_ch2.soilmoisture,%,43.0
2026-08-09 00:00:00,soil_ch2.ad,,219.16666666666666
2026-08-09 00:00:00,soil_ch1.soilmoisture,%,57.833333333333336
2026-08-09 00:00:00,soil_ch1.ad,,267.8333333333333
2026-08-09 00:00:00,pressure.relative,inHg,28.1575
2026-08-09 00:00:00,temp_ch2.temperature,℃,11.933333333333332
2026-08-09 00:00:00,indoor.temperature,℃,14.166666666666666
2026-08-09 00:00:00,indoor.humidity,%,43.0
2026-08-09 00:00:00,indoor.feels_like,℃,14.166666666666666
2026-08-09 00:00:00,indoor.dew_point,℃,1.7666666666666666
2026-08-09 00:00:00,indoor.app_tempin,℃,12.466666666666667
2026-08-09 00:00:00,pressure.absolute,inHg,28.1575
2026-08-09 01:00:00,temp_ch1.temperature,℃,12.491666666666667
2026-08-09 01:00:00,soil_ch2.soilmoisture,%,43.0
2026-08-09 01:00:00,soil_ch2.ad,,219.0
2026-08-09 01:00:00,soil_ch1.soilmoisture,%,57.666666666666664
2026-08-09 01:00:00,soil_ch1.ad,,267.6666666666667
2026-08-09 01:00:00,pressure.relative,inHg,28.159166666666668
2026-08-09 01:00:00,temp_ch2.temperature,℃,11.916666666666666
2026-08-09 01:00:00,indoor.temperature,℃,14.025
2026-08-09 01:00:00,indoor.humidity,%,43.083333333333336
2026-08-09 01:00:00,indoor.feels_like,℃,14.025
2026-08-09 01:00:00,indoor.dew_point,℃,1.6583333333333332
2026-08-09 01:00:00,indoor.app_tempin,℃,12.316666666666668
2026-08-09 01:00:00,pressure.absolute,inHg,28.159166666666668
2026-08-09 02:00:00,temp_ch2.temperature,℃,11.916666666666666
2026-08-09 02:00:00,temp_ch1.temperature,℃,12.416666666666666
2026-08-09 02:00:00,soil_ch2.soilmoisture,%,43.0
2026-08-09 02:00:00,soil_ch2.ad,,219.0
2026-08-09 02:00:00,soil_ch1.soilmoisture,%,57.333333333333336
2026-08-09 02:00:00,soil_ch1.ad,,267.3333333333333
2026-08-09 02:00:00,pressure.relative,inHg,28.155833333333334
2026-08-09 02:00:00,indoor.temperature,℃,13.833333333333334
2026-08-09 02:00:00,indoor.humidity,%,44.416666666666664
2026-08-09 02:00:00,indoor.feels_like,℃,13.833333333333334
2026-08-09 02:00:00,indoor.dew_point,℃,1.925
2026-08-09 02:00:00,indoor.app_tempin,℃,12.141666666666666
2026-08-09 02:00:00,pressure.absolute,inHg,28.155833333333334
2026-08-09 03:00:00,soil_ch1.ad,,267.0833333333333
2026-08-09 03:00:00,temp_ch1.temperature,℃,12.4
2026-08-09 03:00:00,soil_ch2.soilmoisture,%,43.0
2026-08-09 03:00:00,soil_ch2.ad,,219.0
2026-08-09 03:00:00,soil_ch1.soilmoisture,%,57.083333333333336
2026-08-09 03:00:00,pressure.relative,inHg,28.149999999999995
2026-08-09 03:00:00,temp_ch2.temperature,℃,11.908333333333333
2026-08-09 03:00:00,indoor.temperature,℃,13.658333333333333
2026-08-09 03:00:00,indoor.app_tempin,℃,11.983333333333334
2026-08-09 03:00:00,indoor.dew_point,℃,2.1833333333333336
2026-08-09 03:00:00,pressure.absolute,inHg,28.149999999999995
2026-08-09 03:00:00,indoor.humidity,%,45.833333333333336
2026-08-09 03:00:00,indoor.feels_like,℃,13.666666666666666
2026-08-09 04:00:00,temp_ch2.temperature,℃,11.950000000000001
2026-08-09 04:00:00,temp_ch1.temperature,℃,12.375
2026-08-09 04:00:00,soil_ch2.soilmoisture,%,43.0
2026-08-09 04:00:00,soil_ch2.ad,,219.0
2026-08-09 04:00:00,soil_ch1.ad,,267.0
2026-08-09 04:00:00,pressure.relative,inHg,28.145
2026-08-09 04:00:00,soil_ch1.soilmoisture,%,57.0
2026-08-09 04:00:00,indoor.temperature,℃,13.450000000000001
2026-08-09 04:00:00,indoor.humidity,%,46.0
2026-08-09 04:00:00,indoor.feels_like,℃,13.450000000000001
2026-08-09 04:00:00,indoor.dew_point,℃,2.058333333333333
2026-08-09 04:00:00,indoor.app_tempin,℃,11.766666666666666
2026-08-09 04:00:00,pressure.absolute,inHg,28.145
2026-08-09 05:00:00,soil_ch1.ad,,267.0
2026-08-09 05:00:00,temp_ch1.temperature,℃,12.300000000000002
2026-08-09 05:00:00,soil_ch2.soilmoisture,%,43.0
2026-08-09 05:00:00,soil_ch2.ad,,219.0
2026-08-09 05:00:00,soil_ch1.soilmoisture,%,57.0
2026-08-09 05:00:00,pressure.relative,inHg,28.141666666666666
2026-08-09 05:00:00,temp_ch2.temperature,℃,11.9
2026-08-09 05:00:00,indoor.temperature,℃,13.191666666666668
2026-08-09 05:00:00,indoor.humidity,%,46.666666666666664
2026-08-09 05:00:00,indoor.feels_like,℃,13.200000000000001
2026-08-09 05:00:00,indoor.dew_point,℃,2.0500000000000003
2026-08-09 05:00:00,indoor.app_tempin,℃,11.525
2026-08-09 05:00:00,pressure.absolute,inHg,28.141666666666666
2026-08-09 06:00:00,temp_ch1.temperature,℃,12.216666666666667
2026-08-09 06:00:00,soil_ch2.soilmoisture,%,43.0
2026-08-09 06:00:00,soil_ch2.ad,,219.0
2026-08-09 06:00:00,soil_ch1.soilmoisture,%,57.0
2026-08-09 06:00:00,soil_ch1.ad,,267.0
2026-08-09 06:00:00,pressure.relative,inHg,28.128333333333334
2026-08-09 06:00:00,temp_ch2.temperature,℃,11.9
2026-08-09 06:00:00,indoor.temperature,℃,12.924999999999999
2026-08-09 06:00:00,pressure.absolute,inHg,28.128333333333334
2026-08-09 06:00:00,indoor.app_tempin,℃,11.225
2026-08-09 06:00:00,indoor.dew_point,℃,1.883333333333333
2026-08-09 06:00:00,indoor.feels_like,℃,12.924999999999999
2026-08-09 06:00:00,indoor.humidity,%,47.0
2026-08-09 07:00:00,temp_ch2.temperature,℃,11.883333333333333
2026-08-09 07:00:00,temp_ch1.temperature,℃,12.166666666666666
2026-08-09 07:00:00,soil_ch2.soilmoisture,%,43.0
2026-08-09 07:00:00,soil_ch2.ad,,219.0
2026-08-09 07:00:00,soil_ch1.ad,,267.0
2026-08-09 07:00:00,soil_ch1.soilmoisture,%,57.0
2026-08-09 07:00:00,indoor.temperature,℃,12.683333333333332
2026-08-09 07:00:00,indoor.humidity,%,47.416666666666664
2026-08-09 07:00:00,indoor.feels_like,℃,12.683333333333332
2026-08-09 07:00:00,indoor.dew_point,℃,1.8083333333333333
2026-08-09 07:00:00,indoor.app_tempin,℃,10.975
2026-08-09 07:00:00,pressure.absolute,inHg,28.111666666666665
2026-08-09 07:00:00,pressure.relative,inHg,28.111666666666665
2026-08-09 08:00:00,temp_ch2.temperature,℃,11.816666666666668
2026-08-09 08:00:00,soil_ch1.ad,,267.0
2026-08-09 08:00:00,temp_ch1.temperature,℃,12.1
2026-08-09 08:00:00,soil_ch2.soilmoisture,%,43.0
2026-08-09 08:00:00,soil_ch2.ad,,219.0
2026-08-09 08:00:00,soil_ch1.soilmoisture,%,57.0
2026-08-09 08:00:00,pressure.relative,inHg,28.10166666666667
2026-08-09 08:00:00,indoor.temperature,℃,12.441666666666668
2026-08-09 08:00:00,indoor.humidity,%,47.25
2026-08-09 08:00:00,indoor.feels_like,℃,12.441666666666668
2026-08-09 08:00:00,indoor.dew_point,℃,1.5166666666666666
2026-08-09 08:00:00,indoor.app_tempin,℃,10.641666666666666
2026-08-09 08:00:00,pressure.absolute,inHg,28.10166666666667
2026-08-09 09:00:00,temp_ch2.temperature,℃,11.808333333333335
2026-08-09 09:00:00,temp_ch1.temperature,℃,12.016666666666666
2026-08-09 09:00:00,soil_ch2.soilmoisture,%,43.0
2026-08-09 09:00:00,soil_ch2.ad,,218.91666666666666
2026-08-09 09:00:00,soil_ch1.soilmoisture,%,57.0
2026-08-09 09:00:00,soil_ch1.ad,,267.0
2026-08-09 09:00:00,pressure.relative,inHg,28.103333333333335
2026-08-09 09:00:00,pressure.absolute,inHg,28.103333333333335
2026-08-09 09:00:00,indoor.temperature,℃,12.225
2026-08-09 09:00:00,indoor.humidity,%,47.0
2026-08-09 09:00:00,indoor.feels_like,℃,12.225
2026-08-09 09:00:00,indoor.dew_point,℃,1.2416666666666667
2026-08-09 09:00:00,indoor.app_tempin,℃,10.425
2026-08-09 10:00:00,temp_ch1.temperature,℃,11.883333333333333
2026-08-09 10:00:00,soil_ch2.soilmoisture,%,43.0
2026-08-09 10:00:00,soil_ch2.ad,,219.0
2026-08-09 10:00:00,soil_ch1.soilmoisture,%,57.0
2026-08-09 10:00:00,soil_ch1.ad,,267.0
2026-08-09 10:00:00,pressure.relative,inHg,28.11
2026-08-09 10:00:00,temp_ch2.temperature,℃,11.800000000000002
2026-08-09 10:00:00,indoor.temperature,℃,11.983333333333334
2026-08-09 10:00:00,indoor.humidity,%,47.0
2026-08-09 10:00:00,indoor.feels_like,℃,11.983333333333334
2026-08-09 10:00:00,indoor.dew_point,℃,1.0250000000000001
2026-08-09 10:00:00,indoor.app_tempin,℃,10.174999999999999
2026-08-09 10:00:00,pressure.absolute,inHg,28.11
2026-08-09 11:00:00,temp_ch1.temperature,℃,11.800000000000002
2026-08-09 11:00:00,soil_ch2.soilmoisture,%,43.0
2026-08-09 11:00:00,soil_ch2.ad,,218.58333333333334
2026-08-09 11:00:00,soil_ch1.soilmoisture,%,57.0
2026-08-09 11:00:00,soil_ch1.ad,,266.8333333333333
2026-08-09 11:00:00,pressure.relative,inHg,28.11916666666667
2026-08-09 11:00:00,temp_ch2.temperature,℃,11.800000000000002
2026-08-09 11:00:00,indoor.temperature,℃,11.766666666666666
2026-08-09 11:00:00,indoor.humidity,%,47.0
2026-08-09 11:00:00,indoor.feels_like,℃,11.758333333333333
2026-08-09 11:00:00,indoor.dew_point,℃,0.8250000000000001
2026-08-09 11:00:00,indoor.app_tempin,℃,9.883333333333335
2026-08-09 11:00:00,pressure.absolute,inHg,28.11916666666667
2026-08-09 12:00:00,temp_ch2.temperature,℃,11.800000000000002
2026-08-09 12:00:00,temp_ch1.temperature,℃,11.75
2026-08-09 12:00:00,soil_ch2.soilmoisture,%,43.0
2026-08-09 12:00:00,soil_ch2.ad,,218.5
2026-08-09 12:00:00,soil_ch1.soilmoisture,%,57.0
2026-08-09 12:00:00,soil_ch1.ad,,266.4166666666667
2026-08-09 12:00:00,pressure.relative,inHg,28.126666666666665
2026-08-09 12:00:00,indoor.temperature,℃,12.358333333333334
2026-08-09 12:00:00,indoor.humidity,%,45.916666666666664
2026-08-09 12:00:00,indoor.feels_like,℃,12.35
2026-08-09 12:00:00,indoor.dew_point,℃,1.0250000000000001
2026-08-09 12:00:00,indoor.app_tempin,℃,10.5
2026-08-09 12:00:00,pressure.absolute,inHg,28.126666666666665
2026-08-09 13:00:00,soil_ch1.ad,,266.0833333333333
2026-08-09 13:00:00,temp_ch2.temperature,℃,11.741666666666667
2026-08-09 13:00:00,temp_ch1.temperature,℃,11.658333333333333
2026-08-09 13:00:00,soil_ch2.soilmoisture,%,43.0
2026-08-09 13:00:00,soil_ch1.soilmoisture,%,57.0
2026-08-09 13:00:00,pressure.relative,inHg,28.125833333333333
2026-08-09 13:00:00,soil_ch2.ad,,218.58333333333334
2026-08-09 13:00:00,indoor.temperature,℃,13.533333333333333
2026-08-09 13:00:00,indoor.app_tempin,℃,11.808333333333332
2026-08-09 13:00:00,indoor.dew_point,℃,1.8833333333333335
2026-08-09 13:00:00,pressure.absolute,inHg,28.125833333333333
2026-08-09 13:00:00,indoor.humidity,%,45.166666666666664
2026-08-09 13:00:00,indoor.feels_like,℃,13.541666666666666
2026-08-09 14:00:00,soil_ch1.soilmoisture,%,57.0
2026-08-09 14:00:00,temp_ch2.temperature,℃,11.716666666666667
2026-08-09 14:00:00,temp_ch1.temperature,℃,11.6
2026-08-09 14:00:00,soil_ch2.soilmoisture,%,43.0
2026-08-09 14:00:00,soil_ch2.ad,,218.16666666666666
2026-08-09 14:00:00,soil_ch1.ad,,266.0
2026-08-09 14:00:00,pressure.relative,inHg,28.11583333333333
2026-08-09 14:00:00,indoor.temperature,℃,14.075000000000001
2026-08-09 14:00:00,indoor.humidity,%,46.0
2026-08-09 14:00:00,indoor.feels_like,℃,14.075000000000001
2026-08-09 14:00:00,indoor.dew_point,℃,2.658333333333333
2026-08-09 14:00:00,indoor.app_tempin,℃,12.533333333333333
2026-08-09 14:00:00,pressure.absolute,inHg,28.11583333333333
2026-08-09 15:00:00,soil_ch2.ad,,218.0
2026-08-09 15:00:00,soil_ch2.soilmoisture,%,43.0
2026-08-09 15:00:00,temp_ch2.temperature,℃,11.699999999999998
2026-08-09 15:00:00,soil_ch1.soilmoisture,%,57.0
2026-08-09 15:00:00,temp_ch1.temperature,℃,11.6
2026-08-09 15:00:00,soil_ch1.ad,,266.0
2026-08-09 15:00:00,indoor.dew_point,℃,2.8666666666666667
2026-08-09 15:00:00,pressure.absolute,inHg,28.100833333333338
2026-08-09 15:00:00,indoor.temperature,℃,14.358333333333334
2026-08-09 15:00:00,indoor.humidity,%,46.0
2026-08-09 15:00:00,indoor.feels_like,℃,14.350000000000001
2026-08-09 15:00:00,indoor.app_tempin,℃,12.850000000000001
2026-08-09 15:00:00,pressure.relative,inHg,28.100833333333338
2026-08-09 16:00:00,soil_ch1.soilmoisture,%,57.0
2026-08-09 16:00:00,temp_ch2.temperature,℃,11.658333333333333
2026-08-09 16:00:00,temp_ch1.temperature,℃,11.633333333333333
2026-08-09 16:00:00,soil_ch2.soilmoisture,%,43.0
2026-08-09 16:00:00,soil_ch2.ad,,218.0
2026-08-09 16:00:00,soil_ch1.ad,,265.5
2026-08-09 16:00:00,indoor.dew_point,℃,2.908333333333333
2026-08-09 16:00:00,pressure.absolute,inHg,28.0825
2026-08-09 16:00:00,indoor.temperature,℃,14.391666666666667
2026-08-09 16:00:00,indoor.humidity,%,46.0
2026-08-09 16:00:00,indoor.feels_like,℃,14.383333333333333
2026-08-09 16:00:00,indoor.app_tempin,℃,12.883333333333333
2026-08-09 16:00:00,pressure.relative,inHg,28.0825
2026-08-09 17:00:00,temp_ch2.temperature,℃,11.633333333333333
2026-08-09 17:00:00,temp_ch1.temperature,℃,11.691666666666665
2026-08-09 17:00:00,soil_ch2.soilmoisture,%,43.0
2026-08-09 17:00:00,soil_ch2.ad,,218.08333333333334
2026-08-09 17:00:00,soil_ch1.soilmoisture,%,57.0
2026-08-09 17:00:00,soil_ch1.ad,,265.0
2026-08-09 17:00:00,indoor.temperature,℃,14.391666666666667
2026-08-09 17:00:00,pressure.absolute,inHg,28.063333333333333
2026-08-09 17:00:00,indoor.humidity,%,45.583333333333336
2026-08-09 17:00:00,indoor.feels_like,℃,14.391666666666667
2026-08-09 17:00:00,indoor.dew_point,℃,2.766666666666667
2026-08-09 17:00:00,indoor.app_tempin,℃,12.850000000000001
2026-08-09 17:00:00,pressure.relative,inHg,28.063333333333333
2026-08-09 18:00:00,soil_ch2.ad,,218.0
2026-08-09 18:00:00,soil_ch2.soilmoisture,%,43.0
2026-08-09 18:00:00,soil_ch1.soilmoisture,%,57.0
2026-08-09 18:00:00,temp_ch2.temperature,℃,11.608333333333333
2026-08-09 18:00:00,temp_ch1.temperature,℃,11.75
2026-08-09 18:00:00,soil_ch1.ad,,265.0
2026-08-09 18:00:00,indoor.dew_point,℃,2.558333333333333
2026-08-09 18:00:00,pressure.absolute,inHg,28.046666666666667
2026-08-09 18:00:00,indoor.app_tempin,℃,12.883333333333333
2026-08-09 18:00:00,indoor.feels_like,℃,14.475
2026-08-09 18:00:00,pressure.relative,inHg,28.046666666666667
2026-08-09 18:00:00,indoor.temperature,℃,14.475
2026-08-09 18:00:00,indoor.humidity,%,44.583333333333336
2026-08-09 19:00:00,soil_ch1.soilmoisture,%,57.0
2026-08-09 19:00:00,temp_ch2.temperature,℃,11.6
2026-08-09 19:00:00,temp_ch1.temperature,℃,11.850000000000001
2026-08-09 19:00:00,soil_ch2.soilmoisture,%,43.0
2026-08-09 19:00:00,soil_ch2.ad,,218.0
2026-08-09 19:00:00,soil_ch1.ad,,265.0
2026-08-09 19:00:00,pressure.relative,inHg,28.03833333333333
2026-08-09 19:00:00,pressure.absolute,inHg,28.03833333333333
2026-08-09 19:00:00,indoor.temperature,℃,14.658333333333333
2026-08-09 19:00:00,indoor.humidity,%,44.0
2026-08-09 19:00:00,indoor.feels_like,℃,14.658333333333333
2026-08-09 19:00:00,indoor.dew_point,℃,2.5500000000000003
2026-08-09 19:00:00,indoor.app_tempin,℃,13.058333333333332
2026-08-09 20:00:00,temp_ch1.temperature,℃,11.975
2026-08-09 20:00:00,soil_ch2.soilmoisture,%,42.5
2026-08-09 20:00:00,soil_ch2.ad,,217.5
2026-08-09 20:00:00,soil_ch1.soilmoisture,%,57.0
2026-08-09 20:00:00,soil_ch1.ad,,264.0833333333333
2026-08-09 20:00:00,temp_ch2.temperature,℃,11.516666666666666
2026-08-09 20:00:00,pressure.relative,inHg,28.03333333333333
2026-08-09 20:00:00,indoor.temperature,℃,14.766666666666666
2026-08-09 20:00:00,indoor.humidity,%,42.833333333333336
2026-08-09 20:00:00,indoor.feels_like,℃,14.766666666666666
2026-08-09 20:00:00,indoor.dew_point,℃,2.2333333333333334
2026-08-09 20:00:00,indoor.app_tempin,℃,13.108333333333333
2026-08-09 20:00:00,pressure.absolute,inHg,28.03333333333333
2026-08-09 21:00:00,temp_ch2.temperature,℃,11.508333333333333
2026-08-09 21:00:00,temp_ch1.temperature,℃,12.066666666666668
2026-08-09 21:00:00,soil_ch2.soilmoisture,%,42.0
2026-08-09 21:00:00,soil_ch2.ad,,217.0
2026-08-09 21:00:00,soil_ch1.soilmoisture,%,57.0
2026-08-09 21:00:00,soil_ch1.ad,,264.0
2026-08-09 21:00:00,pressure.relative,inHg,28.0425
2026-08-09 21:00:00,indoor.temperature,℃,14.641666666666666
2026-08-09 21:00:00,indoor.humidity,%,41.416666666666664
2026-08-09 21:00:00,indoor.feels_like,℃,14.65
2026-08-09 21:00:00,indoor.dew_point,℃,1.675
2026-08-09 21:00:00,indoor.app_tempin,℃,12.924999999999999
2026-08-09 21:00:00,pressure.absolute,inHg,28.0425
2026-08-09 22:00:00,soil_ch1.ad,,264.0
2026-08-09 22:00:00,temp_ch1.temperature,℃,12.041666666666666
2026-08-09 22:00:00,soil_ch2.soilmoisture,%,42.0
2026-08-09 22:00:00,soil_ch2.ad,,217.0
2026-08-09 22:00:00,soil_ch1.soilmoisture,%,57.0
2026-08-09 22:00:00,pressure.relative,inHg,28.0525
2026-08-09 22:00:00,temp_ch2.temperature,℃,11.525
2026-08-09 22:00:00,indoor.temperature,℃,14.258333333333333
2026-08-09 22:00:00,indoor.humidity,%,42.5
2026-08-09 22:00:00,indoor.feels_like,℃,14.266666666666666
2026-08-09 22:00:00,indoor.dew_point,℃,1.7083333333333333
2026-08-09 22:00:00,indoor.app_tempin,℃,12.549999999999999
2026-08-09 22:00:00,pressure.absolute,inHg,28.0525
2026-08-09 23:00:00,temp_ch2.temperature,℃,11.549999999999999
2026-08-09 23:00:00,temp_ch1.temperature,℃,12.091666666666667
2026-08-09 23:00:00,soil_ch1.soilmoisture,%,57.0
2026-08-09 23:00:00,soil_ch2.soilmoisture,%,42.0
2026-08-09 23:00:00,soil_ch2.ad,,217.0
2026-08-09 23:00:00,soil_ch1.ad,,264.0
2026-08-09 23:00:00,indoor.dew_point,℃,1.7750000000000001
2026-08-09 23:00:00,pressure.absolute,inHg,28.069166666666664
2026-08-09 23:00:00,indoor.temperature,℃,13.933333333333332
2026-08-09 23:00:00,indoor.humidity,%,43.75
2026-08-09 23:00:00,indoor.feels_like,℃,13.933333333333332
2026-08-09 23:00:00,indoor.app_tempin,℃,12.225
2026-08-09 23:00:00,pressure.relative,inHg,28.069166666666664
2026-08-10 00:00:00,temp_ch2.temperature,℃,11.591666666666667
2026-08-10 00:00:00,temp_ch1.temperature,℃,12.1
2026-08-10 00:00:00,soil_ch2.soilmoisture,%,42.0
2026-08-10 00:00:00,soil_ch2.ad,,217.0
2026-08-10 00:00:00,soil_ch1.soilmoisture,%,57.0
2026-08-10 00:00:00,soil_ch1.ad,,264.0
2026-08-10 00:00:00,pressure.relative,inHg,28.070833333333336
2026-08-10 00:00:00,pressure.absolute,inHg,28.070833333333336
2026-08-10 00:00:00,indoor.temperature,℃,13.691666666666665
2026-08-10 00:00:00,indoor.humidity,%,44.0
2026-08-10 00:00:00,indoor.feels_like,℃,13.691666666666665
2026-08-10 00:00:00,indoor.dew_point,℃,1.6833333333333333
2026-08-10 00:00:00,indoor.app_tempin,℃,11.908333333333333
2026-08-10 01:00:00,temp_ch2.temperature,℃,11.516666666666666
2026-08-10 01:00:00,temp_ch1.temperature,℃,12.066666666666668
2026-08-10 01:00:00,soil_ch2.soilmoisture,%,42.0
2026-08-10 01:00:00,soil_ch2.ad,,217.0
2026-08-10 01:00:00,soil_ch1.soilmoisture,%,57.0
2026-08-10 01:00:00,soil_ch1.ad,,264.0833333333333
2026-08-10 01:00:00,pressure.relative,inHg,28.064999999999998
2026-08-10 01:00:00,pressure.absolute,inHg,28.064999999999998
2026-08-10 01:00:00,indoor.temperature,℃,13.450000000000001
2026-08-10 01:00:00,indoor.humidity,%,44.0
2026-08-10 01:00:00,indoor.feels_like,℃,13.450000000000001
2026-08-10 01:00:00,indoor.dew_point,℃,1.45
2026-08-10 01:00:00,indoor.app_tempin,℃,11.658333333333333
2026-08-10 02:00:00,temp_ch2.temperature,℃,11.508333333333333
2026-08-10 02:00:00,temp_ch1.temperature,℃,12.0
2026-08-10 02:00:00,soil_ch2.soilmoisture,%,42.0
2026-08-10 02:00:00,soil_ch2.ad,,217.0
2026-08-10 02:00:00,soil_ch1.soilmoisture,%,57.0
2026-08-10 02:00:00,soil_ch1.ad,,264.4166666666667
2026-08-10 02:00:00,pressure.relative,inHg,28.055833333333336
2026-08-10 02:00:00,pressure.absolute,inHg,28.055833333333336
2026-08-10 02:00:00,indoor.temperature,℃,13.316666666666668
2026-08-10 02:00:00,indoor.humidity,%,44.083333333333336
2026-08-10 02:00:00,indoor.feels_like,℃,13.316666666666668
2026-08-10 02:00:00,indoor.dew_point,℃,1.3583333333333334
2026-08-10 02:00:00,indoor.app_tempin,℃,11.516666666666666
2026-08-10 03:00:00,temp_ch1.temperature,℃,11.924999999999999
2026-08-10 03:00:00,soil_ch2.soilmoisture,%,42.0
2026-08-10 03:00:00,soil_ch2.ad,,217.0
2026-08-10 03:00:00,soil_ch1.soilmoisture,%,57.0
2026-08-10 03:00:00,soil_ch1.ad,,265.0
2026-08-10 03:00:00,pressure.relative,inHg,28.05
2026-08-10 03:00:00,temp_ch2.temperature,℃,11.549999999999999
2026-08-10 03:00:00,indoor.temperature,℃,13.174999999999999
2026-08-10 03:00:00,indoor.humidity,%,45.0
2026-08-10 03:00:00,indoor.feels_like,℃,13.183333333333332
2026-08-10 03:00:00,indoor.dew_point,℃,1.5333333333333332
2026-08-10 03:00:00,indoor.app_tempin,℃,11.408333333333333
2026-08-10 03:00:00,pressure.absolute,inHg,28.05
2026-08-10 04:00:00,temp_ch2.temperature,℃,11.516666666666666
2026-08-10 04:00:00,temp_ch1.temperature,℃,11.908333333333333
2026-08-10 04:00:00,soil_ch2.soilmoisture,%,42.0
2026-08-10 04:00:00,soil_ch2.ad,,217.0
2026-08-10 04:00:00,soil_ch1.soilmoisture,%,57.0
2026-08-10 04:00:00,soil_ch1.ad,,264.9166666666667
2026-08-10 04:00:00,pressure.relative,inHg,28.039166666666663
2026-08-10 04:00:00,pressure.absolute,inHg,28.039166666666663
2026-08-10 04:00:00,indoor.temperature,℃,13.058333333333332
2026-08-10 04:00:00,indoor.humidity,%,45.833333333333336
2026-08-10 04:00:00,indoor.feels_like,℃,13.058333333333332
2026-08-10 04:00:00,indoor.dew_point,℃,1.6666666666666667
2026-08-10 04:00:00,indoor.app_tempin,℃,11.341666666666667
2026-08-10 05:00:00,temp_ch1.temperature,℃,11.825000000000001
2026-08-10 05:00:00,soil_ch2.soilmoisture,%,42.0
2026-08-10 05:00:00,soil_ch2.ad,,216.83333333333334
2026-08-10 05:00:00,soil_ch1.soilmoisture,%,57.0
2026-08-10 05:00:00,soil_ch1.ad,,265.0
2026-08-10 05:00:00,pressure.relative,inHg,28.037499999999998
2026-08-10 05:00:00,temp_ch2.temperature,℃,11.5
2026-08-10 05:00:00,indoor.temperature,℃,12.891666666666667
2026-08-10 05:00:00,indoor.humidity,%,46.0
2026-08-10 05:00:00,indoor.feels_like,℃,12.883333333333333
2026-08-10 05:00:00,indoor.dew_point,℃,1.5666666666666667
2026-08-10 05:00:00,indoor.app_tempin,℃,11.174999999999999
2026-08-10 05:00:00,pressure.absolute,inHg,28.037499999999998
2026-08-10 06:00:00,temp_ch1.temperature,℃,11.766666666666666
2026-08-10 06:00:00,soil_ch2.soilmoisture,%,42.0
2026-08-10 06:00:00,soil_ch2.ad,,216.91666666666666
2026-08-10 06:00:00,soil_ch1.soilmoisture,%,57.0
2026-08-10 06:00:00,soil_ch1.ad,,264.9166666666667
2026-08-10 06:00:00,pressure.relative,inHg,28.0275
2026-08-10 06:00:00,temp_ch2.temperature,℃,11.5
2026-08-10 06:00:00,indoor.temperature,℃,12.733333333333334
2026-08-10 06:00:00,indoor.humidity,%,46.666666666666664
2026-08-10 06:00:00,indoor.feels_like,℃,12.733333333333334
2026-08-10 06:00:00,indoor.dew_point,℃,1.625
2026-08-10 06:00:00,indoor.app_tempin,℃,11.025
2026-08-10 06:00:00,pressure.absolute,inHg,28.0275
2026-08-10 07:00:00,temp_ch2.temperature,℃,11.508333333333333
2026-08-10 07:00:00,temp_ch1.temperature,℃,11.699999999999998
2026-08-10 07:00:00,soil_ch2.soilmoisture,%,42.0
2026-08-10 07:00:00,soil_ch2.ad,,216.16666666666666
2026-08-10 07:00:00,soil_ch1.soilmoisture,%,57.0
2026-08-10 07:00:00,soil_ch1.ad,,265.0
2026-08-10 07:00:00,pressure.relative,inHg,28.020833333333332
2026-08-10 07:00:00,indoor.temperature,℃,12.558333333333332
2026-08-10 07:00:00,indoor.humidity,%,47.416666666666664
2026-08-10 07:00:00,indoor.feels_like,℃,12.558333333333332
2026-08-10 07:00:00,indoor.dew_point,℃,1.7083333333333333
2026-08-10 07:00:00,indoor.app_tempin,℃,10.825000000000001
2026-08-10 07:00:00,pressure.absolute,inHg,28.020833333333332
2026-08-10 08:00:00,soil_ch1.ad,,264.5
2026-08-10 08:00:00,temp_ch1.temperature,℃,11.699999999999998
2026-08-10 08:00:00,soil_ch2.soilmoisture,%,42.0
2026-08-10 08:00:00,soil_ch2.ad,,216.0
2026-08-10 08:00:00,soil_ch1.soilmoisture,%,57.0
2026-08-10 08:00:00,temp_ch2.temperature,℃,11.5
2026-08-10 08:00:00,pressure.relative,inHg,28.021666666666665
2026-08-10 08:00:00,indoor.temperature,℃,12.433333333333332
2026-08-10 08:00:00,indoor.humidity,%,48.0
2026-08-10 08:00:00,indoor.feels_like,℃,12.433333333333332
2026-08-10 08:00:00,indoor.dew_point,℃,1.7333333333333334
2026-08-10 08:00:00,indoor.app_tempin,℃,10.725
2026-08-10 08:00:00,pressure.absolute,inHg,28.021666666666665
2026-08-10 09:00:00,temp_ch2.temperature,℃,11.508333333333333
2026-08-10 09:00:00,temp_ch1.temperature,℃,11.625
2026-08-10 09:00:00,soil_ch2.soilmoisture,%,42.0
2026-08-10 09:00:00,soil_ch2.ad,,216.0
2026-08-10 09:00:00,soil_ch1.soilmoisture,%,57.0
2026-08-10 09:00:00,soil_ch1.ad,,264.3333333333333
2026-08-10 09:00:00,pressure.relative,inHg,28.025833333333335
2026-08-10 09:00:00,pressure.absolute,inHg,28.025833333333335
2026-08-10 09:00:00,indoor.temperature,℃,12.299999999999999
2026-08-10 09:00:00,indoor.humidity,%,48.083333333333336
2026-08-10 09:00:00,indoor.feels_like,℃,12.291666666666666
2026-08-10 09:00:00,indoor.dew_point,℃,1.625
2026-08-10 09:00:00,indoor.app_tempin,℃,10.566666666666666
2026-08-10 10:00:00,temp_ch2.temperature,℃,11.491666666666667
2026-08-10 10:00:00,temp_ch1.temperature,℃,11.6
2026-08-10 10:00:00,soil_ch2.soilmoisture,%,42.0
2026-08-10 10:00:00,soil_ch2.ad,,216.0
2026-08-10 10:00:00,soil_ch1.soilmoisture,%,57.0
2026-08-10 10:00:00,soil_ch1.ad,,264.1666666666667
2026-08-10 10:00:00,pressure.relative,inHg,28.035
2026-08-10 10:00:00,pressure.absolute,inHg,28.035
2026-08-10 10:00:00,indoor.temperature,℃,12.183333333333332
2026-08-10 10:00:00,indoor.humidity,%,48.833333333333336
2026-08-10 10:00:00,indoor.feels_like,℃,12.199999999999998
2026-08-10 10:00:00,indoor.dew_point,℃,1.7666666666666666
2026-08-10 10:00:00,indoor.app_tempin,℃,10.483333333333333
2026-08-10 11:00:00,temp_ch2.temperature,℃,11.466666666666667
2026-08-10 11:00:00,temp_ch1.temperature,℃,11.508333333333333
2026-08-10 11:00:00,soil_ch2.soilmoisture,%,42.0
2026-08-10 11:00:00,soil_ch2.ad,,216.0
2026-08-10 11:00:00,soil_ch1.soilmoisture,%,57.0
2026-08-10 11:00:00,soil_ch1.ad,,264.0
2026-08-10 11:00:00,pressure.relative,inHg,28.044166666666666
2026-08-10 11:00:00,pressure.absolute,inHg,28.044166666666666
2026-08-10 11:00:00,indoor.temperature,℃,12.083333333333334
2026-08-10 11:00:00,indoor.humidity,%,49.0
2026-08-10 11:00:00,indoor.feels_like,℃,12.091666666666667
2026-08-10 11:00:00,indoor.dew_point,℃,1.6916666666666667
2026-08-10 11:00:00,indoor.app_tempin,℃,10.383333333333335
2026-08-10 12:00:00,temp_ch1.temperature,℃,11.475
2026-08-10 12:00:00,soil_ch2.soilmoisture,%,42.0
2026-08-10 12:00:00,soil_ch2.ad,,216.0
2026-08-10 12:00:00,soil_ch1.soilmoisture,%,57.0
2026-08-10 12:00:00,soil_ch1.ad,,264.0
2026-08-10 12:00:00,pressure.relative,inHg,28.063333333333333
2026-08-10 12:00:00,temp_ch2.temperature,℃,11.408333333333333
2026-08-10 12:00:00,indoor.temperature,℃,12.016666666666666
2026-08-10 12:00:00,indoor.humidity,%,49.0
2026-08-10 12:00:00,indoor.feels_like,℃,12.016666666666666
2026-08-10 12:00:00,indoor.dew_point,℃,1.6333333333333335
2026-08-10 12:00:00,indoor.app_tempin,℃,10.308333333333334
2026-08-10 12:00:00,pressure.absolute,inHg,28.063333333333333
2026-08-10 13:00:00,temp_ch2.temperature,℃,11.441666666666668
2026-08-10 13:00:00,temp_ch1.temperature,℃,11.424999999999999
2026-08-10 13:00:00,soil_ch2.soilmoisture,%,42.0
2026-08-10 13:00:00,soil_ch2.ad,,216.0
2026-08-10 13:00:00,soil_ch1.soilmoisture,%,57.0
2026-08-10 13:00:00,soil_ch1.ad,,264.0
2026-08-10 13:00:00,pressure.relative,inHg,28.076666666666664
2026-08-10 13:00:00,pressure.absolute,inHg,28.076666666666664
2026-08-10 13:00:00,indoor.temperature,℃,12.149999999999999
2026-08-10 13:00:00,indoor.humidity,%,48.916666666666664
2026-08-10 13:00:00,indoor.feels_like,℃,12.149999999999999
2026-08-10 13:00:00,indoor.dew_point,℃,1.7166666666666668
2026-08-10 13:00:00,indoor.app_tempin,℃,10.450000000000001
2026-08-10 14:00:00,temp_ch1.temperature,℃,11.416666666666666
2026-08-10 14:00:00,soil_ch2.soilmoisture,%,42.0
2026-08-10 14:00:00,soil_ch2.ad,,216.0
2026-08-10 14:00:00,soil_ch1.soilmoisture,%,57.0
2026-08-10 14:00:00,soil_ch1.ad,,264.0
2026-08-10 14:00:00,pressure.relative,inHg,28.09
2026-08-10 14:00:00,temp_ch2.temperature,℃,11.450000000000001
2026-08-10 14:00:00,indoor.temperature,℃,12.341666666666667
2026-08-10 14:00:00,indoor.humidity,%,48.5
2026-08-10 14:00:00,indoor.feels_like,℃,12.341666666666667
2026-08-10 14:00:00,indoor.dew_point,℃,1.8
2026-08-10 14:00:00,indoor.app_tempin,℃,10.625
2026-08-10 14:00:00,pressure.absolute,inHg,28.09
2026-08-10 15:00:00,temp_ch1.temperature,℃,11.391666666666667
2026-08-10 15:00:00,soil_ch2.soilmoisture,%,42.0
2026-08-10 15:00:00,soil_ch2.ad,,216.0
2026-08-10 15:00:00,soil_ch1.soilmoisture,%,57.0
2026-08-10 15:00:00,soil_ch1.ad,,264.0
2026-08-10 15:00:00,pressure.relative,inHg,28.099166666666665
2026-08-10 15:00:00,temp_ch2.temperature,℃,11.391666666666667
2026-08-10 15:00:00,indoor.temperature,℃,12.516666666666666
2026-08-10 15:00:00,indoor.humidity,%,48.166666666666664
2026-08-10 15:00:00,indoor.feels_like,℃,12.516666666666666
2026-08-10 15:00:00,indoor.dew_point,℃,1.8666666666666665
2026-08-10 15:00:00,indoor.app_tempin,℃,10.816666666666668
2026-08-10 15:00:00,pressure.absolute,inHg,28.099166666666665
2026-08-10 16:00:00,temp_ch2.temperature,℃,11.4
2026-08-10 16:00:00,temp_ch1.temperature,℃,11.4
2026-08-10 16:00:00,soil_ch2.soilmoisture,%,42.0
2026-08-10 16:00:00,soil_ch2.ad,,216.0
2026-08-10 16:00:00,soil_ch1.soilmoisture,%,57.0
2026-08-10 16:00:00,soil_ch1.ad,,264.0
2026-08-10 16:00:00,pressure.relative,inHg,28.090833333333332
2026-08-10 16:00:00,indoor.temperature,℃,12.775
2026-08-10 16:00:00,indoor.humidity,%,48.0
2026-08-10 16:00:00,indoor.feels_like,℃,12.775
2026-08-10 16:00:00,indoor.dew_point,℃,2.0500000000000003
2026-08-10 16:00:00,indoor.app_tempin,℃,11.091666666666667
2026-08-10 16:00:00,pressure.absolute,inHg,28.090833333333332
2026-08-10 17:00:00,soil_ch1.ad,,264.0
2026-08-10 17:00:00,temp_ch1.temperature,℃,11.350000000000001
2026-08-10 17:00:00,soil_ch2.soilmoisture,%,42.0
2026-08-10 17:00:00,soil_ch2.ad,,216.0
2026-08-10 17:00:00,soil_ch1.soilmoisture,%,57.0
2026-08-10 17:00:00,pressure.relative,inHg,28.08
2026-08-10 17:00:00,temp_ch2.temperature,℃,11.358333333333334
2026-08-10 17:00:00,indoor.temperature,℃,13.083333333333334
2026-08-10 17:00:00,indoor.app_tempin,℃,11.441666666666668
2026-08-10 17:00:00,indoor.dew_point,℃,2.1
2026-08-10 17:00:00,pressure.absolute,inHg,28.08
2026-08-10 17:00:00,indoor.humidity,%,47.166666666666664
2026-08-10 17:00:00,indoor.feels_like,℃,13.083333333333334
2026-08-10 18:00:00,temp_ch2.temperature,℃,11.308333333333335
2026-08-10 18:00:00,temp_ch1.temperature,℃,11.341666666666667
2026-08-10 18:00:00,soil_ch2.soilmoisture,%,42.0
2026-08-10 18:00:00,soil_ch2.ad,,215.91666666666666
2026-08-10 18:00:00,soil_ch1.ad,,264.0
2026-08-10 18:00:00,pressure.relative,inHg,28.089166666666667
2026-08-10 18:00:00,soil_ch1.soilmoisture,%,57.0
2026-08-10 18:00:00,indoor.temperature,℃,13.275
2026-08-10 18:00:00,indoor.humidity,%,47.0
2026-08-10 18:00:00,indoor.feels_like,℃,13.275
2026-08-10 18:00:00,indoor.dew_point,℃,2.2
2026-08-10 18:00:00,indoor.app_tempin,℃,11.658333333333333
2026-08-10 18:00:00,pressure.absolute,inHg,28.089166666666667
2026-08-10 19:00:00,soil_ch1.ad,,263.9166666666667
2026-08-10 19:00:00,temp_ch1.temperature,℃,11.350000000000001
2026-08-10 19:00:00,soil_ch2.soilmoisture,%,42.0
2026-08-10 19:00:00,soil_ch2.ad,,215.25
2026-08-10 19:00:00,soil_ch1.soilmoisture,%,56.916666666666664
2026-08-10 19:00:00,pressure.relative,inHg,28.084999999999997
2026-08-10 19:00:00,temp_ch2.temperature,℃,11.341666666666667
2026-08-10 19:00:00,indoor.temperature,℃,13.4
2026-08-10 19:00:00,indoor.humidity,%,47.0
2026-08-10 19:00:00,indoor.feels_like,℃,13.375
2026-08-10 19:00:00,indoor.dew_point,℃,2.308333333333333
2026-08-10 19:00:00,indoor.app_tempin,℃,11.775
2026-08-10 19:00:00,pressure.absolute,inHg,28.084999999999997
2026-08-10 20:00:00,temp_ch1.temperature,℃,11.383333333333333
2026-08-10 20:00:00,soil_ch2.soilmoisture,%,42.0
2026-08-10 20:00:00,soil_ch2.ad,,215.0
2026-08-10 20:00:00,soil_ch1.soilmoisture,%,56.75
2026-08-10 20:00:00,soil_ch1.ad,,263.75
2026-08-10 20:00:00,pressure.relative,inHg,28.096666666666668
2026-08-10 20:00:00,temp_ch2.temperature,℃,11.358333333333334
2026-08-10 20:00:00,indoor.temperature,℃,13.491666666666667
2026-08-10 20:00:00,pressure.absolute,inHg,28.096666666666668
2026-08-10 20:00:00,indoor.app_tempin,℃,11.9
2026-08-10 20:00:00,indoor.dew_point,℃,2.6083333333333334
2026-08-10 20:00:00,indoor.feels_like,℃,13.491666666666667
2026-08-10 20:00:00,indoor.humidity,%,47.666666666666664
2026-08-10 21:00:00,temp_ch2.temperature,℃,11.300000000000002
2026-08-10 21:00:00,temp_ch1.temperature,℃,11.4
2026-08-10 21:00:00,soil_ch2.soilmoisture,%,42.0
2026-08-10 21:00:00,soil_ch2.ad,,215.0
2026-08-10 21:00:00,soil_ch1.ad,,263.0833333333333
2026-08-10 21:00:00,soil_ch1.soilmoisture,%,56.083333333333336
2026-08-10 21:00:00,indoor.temperature,℃,13.383333333333333
2026-08-10 21:00:00,indoor.humidity,%,48.083333333333336
2026-08-10 21:00:00,indoor.feels_like,℃,13.375
2026-08-10 21:00:00,indoor.dew_point,℃,2.6166666666666667
2026-08-10 21:00:00,indoor.app_tempin,℃,11.799999999999999
2026-08-10 21:00:00,pressure.absolute,inHg,28.103333333333335
2026-08-10 21:00:00,pressure.relative,inHg,28.103333333333335
2026-08-10 22:00:00,temp_ch2.temperature,℃,11.300000000000002
2026-08-10 22:00:00,soil_ch1.ad,,263.0
2026-08-10 22:00:00,temp_ch1.temperature,℃,11.4
2026-08-10 22:00:00,soil_ch2.soilmoisture,%,42.0
2026-08-10 22:00:00,soil_ch2.ad,,215.0
2026-08-10 22:00:00,soil_ch1.soilmoisture,%,56.0
2026-08-10 22:00:00,pressure.relative,inHg,28.113333333333333
2026-08-10 22:00:00,indoor.temperature,℃,13.258333333333333
2026-08-10 22:00:00,indoor.humidity,%,49.0
2026-08-10 22:00:00,indoor.feels_like,℃,13.258333333333333
2026-08-10 22:00:00,indoor.dew_point,℃,2.75
2026-08-10 22:00:00,indoor.app_tempin,℃,11.741666666666667
2026-08-10 22:00:00,pressure.absolute,inHg,28.113333333333333
2026-08-10 23:00:00,temp_ch2.temperature,℃,11.300000000000002
2026-08-10 23:00:00,temp_ch1.temperature,℃,11.433333333333332
2026-08-10 23:00:00,soil_ch2.soilmoisture,%,42.0
2026-08-10 23:00:00,soil_ch2.ad,,215.0
2026-08-10 23:00:00,soil_ch1.soilmoisture,%,56.0
2026-08-10 23:00:00,soil_ch1.ad,,263.0
2026-08-10 23:00:00,pressure.relative,inHg,28.129166666666666
2026-08-10 23:00:00,pressure.absolute,inHg,28.129166666666666
2026-08-10 23:00:00,indoor.temperature,℃,13.075000000000001
2026-08-10 23:00:00,indoor.humidity,%,49.0
2026-08-10 23:00:00,indoor.feels_like,℃,13.083333333333334
2026-08-10 23:00:00,indoor.dew_point,℃,2.6083333333333334
2026-08-10 23:00:00,indoor.app_tempin,℃,11.558333333333332
2026-08-11 00:00:00,temp_ch1.temperature,℃,11.458333333333334
2026-08-11 00:00:00,soil_ch2.soilmoisture,%,42.0
2026-08-11 00:00:00,soil_ch2.ad,,215.0
2026-08-11 00:00:00,soil_ch1.soilmoisture,%,56.0
2026-08-11 00:00:00,soil_ch1.ad,,263.0
2026-08-11 00:00:00,pressure.relative,inHg,28.13
2026-08-11 00:00:00,temp_ch2.temperature,℃,11.300000000000002
2026-08-11 00:00:00,indoor.temperature,℃,12.933333333333332
2026-08-11 00:00:00,indoor.humidity,%,49.083333333333336
2026-08-11 00:00:00,indoor.feels_like,℃,12.933333333333332
2026-08-11 00:00:00,indoor.dew_point,℃,2.5083333333333333
2026-08-11 00:00:00,indoor.app_tempin,℃,11.333333333333334
2026-08-11 00:00:00,pressure.absolute,inHg,28.13
2026-08-11 01:00:00,temp_ch1.temperature,℃,11.433333333333332
2026-08-11 01:00:00,soil_ch2.soilmoisture,%,42.0
2026-08-11 01:00:00,soil_ch2.ad,,215.0
2026-08-11 01:00:00,soil_ch1.soilmoisture,%,56.0
2026-08-11 01:00:00,soil_ch1.ad,,263.0
2026-08-11 01:00:00,pressure.relative,inHg,28.141666666666666
2026-08-11 01:00:00,temp_ch2.temperature,℃,11.300000000000002
2026-08-11 01:00:00,indoor.temperature,℃,12.766666666666666
2026-08-11 01:00:00,indoor.humidity,%,50.0
2026-08-11 01:00:00,indoor.feels_like,℃,12.758333333333333
2026-08-11 01:00:00,indoor.dew_point,℃,2.641666666666667
2026-08-11 01:00:00,indoor.app_tempin,℃,11.166666666666666
2026-08-11 01:00:00,pressure.absolute,inHg,28.141666666666666
2026-08-11 02:00:00,temp_ch2.temperature,℃,11.308333333333335
2026-08-11 02:00:00,temp_ch1.temperature,℃,11.4
2026-08-11 02:00:00,soil_ch2.soilmoisture,%,42.0
2026-08-11 02:00:00,soil_ch2.ad,,215.0
2026-08-11 02:00:00,soil_ch1.soilmoisture,%,56.0
2026-08-11 02:00:00,soil_ch1.ad,,263.0
2026-08-11 02:00:00,pressure.relative,inHg,28.149999999999995
2026-08-11 02:00:00,indoor.temperature,℃,12.633333333333333
2026-08-11 02:00:00,indoor.humidity,%,50.25
2026-08-11 02:00:00,indoor.feels_like,℃,12.641666666666666
2026-08-11 02:00:00,indoor.dew_point,℃,2.525
2026-08-11 02:00:00,indoor.app_tempin,℃,11.049999999999999
2026-08-11 02:00:00,pressure.absolute,inHg,28.149999999999995
2026-08-11 03:00:00,soil_ch1.ad,,262.5
2026-08-11 03:00:00,temp_ch2.temperature,℃,11.300000000000002
2026-08-11 03:00:00,temp_ch1.temperature,℃,11.375
2026-08-11 03:00:00,soil_ch2.soilmoisture,%,42.0
2026-08-11 03:00:00,soil_ch1.soilmoisture,%,56.0
2026-08-11 03:00:00,pressure.relative,inHg,28.150833333333335
2026-08-11 03:00:00,soil_ch2.ad,,215.0
2026-08-11 03:00:00,indoor.temperature,℃,12.516666666666666
2026-08-11 03:00:00,indoor.app_tempin,℃,10.933333333333332
2026-08-11 03:00:00,indoor.dew_point,℃,2.691666666666667
2026-08-11 03:00:00,pressure.absolute,inHg,28.150833333333335
2026-08-11 03:00:00,indoor.humidity,%,51.0
2026-08-11 03:00:00,indoor.feels_like,℃,12.516666666666666
2026-08-11 04:00:00,soil_ch1.soilmoisture,%,56.0
2026-08-11 04:00:00,temp_ch2.temperature,℃,11.300000000000002
2026-08-11 04:00:00,temp_ch1.temperature,℃,11.383333333333333
2026-08-11 04:00:00,soil_ch2.soilmoisture,%,42.0
2026-08-11 04:00:00,soil_ch2.ad,,215.0
2026-08-11 04:00:00,soil_ch1.ad,,262.0
2026-08-11 04:00:00,pressure.relative,inHg,28.1525
2026-08-11 04:00:00,indoor.temperature,℃,12.383333333333333
2026-08-11 04:00:00,indoor.humidity,%,51.166666666666664
2026-08-11 04:00:00,indoor.feels_like,℃,12.383333333333333
2026-08-11 04:00:00,indoor.dew_point,℃,2.6083333333333334
2026-08-11 04:00:00,indoor.app_tempin,℃,10.808333333333335
2026-08-11 04:00:00,pressure.absolute,inHg,28.1525
2026-08-11 05:00:00,soil_ch2.ad,,215.0
2026-08-11 05:00:00,soil_ch2.soilmoisture,%,42.0
2026-08-11 05:00:00,temp_ch2.temperature,℃,11.291666666666666
2026-08-11 05:00:00,soil_ch1.soilmoisture,%,56.0
2026-08-11 05:00:00,temp_ch1.temperature,℃,11.333333333333334
2026-08-11 05:00:00,soil_ch1.ad,,262.0
2026-08-11 05:00:00,indoor.dew_point,℃,2.7000000000000006
2026-08-11 05:00:00,pressure.absolute,inHg,28.1525
2026-08-11 05:00:00,indoor.temperature,℃,12.266666666666666
2026-08-11 05:00:00,indoor.humidity,%,52.0
2026-08-11 05:00:00,indoor.feels_like,℃,12.266666666666666
2026-08-11 05:00:00,indoor.app_tempin,℃,10.708333333333334
2026-08-11 05:00:00,pressure.relative,inHg,28.1525
2026-08-11 06:00:00,soil_ch1.soilmoisture,%,56.0
2026-08-11 06:00:00,temp_ch2.temperature,℃,11.300000000000002
2026-08-11 06:00:00,temp_ch1.temperature,℃,11.316666666666668
2026-08-11 06:00:00,soil_ch2.soilmoisture,%,42.0
2026-08-11 06:00:00,soil_ch2.ad,,214.91666666666666
2026-08-11 06:00:00,soil_ch1.ad,,262.0
2026-08-11 06:00:00,indoor.dew_point,℃,2.65
2026-08-11 06:00:00,pressure.absolute,inHg,28.140833333333333
2026-08-11 06:00:00,indoor.temperature,℃,12.158333333333333
2026-08-11 06:00:00,indoor.humidity,%,52.0
2026-08-11 06:00:00,indoor.feels_like,℃,12.166666666666666
2026-08-11 06:00:00,indoor.app_tempin,℃,10.558333333333334
2026-08-11 06:00:00,pressure.relative,inHg,28.140833333333333
2026-08-11 07:00:00,temp_ch2.temperature,℃,11.283333333333333
2026-08-11 07:00:00,temp_ch1.temperature,℃,11.300000000000002
2026-08-11 07:00:00,soil_ch2.soilmoisture,%,42.0
2026-08-11 07:00:00,soil_ch2.ad,,214.5
2026-08-11 07:00:00,soil_ch1.soilmoisture,%,56.0
2026-08-11 07:00:00,soil_ch1.ad,,261.8333333333333
2026-08-11 07:00:00,indoor.temperature,℃,12.083333333333334
2026-08-11 07:00:00,pressure.absolute,inHg,28.129166666666666
2026-08-11 07:00:00,indoor.humidity,%,53.0
2026-08-11 07:00:00,indoor.feels_like,℃,12.083333333333334
2026-08-11 07:00:00,indoor.dew_point,℃,2.7916666666666665
2026-08-11 07:00:00,indoor.app_tempin,℃,10.549999999999999
2026-08-11 07:00:00,pressure.relative,inHg,28.129166666666666
2026-08-11 08:00:00,soil_ch2.ad,,214.25
2026-08-11 08:00:00,soil_ch2.soilmoisture,%,42.0
2026-08-11 08:00:00,soil_ch1.soilmoisture,%,56.0
2026-08-11 08:00:00,temp_ch2.temperature,℃,11.275
2026-08-11 08:00:00,temp_ch1.temperature,℃,11.291666666666666
2026-08-11 08:00:00,soil_ch1.ad,,261.4166666666667
2026-08-11 08:00:00,indoor.dew_point,℃,2.6666666666666665
2026-08-11 08:00:00,pressure.absolute,inHg,28.120833333333334
2026-08-11 08:00:00,indoor.app_tempin,℃,10.366666666666667
2026-08-11 08:00:00,indoor.feels_like,℃,11.958333333333334
2026-08-11 08:00:00,pressure.relative,inHg,28.120833333333334
2026-08-11 08:00:00,indoor.temperature,℃,11.958333333333334
2026-08-11 08:00:00,indoor.humidity,%,53.0
2026-08-11 09:00:00,soil_ch1.soilmoisture,%,56.0
2026-08-11 09:00:00,temp_ch2.temperature,℃,11.25
2026-08-11 09:00:00,temp_ch1.temperature,℃,11.233333333333334
2026-08-11 09:00:00,soil_ch2.soilmoisture,%,42.0
2026-08-11 09:00:00,soil_ch2.ad,,214.08333333333334
2026-08-11 09:00:00,soil_ch1.ad,,261.0
2026-08-11 09:00:00,pressure.relative,inHg,28.12
2026-08-11 09:00:00,pressure.absolute,inHg,28.12
2026-08-11 09:00:00,indoor.temperature,℃,11.883333333333333
2026-08-11 09:00:00,indoor.humidity,%,53.166666666666664
2026-08-11 09:00:00,indoor.feels_like,℃,11.875
2026-08-11 09:00:00,indoor.dew_point,℃,2.6166666666666667
2026-08-11 09:00:00,indoor.app_tempin,℃,10.3
2026-08-11 10:00:00,temp_ch1.temperature,℃,11.208333333333334
2026-08-11 10:00:00,soil_ch2.soilmoisture,%,42.0
2026-08-11 10:00:00,soil_ch2.ad,,214.0
2026-08-11 10:00:00,soil_ch1.soilmoisture,%,55.916666666666664
2026-08-11 10:00:00,soil_ch1.ad,,261.25
2026-08-11 10:00:00,temp_ch2.temperature,℃,11.241666666666667
2026-08-11 10:00:00,pressure.relative,inHg,28.12166666666667
2026-08-11 10:00:00,indoor.temperature,℃,11.800000000000002
2026-08-11 10:00:00,indoor.humidity,%,53.916666666666664
2026-08-11 10:00:00,indoor.feels_like,℃,11.800000000000002
2026-08-11 10:00:00,indoor.dew_point,℃,2.7916666666666665
2026-08-11 10:00:00,indoor.app_tempin,℃,10.3
2026-08-11 10:00:00,pressure.absolute,inHg,28.12166666666667
2026-08-11 11:00:00,temp_ch2.temperature,℃,11.208333333333334
2026-08-11 11:00:00,temp_ch1.temperature,℃,11.199999999999998
2026-08-11 11:00:00,soil_ch2.soilmoisture,%,42.0
2026-08-11 11:00:00,soil_ch2.ad,,214.0
2026-08-11 11:00:00,soil_ch1.soilmoisture,%,56.0
2026-08-11 11:00:00,soil_ch1.ad,,262.0
2026-08-11 11:00:00,pressure.relative,inHg,28.136666666666667
2026-08-11 11:00:00,indoor.temperature,℃,11.699999999999998
2026-08-11 11:00:00,indoor.humidity,%,53.75
2026-08-11 11:00:00,indoor.feels_like,℃,11.699999999999998
2026-08-11 11:00:00,indoor.dew_point,℃,2.641666666666667
2026-08-11 11:00:00,indoor.app_tempin,℃,10.183333333333332
2026-08-11 11:00:00,pressure.absolute,inHg,28.136666666666667
2026-08-11 12:00:00,soil_ch1.ad,,262.8333333333333
2026-08-11 12:00:00,temp_ch1.temperature,℃,11.149999999999999
2026-08-11 12:00:00,soil_ch2.soilmoisture,%,42.0
2026-08-11 12:00:00,soil_ch2.ad,,214.0
2026-08-11 12:00:00,soil_ch1.soilmoisture,%,56.0
2026-08-11 12:00:00,pressure.relative,inHg,28.149166666666662
2026-08-11 12:00:00,temp_ch2.temperature,℃,11.208333333333334
2026-08-11 12:00:00,indoor.temperature,℃,11.699999999999998
2026-08-11 12:00:00,indoor.humidity,%,53.166666666666664
2026-08-11 12:00:00,indoor.feels_like,℃,11.699999999999998
2026-08-11 12:00:00,indoor.dew_point,℃,2.466666666666667
2026-08-11 12:00:00,indoor.app_tempin,℃,10.116666666666665
2026-08-11 12:00:00,pressure.absolute,inHg,28.149166666666662
2026-08-11 13:00:00,temp_ch2.temperature,℃,11.199999999999998
2026-08-11 13:00:00,temp_ch1.temperature,℃,11.158333333333333
2026-08-11 13:00:00,soil_ch1.soilmoisture,%,56.0
2026-08-11 13:00:00,soil_ch2.soilmoisture,%,42.0
2026-08-11 13:00:00,soil_ch2.ad,,214.0
2026-08-11 13:00:00,soil_ch1.ad,,263.0
2026-08-11 13:00:00,indoor.dew_point,℃,2.425
2026-08-11 13:00:00,pressure.absolute,inHg,28.159166666666668
2026-08-11 13:00:00,indoor.temperature,℃,11.733333333333334
2026-08-11 13:00:00,indoor.humidity,%,52.75
2026-08-11 13:00:00,indoor.feels_like,℃,11.733333333333334
2026-08-11 13:00:00,indoor.app_tempin,℃,10.15
2026-08-11 13:00:00,pressure.relative,inHg,28.159166666666668
2026-08-11 14:00:00,temp_ch2.temperature,℃,11.199999999999998
2026-08-11 14:00:00,temp_ch1.temperature,℃,11.183333333333332
2026-08-11 14:00:00,soil_ch2.soilmoisture,%,42.0
2026-08-11 14:00:00,soil_ch2.ad,,214.0
2026-08-11 14:00:00,soil_ch1.soilmoisture,%,56.0
2026-08-11 14:00:00,soil_ch1.ad,,263.0
2026-08-11 14:00:00,pressure.relative,inHg,28.1675
2026-08-11 14:00:00,pressure.absolute,inHg,28.1675
2026-08-11 14:00:00,indoor.temperature,℃,12.233333333333334
2026-08-11 14:00:00,indoor.humidity,%,54.083333333333336
2026-08-11 14:00:00,indoor.feels_like,℃,12.233333333333334
2026-08-11 14:00:00,indoor.dew_point,℃,3.216666666666667
2026-08-11 14:00:00,indoor.app_tempin,℃,10.766666666666666
2026-08-11 15:00:00,temp_ch2.temperature,℃,11.199999999999998
2026-08-11 15:00:00,temp_ch1.temperature,℃,11.125
2026-08-11 15:00:00,soil_ch2.soilmoisture,%,42.0
2026-08-11 15:00:00,soil_ch2.ad,,214.0
2026-08-11 15:00:00,soil_ch1.soilmoisture,%,56.0
2026-08-11 15:00:00,soil_ch1.ad,,263.0
2026-08-11 15:00:00,pressure.relative,inHg,28.1875
2026-08-11 15:00:00,pressure.absolute,inHg,28.1875
2026-08-11 15:00:00,indoor.temperature,℃,13.508333333333333
2026-08-11 15:00:00,indoor.humidity,%,58.75
2026-08-11 15:00:00,indoor.feels_like,℃,13.5
2026-08-11 15:00:00,indoor.dew_point,℃,5.583333333333333
2026-08-11 15:00:00,indoor.app_tempin,℃,12.491666666666667
2026-08-11 16:00:00,temp_ch2.temperature,℃,11.199999999999998
2026-08-11 16:00:00,temp_ch1.temperature,℃,11.1
2026-08-11 16:00:00,soil_ch2.soilmoisture,%,42.0
2026-08-11 16:00:00,soil_ch2.ad,,214.0
2026-08-11 16:00:00,soil_ch1.soilmoisture,%,56.0
2026-08-11 16:00:00,soil_ch1.ad,,263.0
2026-08-11 16:00:00,pressure.relative,inHg,28.1925
2026-08-11 16:00:00,pressure.absolute,inHg,28.1925
2026-08-11 16:00:00,indoor.temperature,℃,13.741666666666667
2026-08-11 16:00:00,indoor.humidity,%,57.416666666666664
2026-08-11 16:00:00,indoor.feels_like,℃,13.741666666666667
2026-08-11 16:00:00,indoor.dew_point,℃,5.466666666666666
2026-08-11 16:00:00,indoor.app_tempin,℃,12.716666666666667
2026-08-11 17:00:00,temp_ch1.temperature,℃,11.1
2026-08-11 17:00:00,temp_ch2.temperature,℃,11.183333333333332
2026-08-11 17:00:00,soil_ch2.ad,,214.0
2026-08-11 17:00:00,soil_ch1.soilmoisture,%,56.0
2026-08-11 17:00:00,soil_ch1.ad,,263.0
2026-08-11 17:00:00,pressure.relative,inHg,28.168333333333333
2026-08-11 17:00:00,soil_ch2.soilmoisture,%,42.0
2026-08-11 17:00:00,indoor.temperature,℃,13.5
2026-08-11 17:00:00,indoor.humidity,%,54.416666666666664
2026-08-11 17:00:00,indoor.feels_like,℃,13.5
2026-08-11 17:00:00,indoor.dew_point,℃,4.5
2026-08-11 17:00:00,indoor.app_tempin,℃,12.283333333333333
2026-08-11 17:00:00,pressure.absolute,inHg,28.168333333333333
2026-08-11 18:00:00,temp_ch2.temperature,℃,11.158333333333333
2026-08-11 18:00:00,temp_ch1.temperature,℃,11.141666666666666
2026-08-11 18:00:00,soil_ch2.soilmoisture,%,42.0
2026-08-11 18:00:00,soil_ch2.ad,,214.0
2026-08-11 18:00:00,soil_ch1.soilmoisture,%,56.0
2026-08-11 18:00:00,soil_ch1.ad,,263.0
2026-08-11 18:00:00,pressure.relative,inHg,28.120833333333334
2026-08-11 18:00:00,pressure.absolute,inHg,28.120833333333334
2026-08-11 18:00:00,indoor.temperature,℃,14.075000000000001
2026-08-11 18:00:00,indoor.humidity,%,54.583333333333336
2026-08-11 18:00:00,indoor.feels_like,℃,14.075000000000001
2026-08-11 18:00:00,indoor.dew_point,℃,5.083333333333333
2026-08-11 18:00:00,indoor.app_tempin,℃,12.983333333333334
2026-08-11 19:00:00,temp_ch1.temperature,℃,11.191666666666665
2026-08-11 19:00:00,temp_ch2.temperature,℃,11.1
2026-08-11 19:00:00,soil_ch2.ad,,213.83333333333334
2026-08-11 19:00:00,soil_ch1.soilmoisture,%,56.0
2026-08-11 19:00:00,soil_ch1.ad,,262.75
2026-08-11 19:00:00,pressure.relative,inHg,28.105833333333333
2026-08-11 19:00:00,soil_ch2.soilmoisture,%,41.833333333333336
2026-08-11 19:00:00,indoor.temperature,℃,14.116666666666667
2026-08-11 19:00:00,indoor.humidity,%,54.833333333333336
2026-08-11 19:00:00,indoor.feels_like,℃,14.116666666666667
2026-08-11 19:00:00,indoor.dew_point,℃,5.175
2026-08-11 19:00:00,indoor.app_tempin,℃,13.008333333333333
2026-08-11 19:00:00,pressure.absolute,inHg,28.105833333333333
2026-08-11 20:00:00,temp_ch2.temperature,℃,11.1
2026-08-11 20:00:00,temp_ch1.temperature,℃,11.233333333333334
2026-08-11 20:00:00,soil_ch2.ad,,213.33333333333334
2026-08-11 20:00:00,soil_ch1.soilmoisture,%,56.0
2026-08-11 20:00:00,soil_ch1.ad,,262.8333333333333
2026-08-11 20:00:00,pressure.relative,inHg,28.095833333333335
2026-08-11 20:00:00,soil_ch2.soilmoisture,%,41.333333333333336
2026-08-11 20:00:00,indoor.temperature,℃,14.283333333333333
2026-08-11 20:00:00,indoor.humidity,%,54.416666666666664
2026-08-11 20:00:00,indoor.feels_like,℃,14.283333333333333
2026-08-11 20:00:00,indoor.dew_point,℃,5.258333333333334
2026-08-11 20:00:00,indoor.app_tempin,℃,13.216666666666667
2026-08-11 20:00:00,pressure.absolute,inHg,28.095833333333335
2026-08-11 21:00:00,temp_ch2.temperature,℃,11.133333333333333
2026-08-11 21:00:00,temp_ch1.temperature,℃,11.233333333333334
2026-08-11 21:00:00,soil_ch2.soilmoisture,%,41.0
2026-08-11 21:00:00,soil_ch2.ad,,213.0
2026-08-11 21:00:00,soil_ch1.soilmoisture,%,56.0
2026-08-11 21:00:00,soil_ch1.ad,,262.8333333333333
2026-08-11 21:00:00,indoor.temperature,℃,14.758333333333333
2026-08-11 21:00:00,pressure.absolute,inHg,28.095833333333335
2026-08-11 21:00:00,indoor.humidity,%,54.333333333333336
2026-08-11 21:00:00,indoor.feels_like,℃,14.758333333333333
2026-08-11 21:00:00,indoor.dew_point,℃,5.675
2026-08-11 21:00:00,indoor.app_tempin,℃,13.758333333333333
2026-08-11 21:00:00,pressure.relative,inHg,28.095833333333335
2026-08-11 22:00:00,soil_ch2.ad,,213.0
2026-08-11 22:00:00,soil_ch2.soilmoisture,%,41.0
2026-08-11 22:00:00,soil_ch1.soilmoisture,%,56.0
2026-08-11 22:00:00,temp_ch2.temperature,℃,11.1
2026-08-11 22:00:00,temp_ch1.temperature,℃,11.266666666666666
2026-08-11 22:00:00,soil_ch1.ad,,262.9166666666667
2026-08-11 22:00:00,pressure.relative,inHg,28.0925
2026-08-11 22:00:00,pressure.absolute,inHg,28.0925
2026-08-11 22:00:00,indoor.temperature,℃,14.6
2026-08-11 22:00:00,indoor.humidity,%,54.333333333333336
2026-08-11 22:00:00,indoor.feels_like,℃,14.6
2026-08-11 22:00:00,indoor.dew_point,℃,5.5
2026-08-11 22:00:00,indoor.app_tempin,℃,13.566666666666668
2026-08-11 23:00:00,temp_ch2.temperature,℃,11.174999999999999
2026-08-11 23:00:00,temp_ch1.temperature,℃,11.300000000000002
2026-08-11 23:00:00,soil_ch2.soilmoisture,%,41.0
2026-08-11 23:00:00,soil_ch2.ad,,213.0
2026-08-11 23:00:00,soil_ch1.soilmoisture,%,56.0
2026-08-11 23:00:00,soil_ch1.ad,,263.0
2026-08-11 23:00:00,pressure.relative,inHg,28.086666666666662
2026-08-11 23:00:00,pressure.absolute,inHg,28.086666666666662
2026-08-11 23:00:00,indoor.temperature,℃,13.950000000000001
2026-08-11 23:00:00,indoor.humidity,%,55.083333333333336
2026-08-11 23:00:00,indoor.feels_like,℃,13.950000000000001
2026-08-11 23:00:00,indoor.dew_point,℃,5.075
2026-08-11 23:00:00,indoor.app_tempin,℃,12.858333333333334
2026-08-12 00:00:00,temp_ch2.temperature,℃,11.174999999999999
2026-08-12 00:00:00,temp_ch1.temperature,℃,11.300000000000002
2026-08-12 00:00:00,soil_ch2.soilmoisture,%,41.0
2026-08-12 00:00:00,soil_ch2.ad,,213.0
2026-08-12 00:00:00,soil_ch1.soilmoisture,%,56.083333333333336
2026-08-12 00:00:00,soil_ch1.ad,,263.0833333333333
2026-08-12 00:00:00,pressure.relative,inHg,28.078333333333333
2026-08-12 00:00:00,pressure.absolute,inHg,28.078333333333333
2026-08-12 00:00:00,indoor.temperature,℃,13.483333333333334
2026-08-12 00:00:00,indoor.humidity,%,54.0
2026-08-12 00:00:00,indoor.feels_like,℃,13.475
2026-08-12 00:00:00,indoor.dew_point,℃,4.383333333333334
2026-08-12 00:00:00,indoor.app_tempin,℃,12.233333333333334
2026-08-12 01:00:00,temp_ch2.temperature,℃,11.191666666666665
2026-08-12 01:00:00,temp_ch1.temperature,℃,11.300000000000002
2026-08-12 01:00:00,soil_ch2.soilmoisture,%,41.0
2026-08-12 01:00:00,soil_ch2.ad,,213.0
2026-08-12 01:00:00,soil_ch1.soilmoisture,%,56.916666666666664
2026-08-12 01:00:00,soil_ch1.ad,,263.9166666666667
2026-08-12 01:00:00,pressure.relative,inHg,28.0925
2026-08-12 01:00:00,pressure.absolute,inHg,28.0925
2026-08-12 01:00:00,indoor.temperature,℃,13.174999999999999
2026-08-12 01:00:00,indoor.humidity,%,54.0
2026-08-12 01:00:00,indoor.feels_like,℃,13.183333333333332
2026-08-12 01:00:00,indoor.dew_point,℃,4.075
2026-08-12 01:00:00,indoor.app_tempin,℃,11.866666666666667
2026-08-12 02:00:00,temp_ch1.temperature,℃,11.300000000000002
2026-08-12 02:00:00,soil_ch2.soilmoisture,%,41.0
2026-08-12 02:00:00,soil_ch2.ad,,213.0
2026-08-12 02:00:00,soil_ch1.soilmoisture,%,57.0
2026-08-12 02:00:00,soil_ch1.ad,,264.0
2026-08-12 02:00:00,pressure.relative,inHg,28.108333333333334
2026-08-12 02:00:00,temp_ch2.temperature,℃,11.141666666666666
2026-08-12 02:00:00,indoor.temperature,℃,12.958333333333334
2026-08-12 02:00:00,indoor.humidity,%,54.0
2026-08-12 02:00:00,indoor.feels_like,℃,12.958333333333334
2026-08-12 02:00:00,indoor.dew_point,℃,3.858333333333333
2026-08-12 02:00:00,indoor.app_tempin,℃,11.649999999999999
2026-08-12 02:00:00,pressure.absolute,inHg,28.108333333333334
2026-08-12 03:00:00,temp_ch2.temperature,℃,11.125
2026-08-12 03:00:00,temp_ch1.temperature,℃,11.300000000000002
2026-08-12 03:00:00,soil_ch2.soilmoisture,%,41.0
2026-08-12 03:00:00,soil_ch2.ad,,213.0
2026-08-12 03:00:00,soil_ch1.soilmoisture,%,57.0
2026-08-12 03:00:00,soil_ch1.ad,,264.0
2026-08-12 03:00:00,pressure.relative,inHg,28.10166666666667
2026-08-12 03:00:00,pressure.absolute,inHg,28.10166666666667
2026-08-12 03:00:00,indoor.temperature,℃,12.733333333333334
2026-08-12 03:00:00,indoor.humidity,%,54.0
2026-08-12 03:00:00,indoor.feels_like,℃,12.725
2026-08-12 03:00:00,indoor.dew_point,℃,3.641666666666667
2026-08-12 03:00:00,indoor.app_tempin,℃,11.341666666666667
2026-08-12 04:00:00,temp_ch1.temperature,℃,11.275
2026-08-12 04:00:00,soil_ch2.soilmoisture,%,41.0
2026-08-12 04:00:00,soil_ch2.ad,,213.0
2026-08-12 04:00:00,soil_ch1.soilmoisture,%,57.0
2026-08-12 04:00:00,soil_ch1.ad,,264.5
2026-08-12 04:00:00,pressure.relative,inHg,28.08666666666667
2026-08-12 04:00:00,temp_ch2.temperature,℃,11.125
2026-08-12 04:00:00,indoor.temperature,℃,12.541666666666666
2026-08-12 04:00:00,indoor.humidity,%,54.0
2026-08-12 04:00:00,indoor.feels_like,℃,12.541666666666666
2026-08-12 04:00:00,indoor.dew_point,℃,3.516666666666667
2026-08-12 04:00:00,indoor.app_tempin,℃,11.141666666666666
2026-08-12 04:00:00,pressure.absolute,inHg,28.08666666666667
2026-08-12 05:00:00,temp_ch1.temperature,℃,11.199999999999998
2026-08-12 05:00:00,soil_ch2.soilmoisture,%,41.0
2026-08-12 05:00:00,soil_ch2.ad,,212.91666666666666
2026-08-12 05:00:00,soil_ch1.soilmoisture,%,57.0
2026-08-12 05:00:00,soil_ch1.ad,,264.3333333333333
2026-08-12 05:00:00,pressure.relative,inHg,28.05333333333333
2026-08-12 05:00:00,temp_ch2.temperature,℃,11.133333333333333
2026-08-12 05:00:00,indoor.temperature,℃,12.383333333333333
2026-08-12 05:00:00,indoor.humidity,%,54.0
2026-08-12 05:00:00,indoor.feels_like,℃,12.375
2026-08-12 05:00:00,indoor.dew_point,℃,3.3249999999999997
2026-08-12 05:00:00,indoor.app_tempin,℃,10.9
2026-08-12 05:00:00,pressure.absolute,inHg,28.05333333333333
2026-08-12 06:00:00,temp_ch2.temperature,℃,11.158333333333333
2026-08-12 06:00:00,temp_ch1.temperature,℃,11.199999999999998
2026-08-12 06:00:00,soil_ch2.soilmoisture,%,41.0
2026-08-12 06:00:00,soil_ch2.ad,,212.5
2026-08-12 06:00:00,soil_ch1.soilmoisture,%,57.0
2026-08-12 06:00:00,soil_ch1.ad,,264.6666666666667
2026-08-12 06:00:00,pressure.relative,inHg,28.040000000000003
2026-08-12 06:00:00,indoor.temperature,℃,12.116666666666667
2026-08-12 06:00:00,indoor.humidity,%,54.0
2026-08-12 06:00:00,indoor.feels_like,℃,12.116666666666667
2026-08-12 06:00:00,indoor.dew_point,℃,3.1
2026-08-12 06:00:00,indoor.app_tempin,℃,10.616666666666665
2026-08-12 06:00:00,pressure.absolute,inHg,28.040000000000003
2026-08-12 07:00:00,soil_ch1.ad,,264.1666666666667
2026-08-12 07:00:00,temp_ch1.temperature,℃,11.199999999999998
2026-08-12 07:00:00,soil_ch2.soilmoisture,%,41.0
2026-08-12 07:00:00,soil_ch2.ad,,212.08333333333334
2026-08-12 07:00:00,soil_ch1.soilmoisture,%,57.0
2026-08-12 07:00:00,pressure.relative,inHg,28.02416666666667
2026-08-12 07:00:00,temp_ch2.temperature,℃,11.158333333333333
2026-08-12 07:00:00,indoor.temperature,℃,11.975
2026-08-12 07:00:00,indoor.app_tempin,℃,10.466666666666667
2026-08-12 07:00:00,indoor.dew_point,℃,2.966666666666667
2026-08-12 07:00:00,pressure.absolute,inHg,28.02416666666667
2026-08-12 07:00:00,indoor.humidity,%,54.0
2026-08-12 07:00:00,indoor.feels_like,℃,11.966666666666667
2026-08-12 08:00:00,temp_ch2.temperature,℃,11.158333333333333
2026-08-12 08:00:00,temp_ch1.temperature,℃,11.108333333333333
2026-08-12 08:00:00,soil_ch2.soilmoisture,%,41.0
2026-08-12 08:00:00,soil_ch2.ad,,212.08333333333334
2026-08-12 08:00:00,soil_ch1.ad,,264.0
2026-08-12 08:00:00,pressure.relative,inHg,28.022499999999997
2026-08-12 08:00:00,soil_ch1.soilmoisture,%,57.0
2026-08-12 08:00:00,indoor.temperature,℃,11.875
2026-08-12 08:00:00,indoor.humidity,%,54.0
2026-08-12 08:00:00,indoor.feels_like,℃,11.866666666666667
2026-08-12 08:00:00,indoor.dew_point,℃,2.8666666666666667
2026-08-12 08:00:00,indoor.app_tempin,℃,10.366666666666667
2026-08-12 08:00:00,pressure.absolute,inHg,28.022499999999997
2026-08-12 09:00:00,soil_ch1.ad,,264.0
2026-08-12 09:00:00,temp_ch1.temperature,℃,11.1
2026-08-12 09:00:00,soil_ch2.soilmoisture,%,41.0
2026-08-12 09:00:00,soil_ch2.ad,,212.0
2026-08-12 09:00:00,soil_ch1.soilmoisture,%,57.0
2026-08-12 09:00:00,pressure.relative,inHg,28.020833333333332
2026-08-12 09:00:00,temp_ch2.temperature,℃,11.108333333333333
2026-08-12 09:00:00,indoor.temperature,℃,11.800000000000002
2026-08-12 09:00:00,indoor.humidity,%,54.416666666666664
2026-08-12 09:00:00,indoor.feels_like,℃,11.800000000000002
2026-08-12 09:00:00,indoor.dew_point,℃,2.9250000000000003
2026-08-12 09:00:00,indoor.app_tempin,℃,10.3
2026-08-12 09:00:00,pressure.absolute,inHg,28.020833333333332
2026-08-12 10:00:00,temp_ch1.temperature,℃,11.091666666666667
2026-08-12 10:00:00,soil_ch2.soilmoisture,%,41.0
2026-08-12 10:00:00,soil_ch2.ad,,212.0
2026-08-12 10:00:00,soil_ch1.soilmoisture,%,57.0
2026-08-12 10:00:00,soil_ch1.ad,,264.0
2026-08-12 10:00:00,pressure.relative,inHg,28.035833333333333
2026-08-12 10:00:00,temp_ch2.temperature,℃,11.108333333333333
2026-08-12 10:00:00,indoor.temperature,℃,11.733333333333334
2026-08-12 10:00:00,pressure.absolute,inHg,28.035833333333333
2026-08-12 10:00:00,indoor.app_tempin,℃,10.233333333333333
2026-08-12 10:00:00,indoor.dew_point,℃,2.9416666666666664
2026-08-12 10:00:00,indoor.feels_like,℃,11.733333333333334
2026-08-12 10:00:00,indoor.humidity,%,55.0
2026-08-12 11:00:00,temp_ch2.temperature,℃,11.1
2026-08-12 11:00:00,temp_ch1.temperature,℃,11.008333333333333
2026-08-12 11:00:00,soil_ch2.soilmoisture,%,41.0
2026-08-12 11:00:00,soil_ch2.ad,,212.0
2026-08-12 11:00:00,soil_ch1.ad,,264.0
2026-08-12 11:00:00,soil_ch1.soilmoisture,%,57.0
2026-08-12 11:00:00,indoor.temperature,℃,11.683333333333332
2026-08-12 11:00:00,indoor.humidity,%,55.0
2026-08-12 11:00:00,indoor.feels_like,℃,11.699999999999998
2026-08-12 11:00:00,indoor.dew_point,℃,2.9
2026-08-12 11:00:00,indoor.app_tempin,℃,10.158333333333333
2026-08-12 11:00:00,pressure.absolute,inHg,28.034166666666668
2026-08-12 11:00:00,pressure.relative,inHg,28.034166666666668
2026-08-12 12:00:00,temp_ch2.temperature,℃,11.083333333333334
2026-08-12 12:00:00,soil_ch1.ad,,264.0
2026-08-12 12:00:00,temp_ch1.temperature,℃,11.0
2026-08-12 12:00:00,soil_ch2.soilmoisture,%,41.0
2026-08-12 12:00:00,soil_ch2.ad,,212.0
2026-08-12 12:00:00,soil_ch1.soilmoisture,%,57.0
2026-08-12 12:00:00,pressure.relative,inHg,28.03833333333333
2026-08-12 12:00:00,indoor.temperature,℃,11.783333333333333
2026-08-12 12:00:00,indoor.humidity,%,55.0
2026-08-12 12:00:00,indoor.feels_like,℃,11.783333333333333
2026-08-12 12:00:00,indoor.dew_point,℃,3.0416666666666665
2026-08-12 12:00:00,indoor.app_tempin,℃,10.291666666666666
2026-08-12 12:00:00,pressure.absolute,inHg,28.03833333333333
2026-08-12 13:00:00,temp_ch2.temperature,℃,11.083333333333334
2026-08-12 13:00:00,temp_ch1.temperature,℃,10.983333333333334
2026-08-12 13:00:00,soil_ch2.soilmoisture,%,41.0
2026-08-12 13:00:00,soil_ch2.ad,,212.0
2026-08-12 13:00:00,soil_ch1.soilmoisture,%,57.0
2026-08-12 13:00:00,soil_ch1.ad,,264.1666666666667
2026-08-12 13:00:00,pressure.relative,inHg,28.044166666666666
2026-08-12 13:00:00,pressure.absolute,inHg,28.044166666666666
2026-08-12 13:00:00,indoor.temperature,℃,12.216666666666667
2026-08-12 13:00:00,indoor.humidity,%,54.333333333333336
2026-08-12 13:00:00,indoor.feels_like,℃,12.225
2026-08-12 13:00:00,indoor.dew_point,℃,3.283333333333333
2026-08-12 13:00:00,indoor.app_tempin,℃,10.783333333333333
2026-08-12 14:00:00,temp_ch1.temperature,℃,10.933333333333332
2026-08-12 14:00:00,soil_ch2.soilmoisture,%,41.0
2026-08-12 14:00:00,soil_ch2.ad,,212.0
2026-08-12 14:00:00,soil_ch1.soilmoisture,%,57.0
2026-08-12 14:00:00,soil_ch1.ad,,264.0
2026-08-12 14:00:00,pressure.relative,inHg,28.0275
2026-08-12 14:00:00,temp_ch2.temperature,℃,11.049999999999999
2026-08-12 14:00:00,indoor.temperature,℃,13.191666666666668
2026-08-12 14:00:00,indoor.humidity,%,54.5
2026-08-12 14:00:00,indoor.feels_like,℃,13.191666666666668
2026-08-12 14:00:00,indoor.dew_point,℃,4.191666666666666
2026-08-12 14:00:00,indoor.app_tempin,℃,11.891666666666666
2026-08-12 14:00:00,pressure.absolute,inHg,28.0275
2026-08-12 15:00:00,temp_ch1.temperature,℃,11.0
2026-08-12 15:00:00,soil_ch2.soilmoisture,%,41.0
2026-08-12 15:00:00,soil_ch2.ad,,212.0
2026-08-12 15:00:00,soil_ch1.soilmoisture,%,57.0
2026-08-12 15:00:00,soil_ch1.ad,,264.0
2026-08-12 15:00:00,pressure.relative,inHg,28.01
2026-08-12 15:00:00,temp_ch2.temperature,℃,11.083333333333334
2026-08-12 15:00:00,indoor.temperature,℃,14.25
2026-08-12 15:00:00,indoor.humidity,%,56.666666666666664
2026-08-12 15:00:00,indoor.feels_like,℃,14.241666666666667
2026-08-12 15:00:00,indoor.dew_point,℃,5.75
2026-08-12 15:00:00,indoor.app_tempin,℃,13.275
2026-08-12 15:00:00,pressure.absolute,inHg,28.01
2026-08-12 16:00:00,temp_ch2.temperature,℃,11.066666666666668
2026-08-12 16:00:00,temp_ch1.temperature,℃,11.008333333333333
2026-08-12 16:00:00,soil_ch2.soilmoisture,%,41.0
2026-08-12 16:00:00,soil_ch2.ad,,212.0
2026-08-12 16:00:00,soil_ch1.soilmoisture,%,57.0
2026-08-12 16:00:00,soil_ch1.ad,,264.0
2026-08-12 16:00:00,pressure.relative,inHg,27.985
2026-08-12 16:00:00,indoor.temperature,℃,14.350000000000001
2026-08-12 16:00:00,indoor.humidity,%,57.583333333333336
2026-08-12 16:00:00,indoor.feels_like,℃,14.358333333333334
2026-08-12 16:00:00,indoor.dew_point,℃,6.116666666666667
2026-08-12 16:00:00,indoor.app_tempin,℃,13.433333333333335
2026-08-12 16:00:00,pressure.absolute,inHg,27.985
2026-08-12 17:00:00,soil_ch1.ad,,264.0
2026-08-12 17:00:00,temp_ch1.temperature,℃,11.149999999999999
2026-08-12 17:00:00,soil_ch2.soilmoisture,%,41.0
2026-08-12 17:00:00,soil_ch2.ad,,212.0
2026-08-12 17:00:00,soil_ch1.soilmoisture,%,57.0
2026-08-12 17:00:00,temp_ch2.temperature,℃,11.083333333333334
2026-08-12 17:00:00,pressure.relative,inHg,27.953333333333333
2026-08-12 17:00:00,indoor.temperature,℃,14.366666666666667
2026-08-12 17:00:00,indoor.app_tempin,℃,13.441666666666668
2026-08-12 17:00:00,indoor.dew_point,℃,6.008333333333334
2026-08-12 17:00:00,pressure.absolute,inHg,27.953333333333333
2026-08-12 17:00:00,indoor.humidity,%,57.25
2026-08-12 17:00:00,indoor.feels_like,℃,14.366666666666667
2026-08-12 18:00:00,temp_ch2.temperature,℃,11.016666666666666
2026-08-12 18:00:00,temp_ch1.temperature,℃,11.275
2026-08-12 18:00:00,soil_ch2.soilmoisture,%,41.0
2026-08-12 18:00:00,soil_ch2.ad,,211.91666666666666
2026-08-12 18:00:00,soil_ch1.ad,,264.0
2026-08-12 18:00:00,pressure.relative,inHg,27.941666666666666
2026-08-12 18:00:00,soil_ch1.soilmoisture,%,57.0
2026-08-12 18:00:00,indoor.temperature,℃,14.674999999999999
2026-08-12 18:00:00,indoor.humidity,%,58.083333333333336
2026-08-12 18:00:00,indoor.feels_like,℃,14.666666666666666
2026-08-12 18:00:00,indoor.dew_point,℃,6.5249999999999995
2026-08-12 18:00:00,indoor.app_tempin,℃,13.908333333333333
2026-08-12 18:00:00,pressure.absolute,inHg,27.941666666666666
2026-08-12 19:00:00,soil_ch1.soilmoisture,%,57.0
2026-08-12 19:00:00,temp_ch2.temperature,℃,11.016666666666666
2026-08-12 19:00:00,temp_ch1.temperature,℃,11.416666666666666
2026-08-12 19:00:00,soil_ch2.soilmoisture,%,41.0
2026-08-12 19:00:00,soil_ch2.ad,,211.91666666666666
2026-08-12 19:00:00,soil_ch1.ad,,264.0
2026-08-12 19:00:00,indoor.dew_point,℃,8.058333333333334
2026-08-12 19:00:00,pressure.absolute,inHg,27.938333333333333
2026-08-12 19:00:00,indoor.temperature,℃,15.516666666666666
2026-08-12 19:00:00,indoor.humidity,%,61.083333333333336
2026-08-12 19:00:00,indoor.feels_like,℃,15.508333333333333
2026-08-12 19:00:00,indoor.app_tempin,℃,15.041666666666666
2026-08-12 19:00:00,pressure.relative,inHg,27.938333333333333
2026-08-12 20:00:00,soil_ch1.soilmoisture,%,57.0
2026-08-12 20:00:00,temp_ch2.temperature,℃,11.008333333333333
2026-08-12 20:00:00,temp_ch1.temperature,℃,11.541666666666666
2026-08-12 20:00:00,soil_ch2.soilmoisture,%,41.0
2026-08-12 20:00:00,soil_ch2.ad,,211.41666666666666
2026-08-12 20:00:00,soil_ch1.ad,,264.0
2026-08-12 20:00:00,indoor.dew_point,℃,8.533333333333333
2026-08-12 20:00:00,pressure.absolute,inHg,27.945833333333336
2026-08-12 20:00:00,indoor.temperature,℃,15.983333333333334
2026-08-12 20:00:00,indoor.humidity,%,61.166666666666664
2026-08-12 20:00:00,indoor.feels_like,℃,15.975000000000001
2026-08-12 20:00:00,indoor.app_tempin,℃,15.666666666666666
2026-08-12 20:00:00,pressure.relative,inHg,27.945833333333336
2026-08-12 21:00:00,temp_ch2.temperature,℃,11.033333333333333
2026-08-12 21:00:00,temp_ch1.temperature,℃,11.641666666666666
2026-08-12 21:00:00,soil_ch2.soilmoisture,%,41.0
2026-08-12 21:00:00,soil_ch2.ad,,211.16666666666666
2026-08-12 21:00:00,soil_ch1.soilmoisture,%,56.75
2026-08-12 21:00:00,soil_ch1.ad,,263.75
2026-08-12 21:00:00,pressure.relative,inHg,27.96666666666667
2026-08-12 21:00:00,indoor.temperature,℃,16.558333333333334
2026-08-12 21:00:00,indoor.humidity,%,60.916666666666664
2026-08-12 21:00:00,indoor.feels_like,℃,16.566666666666666
2026-08-12 21:00:00,indoor.dew_point,℃,9.016666666666667
2026-08-12 21:00:00,indoor.app_tempin,℃,16.341666666666665
2026-08-12 21:00:00,pressure.absolute,inHg,27.96666666666667
2026-08-12 22:00:00,soil_ch1.soilmoisture,%,56.0
2026-08-12 22:00:00,temp_ch2.temperature,℃,11.049999999999999
2026-08-12 22:00:00,temp_ch1.temperature,℃,11.716666666666667
2026-08-12 22:00:00,soil_ch2.soilmoisture,%,41.0
2026-08-12 22:00:00,soil_ch2.ad,,211.0
2026-08-12 22:00:00,soil_ch1.ad,,263.0
2026-08-12 22:00:00,indoor.dew_point,℃,8.633333333333333
2026-08-12 22:00:00,pressure.absolute,inHg,27.980833333333333
2026-08-12 22:00:00,indoor.app_tempin,℃,16.025000000000002
2026-08-12 22:00:00,indoor.feels_like,℃,16.325
2026-08-12 22:00:00,pressure.relative,inHg,27.980833333333333
2026-08-12 22:00:00,indoor.temperature,℃,16.325
2026-08-12 22:00:00,indoor.humidity,%,60.25
2026-08-12 23:00:00,soil_ch1.soilmoisture,%,56.166666666666664
2026-08-12 23:00:00,temp_ch2.temperature,℃,11.083333333333334
2026-08-12 23:00:00,temp_ch1.temperature,℃,11.800000000000002
2026-08-12 23:00:00,soil_ch2.soilmoisture,%,41.0
2026-08-12 23:00:00,soil_ch2.ad,,211.0
2026-08-12 23:00:00,soil_ch1.ad,,263.1666666666667
2026-08-12 23:00:00,pressure.relative,inHg,27.99
2026-08-12 23:00:00,pressure.absolute,inHg,27.99
2026-08-12 23:00:00,indoor.temperature,℃,15.916666666666666
2026-08-12 23:00:00,indoor.humidity,%,59.0
2026-08-12 23:00:00,indoor.feels_like,℃,15.908333333333333
2026-08-12 23:00:00,indoor.dew_point,℃,7.916666666666667
2026-08-12 23:00:00,indoor.app_tempin,℃,15.433333333333332
2026-08-13 00:00:00,temp_ch1.temperature,℃,11.825000000000001
2026-08-13 00:00:00,soil_ch2.soilmoisture,%,41.0
2026-08-13 00:00:00,soil_ch2.ad,,211.0
2026-08-13 00:00:00,soil_ch1.soilmoisture,%,56.0
2026-08-13 00:00:00,soil_ch1.ad,,263.0
2026-08-13 00:00:00,temp_ch2.temperature,℃,11.1
2026-08-13 00:00:00,pressure.relative,inHg,27.995833333333334
2026-08-13 00:00:00,indoor.temperature,℃,15.483333333333334
2026-08-13 00:00:00,indoor.humidity,%,58.916666666666664
2026-08-13 00:00:00,indoor.feels_like,℃,15.483333333333334
2026-08-13 00:00:00,indoor.dew_point,℃,7.491666666666667
2026-08-13 00:00:00,indoor.app_tempin,℃,14.908333333333333
2026-08-13 00:00:00,pressure.absolute,inHg,27.995833333333334
2026-08-13 01:00:00,temp_ch2.temperature,℃,11.108333333333333
2026-08-13 01:00:00,temp_ch1.temperature,℃,11.883333333333333
2026-08-13 01:00:00,soil_ch2.soilmoisture,%,41.0
2026-08-13 01:00:00,soil_ch2.ad,,211.0
2026-08-13 01:00:00,soil_ch1.soilmoisture,%,56.0
2026-08-13 01:00:00,soil_ch1.ad,,263.0
2026-08-13 01:00:00,pressure.relative,inHg,28.0
2026-08-13 01:00:00,indoor.temperature,℃,15.133333333333333
2026-08-13 01:00:00,indoor.humidity,%,58.166666666666664
2026-08-13 01:00:00,indoor.feels_like,℃,15.133333333333333
2026-08-13 01:00:00,indoor.dew_point,℃,6.983333333333333
2026-08-13 01:00:00,indoor.app_tempin,℃,14.441666666666668
2026-08-13 01:00:00,pressure.absolute,inHg,28.0
2026-08-13 02:00:00,soil_ch1.ad,,263.0
2026-08-13 02:00:00,temp_ch1.temperature,℃,11.9
2026-08-13 02:00:00,soil_ch2.soilmoisture,%,40.583333333333336
2026-08-13 02:00:00,soil_ch2.ad,,210.58333333333334
2026-08-13 02:00:00,soil_ch1.soilmoisture,%,56.0
2026-08-13 02:00:00,pressure.relative,inHg,28.0
2026-08-13 02:00:00,temp_ch2.temperature,℃,11.149999999999999
2026-08-13 02:00:00,indoor.temperature,℃,14.908333333333333
2026-08-13 02:00:00,indoor.humidity,%,58.0
2026-08-13 02:00:00,indoor.feels_like,℃,14.9
2026-08-13 02:00:00,indoor.dew_point,℃,6.7250000000000005
2026-08-13 02:00:00,indoor.app_tempin,℃,14.133333333333333
2026-08-13 02:00:00,pressure.absolute,inHg,28.0
2026-08-13 03:00:00,temp_ch2.temperature,℃,11.199999999999998
2026-08-13 03:00:00,temp_ch1.temperature,℃,11.9
2026-08-13 03:00:00,soil_ch2.soilmoisture,%,40.666666666666664
2026-08-13 03:00:00,soil_ch2.ad,,210.66666666666666
2026-08-13 03:00:00,soil_ch1.soilmoisture,%,56.0
2026-08-13 03:00:00,soil_ch1.ad,,263.0
2026-08-13 03:00:00,indoor.dew_point,℃,6.491666666666667
2026-08-13 03:00:00,pressure.absolute,inHg,28.0
2026-08-13 03:00:00,indoor.temperature,℃,14.666666666666666
2026-08-13 03:00:00,indoor.humidity,%,58.0
2026-08-13 03:00:00,indoor.feels_like,℃,14.666666666666666
2026-08-13 03:00:00,pressure.relative,inHg,28.0
2026-08-13 03:00:00,indoor.app_tempin,℃,13.866666666666667
2026-08-13 04:00:00,temp_ch2.temperature,℃,11.199999999999998
2026-08-13 04:00:00,temp_ch1.temperature,℃,11.9
2026-08-13 04:00:00,soil_ch2.soilmoisture,%,40.0
2026-08-13 04:00:00,soil_ch2.ad,,210.0
2026-08-13 04:00:00,soil_ch1.soilmoisture,%,56.0
2026-08-13 04:00:00,soil_ch1.ad,,263.0
2026-08-13 04:00:00,pressure.relative,inHg,27.99333333333333
2026-08-13 04:00:00,pressure.absolute,inHg,27.99333333333333
2026-08-13 04:00:00,indoor.temperature,℃,14.4
2026-08-13 04:00:00,indoor.humidity,%,58.0
2026-08-13 04:00:00,indoor.feels_like,℃,14.391666666666667
2026-08-13 04:00:00,indoor.dew_point,℃,6.216666666666666
2026-08-13 04:00:00,indoor.app_tempin,℃,13.549999999999999
2026-08-13 05:00:00,temp_ch2.temperature,℃,11.199999999999998
2026-08-13 05:00:00,temp_ch1.temperature,℃,11.875
2026-08-13 05:00:00,soil_ch2.soilmoisture,%,40.0
2026-08-13 05:00:00,soil_ch2.ad,,210.0
2026-08-13 05:00:00,soil_ch1.soilmoisture,%,56.0
2026-08-13 05:00:00,soil_ch1.ad,,263.0
2026-08-13 05:00:00,pressure.absolute,inHg,27.989166666666666
2026-08-13 05:00:00,indoor.temperature,℃,14.191666666666668
2026-08-13 05:00:00,indoor.humidity,%,58.0
2026-08-13 05:00:00,indoor.feels_like,℃,14.191666666666668
2026-08-13 05:00:00,indoor.dew_point,℃,6.033333333333334
2026-08-13 05:00:00,indoor.app_tempin,℃,13.275
2026-08-13 05:00:00,pressure.relative,inHg,27.989166666666666
2026-08-13 06:00:00,pressure.absolute,inHg,27.965
2026-08-13 06:00:00,temp_ch1.temperature,℃,11.816666666666668
2026-08-13 06:00:00,soil_ch2.soilmoisture,%,40.0
2026-08-13 06:00:00,soil_ch2.ad,,210.0
2026-08-13 06:00:00,soil_ch1.soilmoisture,%,56.0
2026-08-13 06:00:00,soil_ch1.ad,,263.0
2026-08-13 06:00:00,indoor.humidity,%,57.5
2026-08-13 06:00:00,indoor.temperature,℃,13.991666666666667
2026-08-13 06:00:00,temp_ch2.temperature,℃,11.199999999999998
2026-08-13 06:00:00,indoor.feels_like,℃,13.991666666666667
2026-08-13 06:00:00,indoor.dew_point,℃,5.733333333333333
2026-08-13 06:00:00,indoor.app_tempin,℃,13.016666666666666
2026-08-13 06:00:00,pressure.relative,inHg,27.965
2026-08-13 07:00:00,soil_ch2.ad,,210.0
2026-08-13 07:00:00,soil_ch1.soilmoisture,%,56.0
2026-08-13 07:00:00,temp_ch1.temperature,℃,11.791666666666666
2026-08-13 07:00:00,soil_ch2.soilmoisture,%,40.0
2026-08-13 07:00:00,soil_ch1.ad,,263.0
2026-08-13 07:00:00,temp_ch2.temperature,℃,11.275
2026-08-13 07:00:00,pressure.relative,inHg,27.940833333333334
2026-08-13 07:00:00,indoor.temperature,℃,13.775
2026-08-13 07:00:00,indoor.humidity,%,57.0
2026-08-13 07:00:00,indoor.feels_like,℃,13.766666666666666
2026-08-13 07:00:00,indoor.dew_point,℃,5.391666666666667
2026-08-13 07:00:00,indoor.app_tempin,℃,12.758333333333333
2026-08-13 07:00:00,pressure.absolute,inHg,27.940833333333334
2026-08-13 08:00:00,temp_ch2.temperature,℃,11.291666666666666
2026-08-13 08:00:00,temp_ch1.temperature,℃,11.766666666666666
2026-08-13 08:00:00,soil_ch2.soilmoisture,%,40.0
2026-08-13 08:00:00,soil_ch2.ad,,210.0
2026-08-13 08:00:00,soil_ch1.soilmoisture,%,56.0
2026-08-13 08:00:00,soil_ch1.ad,,263.0
2026-08-13 08:00:00,pressure.absolute,inHg,27.929166666666664
2026-08-13 08:00:00,indoor.temperature,℃,13.625
2026-08-13 08:00:00,indoor.humidity,%,56.25
2026-08-13 08:00:00,indoor.feels_like,℃,13.625
2026-08-13 08:00:00,indoor.dew_point,℃,5.083333333333333
2026-08-13 08:00:00,indoor.app_tempin,℃,12.525
2026-08-13 08:00:00,pressure.relative,inHg,27.929166666666664
2026-08-13 09:00:00,soil_ch1.ad,,263.0
2026-08-13 09:00:00,temp_ch1.temperature,℃,11.725
2026-08-13 09:00:00,soil_ch2.soilmoisture,%,40.0
2026-08-13 09:00:00,soil_ch2.ad,,210.0
2026-08-13 09:00:00,soil_ch1.soilmoisture,%,56.0
2026-08-13 09:00:00,pressure.relative,inHg,27.929166666666664
2026-08-13 09:00:00,temp_ch2.temperature,℃,11.266666666666666
2026-08-13 09:00:00,indoor.temperature,℃,13.466666666666667
2026-08-13 09:00:00,indoor.humidity,%,56.0
2026-08-13 09:00:00,indoor.feels_like,℃,13.466666666666667
2026-08-13 09:00:00,indoor.dew_point,℃,4.866666666666666
2026-08-13 09:00:00,indoor.app_tempin,℃,12.275
2026-08-13 09:00:00,pressure.absolute,inHg,27.929166666666664
2026-08-13 10:00:00,temp_ch1.temperature,℃,11.683333333333332
2026-08-13 10:00:00,soil_ch2.soilmoisture,%,40.0
2026-08-13 10:00:00,soil_ch2.ad,,210.0
2026-08-13 10:00:00,soil_ch1.soilmoisture,%,56.0
2026-08-13 10:00:00,soil_ch1.ad,,263.0
2026-08-13 10:00:00,pressure.relative,inHg,27.933333333333334
2026-08-13 10:00:00,temp_ch2.temperature,℃,11.283333333333333
2026-08-13 10:00:00,indoor.temperature,℃,13.325000000000001
2026-08-13 10:00:00,indoor.humidity,%,55.916666666666664
2026-08-13 10:00:00,indoor.feels_like,℃,13.325000000000001
2026-08-13 10:00:00,indoor.dew_point,℃,4.708333333333333
2026-08-13 10:00:00,indoor.app_tempin,℃,12.125
2026-08-13 10:00:00,pressure.absolute,inHg,27.933333333333334
2026-08-13 11:00:00,temp_ch2.temperature,℃,11.275
2026-08-13 11:00:00,temp_ch1.temperature,℃,11.608333333333333
2026-08-13 11:00:00,soil_ch2.soilmoisture,%,40.0
2026-08-13 11:00:00,soil_ch2.ad,,210.0
2026-08-13 11:00:00,soil_ch1.soilmoisture,%,56.0
2026-08-13 11:00:00,soil_ch1.ad,,263.0
2026-08-13 11:00:00,pressure.relative,inHg,27.936666666666667
2026-08-13 11:00:00,indoor.temperature,℃,13.233333333333334
2026-08-13 11:00:00,indoor.humidity,%,56.0
2026-08-13 11:00:00,indoor.feels_like,℃,13.233333333333334
2026-08-13 11:00:00,indoor.dew_point,℃,4.633333333333334
2026-08-13 11:00:00,indoor.app_tempin,℃,12.033333333333333
2026-08-13 11:00:00,pressure.absolute,inHg,27.936666666666667
2026-08-13 12:00:00,temp_ch2.temperature,℃,11.275
2026-08-13 12:00:00,temp_ch1.temperature,℃,11.6
2026-08-13 12:00:00,soil_ch2.soilmoisture,%,40.0
2026-08-13 12:00:00,soil_ch2.ad,,210.0
2026-08-13 12:00:00,soil_ch1.soilmoisture,%,56.0
2026-08-13 12:00:00,soil_ch1.ad,,263.0
2026-08-13 12:00:00,pressure.relative,inHg,27.9425
2026-08-13 12:00:00,indoor.temperature,℃,13.491666666666667
2026-08-13 12:00:00,indoor.humidity,%,55.583333333333336
2026-08-13 12:00:00,indoor.feels_like,℃,13.483333333333334
2026-08-13 12:00:00,indoor.dew_point,℃,4.8
2026-08-13 12:00:00,indoor.app_tempin,℃,12.325000000000001
2026-08-13 12:00:00,pressure.absolute,inHg,27.9425
2026-08-13 13:00:00,temp_ch2.temperature,℃,11.266666666666666
2026-08-13 13:00:00,temp_ch1.temperature,℃,11.575000000000001
2026-08-13 13:00:00,soil_ch2.soilmoisture,%,40.0
2026-08-13 13:00:00,soil_ch2.ad,,210.0
2026-08-13 13:00:00,soil_ch1.soilmoisture,%,56.0
2026-08-13 13:00:00,soil_ch1.ad,,263.0
2026-08-13 13:00:00,pressure.relative,inHg,27.9375
2026-08-13 13:00:00,pressure.absolute,inHg,27.9375
2026-08-13 13:00:00,indoor.temperature,℃,13.916666666666666
2026-08-13 13:00:00,indoor.humidity,%,55.0
2026-08-13 13:00:00,indoor.feels_like,℃,13.908333333333333
2026-08-13 13:00:00,indoor.dew_point,℃,5.033333333333333
2026-08-13 13:00:00,indoor.app_tempin,℃,12.799999999999999
2026-08-13 14:00:00,temp_ch2.temperature,℃,11.241666666666667
2026-08-13 14:00:00,temp_ch1.temperature,℃,11.516666666666666
2026-08-13 14:00:00,soil_ch2.soilmoisture,%,40.0
2026-08-13 14:00:00,soil_ch2.ad,,210.0
2026-08-13 14:00:00,soil_ch1.soilmoisture,%,56.0
2026-08-13 14:00:00,soil_ch1.ad,,263.0
2026-08-13 14:00:00,pressure.relative,inHg,27.935833333333335
2026-08-13 14:00:00,pressure.absolute,inHg,27.935833333333335
2026-08-13 14:00:00,indoor.temperature,℃,14.108333333333334
2026-08-13 14:00:00,indoor.humidity,%,55.5
2026-08-13 14:00:00,indoor.feels_like,℃,14.108333333333334
2026-08-13 14:00:00,indoor.dew_point,℃,5.333333333333333
2026-08-13 14:00:00,indoor.app_tempin,℃,13.049999999999999
2026-08-13 15:00:00,temp_ch2.temperature,℃,11.266666666666666
2026-08-13 15:00:00,temp_ch1.temperature,℃,11.5
2026-08-13 15:00:00,soil_ch2.soilmoisture,%,40.0
2026-08-13 15:00:00,soil_ch2.ad,,210.0
2026-08-13 15:00:00,soil_ch1.soilmoisture,%,56.0
2026-08-13 15:00:00,soil_ch1.ad,,263.0
2026-08-13 15:00:00,pressure.relative,inHg,27.92833333333333
2026-08-13 15:00:00,pressure.absolute,inHg,27.92833333333333
2026-08-13 15:00:00,indoor.temperature,℃,14.5
2026-08-13 15:00:00,indoor.humidity,%,57.333333333333336
2026-08-13 15:00:00,indoor.feels_like,℃,14.5
2026-08-13 15:00:00,indoor.dew_point,℃,6.183333333333334
2026-08-13 15:00:00,indoor.app_tempin,℃,13.608333333333334
2026-08-13 16:00:00,temp_ch1.temperature,℃,11.633333333333333
2026-08-13 16:00:00,soil_ch2.soilmoisture,%,40.0
2026-08-13 16:00:00,soil_ch2.ad,,210.0
2026-08-13 16:00:00,soil_ch1.soilmoisture,%,56.0
2026-08-13 16:00:00,soil_ch1.ad,,262.25
2026-08-13 16:00:00,pressure.relative,inHg,27.92
2026-08-13 16:00:00,temp_ch2.temperature,℃,11.291666666666666
2026-08-13 16:00:00,indoor.temperature,℃,15.691666666666668
2026-08-13 16:00:00,indoor.humidity,%,58.333333333333336
2026-08-13 16:00:00,indoor.feels_like,℃,15.691666666666668
2026-08-13 16:00:00,indoor.dew_point,℃,7.55
2026-08-13 16:00:00,indoor.app_tempin,℃,15.133333333333333
2026-08-13 16:00:00,pressure.absolute,inHg,27.92
2026-08-13 17:00:00,temp_ch2.temperature,℃,11.266666666666666
2026-08-13 17:00:00,temp_ch1.temperature,℃,11.674999999999999
2026-08-13 17:00:00,soil_ch2.soilmoisture,%,40.0
2026-08-13 17:00:00,soil_ch2.ad,,210.0
2026-08-13 17:00:00,soil_ch1.soilmoisture,%,56.0
2026-08-13 17:00:00,soil_ch1.ad,,262.0
2026-08-13 17:00:00,pressure.relative,inHg,27.895833333333332
2026-08-13 17:00:00,pressure.absolute,inHg,27.895833333333332
2026-08-13 17:00:00,indoor.temperature,℃,15.525
2026-08-13 17:00:00,indoor.humidity,%,58.5
2026-08-13 17:00:00,indoor.feels_like,℃,15.525
2026-08-13 17:00:00,indoor.dew_point,℃,7.449999999999999
2026-08-13 17:00:00,indoor.app_tempin,℃,14.941666666666668
2026-08-13 18:00:00,temp_ch1.temperature,℃,11.758333333333333
2026-08-13 18:00:00,soil_ch2.soilmoisture,%,40.0
2026-08-13 18:00:00,soil_ch2.ad,,209.91666666666666
2026-08-13 18:00:00,soil_ch1.soilmoisture,%,56.0
2026-08-13 18:00:00,soil_ch1.ad,,262.0
2026-08-13 18:00:00,pressure.relative,inHg,27.877499999999998
2026-08-13 18:00:00,temp_ch2.temperature,℃,11.266666666666666
2026-08-13 18:00:00,indoor.temperature,℃,15.533333333333333
2026-08-13 18:00:00,indoor.humidity,%,58.0
2026-08-13 18:00:00,indoor.feels_like,℃,15.533333333333333
2026-08-13 18:00:00,indoor.dew_point,℃,7.316666666666666
2026-08-13 18:00:00,indoor.app_tempin,℃,14.933333333333332
2026-08-13 18:00:00,pressure.absolute,inHg,27.877499999999998
2026-08-13 19:00:00,temp_ch1.temperature,℃,11.850000000000001
2026-08-13 19:00:00,soil_ch2.soilmoisture,%,40.083333333333336
2026-08-13 19:00:00,soil_ch2.ad,,209.83333333333334
2026-08-13 19:00:00,soil_ch1.soilmoisture,%,56.0
2026-08-13 19:00:00,soil_ch1.ad,,262.0
2026-08-13 19:00:00,pressure.relative,inHg,27.852500000000003
2026-08-13 19:00:00,temp_ch2.temperature,℃,11.241666666666667
2026-08-13 19:00:00,indoor.temperature,℃,15.6
2026-08-13 19:00:00,indoor.humidity,%,57.916666666666664
2026-08-13 19:00:00,indoor.feels_like,℃,15.6
2026-08-13 19:00:00,indoor.dew_point,℃,7.375
2026-08-13 19:00:00,indoor.app_tempin,℃,14.991666666666667
2026-08-13 19:00:00,pressure.absolute,inHg,27.852500000000003
2026-08-13 20:00:00,temp_ch2.temperature,℃,11.266666666666666
2026-08-13 20:00:00,temp_ch1.temperature,℃,11.966666666666667
2026-08-13 20:00:00,soil_ch2.soilmoisture,%,40.0
2026-08-13 20:00:00,soil_ch2.ad,,209.75
2026-08-13 20:00:00,soil_ch1.soilmoisture,%,56.0
2026-08-13 20:00:00,soil_ch1.ad,,262.0
2026-08-13 20:00:00,pressure.relative,inHg,27.890833333333333
2026-08-13 20:00:00,indoor.temperature,℃,15.6
2026-08-13 20:00:00,indoor.humidity,%,58.75
2026-08-13 20:00:00,indoor.feels_like,℃,15.6
2026-08-13 20:00:00,indoor.dew_point,℃,7.558333333333334
2026-08-13 20:00:00,indoor.app_tempin,℃,15.049999999999999
2026-08-13 20:00:00,pressure.absolute,inHg,27.890833333333333
2026-08-13 21:00:00,soil_ch1.ad,,262.0
2026-08-13 21:00:00,temp_ch1.temperature,℃,12.066666666666668
2026-08-13 21:00:00,soil_ch2.soilmoisture,%,40.0
2026-08-13 21:00:00,soil_ch2.ad,,209.83333333333334
2026-08-13 21:00:00,soil_ch1.soilmoisture,%,56.0
2026-08-13 21:00:00,pressure.relative,inHg,27.916666666666668
2026-08-13 21:00:00,temp_ch2.temperature,℃,11.300000000000002
2026-08-13 21:00:00,indoor.temperature,℃,15.6
2026-08-13 21:00:00,indoor.app_tempin,℃,15.158333333333333
2026-08-13 21:00:00,indoor.dew_point,℃,8.033333333333333
2026-08-13 21:00:00,pressure.absolute,inHg,27.916666666666668
2026-08-13 21:00:00,indoor.humidity,%,60.583333333333336
2026-08-13 21:00:00,indoor.feels_like,℃,15.6
2026-08-13 22:00:00,temp_ch2.temperature,℃,11.300000000000002
2026-08-13 22:00:00,temp_ch1.temperature,℃,12.1
2026-08-13 22:00:00,soil_ch2.soilmoisture,%,40.0
2026-08-13 22:00:00,soil_ch2.ad,,209.33333333333334
2026-08-13 22:00:00,soil_ch1.ad,,262.0
2026-08-13 22:00:00,pressure.relative,inHg,27.948333333333334
2026-08-13 22:00:00,soil_ch1.soilmoisture,%,56.0
2026-08-13 22:00:00,indoor.temperature,℃,15.691666666666665
2026-08-13 22:00:00,indoor.humidity,%,64.0
2026-08-13 22:00:00,indoor.feels_like,℃,15.708333333333334
2026-08-13 22:00:00,indoor.dew_point,℃,8.9
2026-08-13 22:00:00,indoor.app_tempin,℃,15.424999999999999
2026-08-13 22:00:00,pressure.absolute,inHg,27.948333333333334
2026-08-13 23:00:00,soil_ch1.ad,,262.0
2026-08-13 23:00:00,temp_ch1.temperature,℃,12.166666666666666
2026-08-13 23:00:00,soil_ch2.soilmoisture,%,40.0
2026-08-13 23:00:00,soil_ch2.ad,,209.41666666666666
2026-08-13 23:00:00,soil_ch1.soilmoisture,%,56.0
2026-08-13 23:00:00,pressure.relative,inHg,27.954166666666666
2026-08-13 23:00:00,temp_ch2.temperature,℃,11.300000000000002
2026-08-13 23:00:00,indoor.temperature,℃,15.583333333333334
2026-08-13 23:00:00,indoor.humidity,%,67.25
2026-08-13 23:00:00,indoor.feels_like,℃,15.583333333333334
2026-08-13 23:00:00,indoor.dew_point,℃,9.533333333333333
2026-08-13 23:00:00,indoor.app_tempin,℃,15.508333333333333
2026-08-13 23:00:00,pressure.absolute,inHg,27.954166666666666
2026-08-14 00:00:00,temp_ch1.temperature,℃,12.241666666666667
2026-08-14 00:00:00,soil_ch2.soilmoisture,%,41.416666666666664
2026-08-14 00:00:00,soil_ch2.ad,,212.91666666666666
2026-08-14 00:00:00,soil_ch1.soilmoisture,%,56.0
2026-08-14 00:00:00,soil_ch1.ad,,262.0
2026-08-14 00:00:00,pressure.relative,inHg,27.962500000000002
2026-08-14 00:00:00,temp_ch2.temperature,℃,11.336363636363636
2026-08-14 00:00:00,indoor.temperature,℃,15.5
2026-08-14 00:00:00,pressure.absolute,inHg,27.962500000000002
2026-08-14 00:00:00,indoor.app_tempin,℃,15.375
2026-08-14 00:00:00,indoor.dew_point,℃,9.308333333333334
2026-08-14 00:00:00,indoor.feels_like,℃,15.5
2026-08-14 00:00:00,indoor.humidity,%,66.58333333333333
2026-08-14 01:00:00,temp_ch2.temperature,℃,11.391666666666667
2026-08-14 01:00:00,temp_ch1.temperature,℃,12.300000000000002
2026-08-14 01:00:00,soil_ch2.soilmoisture,%,42.0
2026-08-14 01:00:00,soil_ch2.ad,,214.08333333333334
2026-08-14 01:00:00,soil_ch1.ad,,262.1666666666667
2026-08-14 01:00:00,soil_ch1.soilmoisture,%,56.0
2026-08-14 01:00:00,indoor.temperature,℃,15.408333333333333
2026-08-14 01:00:00,indoor.humidity,%,66.16666666666667
2026-08-14 01:00:00,indoor.feels_like,℃,15.408333333333333
2026-08-14 01:00:00,indoor.dew_point,℃,9.15
2026-08-14 01:00:00,indoor.app_tempin,℃,15.25
2026-08-14 01:00:00,pressure.absolute,inHg,27.96666666666667
2026-08-14 01:00:00,pressure.relative,inHg,27.96666666666667
2026-08-14 02:00:00,temp_ch2.temperature,℃,11.4
2026-08-14 02:00:00,soil_ch1.ad,,262.0
2026-08-14 02:00:00,temp_ch1.temperature,℃,12.300000000000002
2026-08-14 02:00:00,soil_ch2.soilmoisture,%,42.0
2026-08-14 02:00:00,soil_ch2.ad,,214.41666666666666
2026-08-14 02:00:00,soil_ch1.soilmoisture,%,56.0
2026-08-14 02:00:00,pressure.relative,inHg,27.969166666666666
2026-08-14 02:00:00,indoor.temperature,℃,15.366666666666667
2026-08-14 02:00:00,indoor.humidity,%,65.41666666666667
2026-08-14 02:00:00,indoor.feels_like,℃,15.366666666666667
2026-08-14 02:00:00,indoor.dew_point,℃,8.916666666666666
2026-08-14 02:00:00,indoor.app_tempin,℃,15.125
2026-08-14 02:00:00,pressure.absolute,inHg,27.969166666666666
2026-08-14 03:00:00,temp_ch2.temperature,℃,11.408333333333333
2026-08-14 03:00:00,temp_ch1.temperature,℃,12.308333333333335
2026-08-14 03:00:00,soil_ch2.soilmoisture,%,42.0
2026-08-14 03:00:00,soil_ch2.ad,,214.16666666666666
2026-08-14 03:00:00,soil_ch1.soilmoisture,%,56.0
2026-08-14 03:00:00,soil_ch1.ad,,262.0
2026-08-14 03:00:00,pressure.relative,inHg,27.973333333333333
2026-08-14 03:00:00,pressure.absolute,inHg,27.973333333333333
2026-08-14 03:00:00,indoor.temperature,℃,15.225
2026-08-14 03:00:00,indoor.humidity,%,65.58333333333333
2026-08-14 03:00:00,indoor.feels_like,℃,15.225
2026-08-14 03:00:00,indoor.dew_point,℃,8.825000000000001
2026-08-14 03:00:00,indoor.app_tempin,℃,14.941666666666668
2026-08-14 04:00:00,temp_ch1.temperature,℃,12.375
2026-08-14 04:00:00,soil_ch2.soilmoisture,%,42.0
2026-08-14 04:00:00,soil_ch2.ad,,214.0
2026-08-14 04:00:00,soil_ch1.soilmoisture,%,56.0
2026-08-14 04:00:00,soil_ch1.ad,,262.0
2026-08-14 04:00:00,pressure.relative,inHg,27.9875
2026-08-14 04:00:00,temp_ch2.temperature,℃,11.4
2026-08-14 04:00:00,indoor.temperature,℃,15.158333333333333
2026-08-14 04:00:00,indoor.humidity,%,65.0
2026-08-14 04:00:00,indoor.feels_like,℃,15.166666666666666
2026-08-14 04:00:00,indoor.dew_point,℃,8.633333333333333
2026-08-14 04:00:00,indoor.app_tempin,℃,14.850000000000001
2026-08-14 04:00:00,pressure.absolute,inHg,27.9875
2026-08-14 05:00:00,temp_ch1.temperature,℃,12.4
2026-08-14 05:00:00,soil_ch2.soilmoisture,%,42.0
2026-08-14 05:00:00,soil_ch2.ad,,214.0
2026-08-14 05:00:00,soil_ch1.soilmoisture,%,56.0
2026-08-14 05:00:00,soil_ch1.ad,,262.0
2026-08-14 05:00:00,pressure.relative,inHg,28.004166666666666
2026-08-14 05:00:00,temp_ch2.temperature,℃,11.466666666666667
2026-08-14 05:00:00,indoor.temperature,℃,15.091666666666667
2026-08-14 05:00:00,indoor.humidity,%,64.83333333333333
2026-08-14 05:00:00,indoor.feels_like,℃,15.091666666666667
2026-08-14 05:00:00,indoor.dew_point,℃,8.508333333333333
2026-08-14 05:00:00,indoor.app_tempin,℃,14.766666666666666
2026-08-14 05:00:00,pressure.absolute,inHg,28.004166666666666
2026-08-14 06:00:00,temp_ch2.temperature,℃,11.5
2026-08-14 06:00:00,temp_ch1.temperature,℃,12.4
2026-08-14 06:00:00,soil_ch2.soilmoisture,%,42.0
2026-08-14 06:00:00,soil_ch2.ad,,214.0
2026-08-14 06:00:00,soil_ch1.soilmoisture,%,56.0
2026-08-14 06:00:00,soil_ch1.ad,,262.0
2026-08-14 06:00:00,pressure.relative,inHg,28.0175
2026-08-14 06:00:00,indoor.temperature,℃,15.0
2026-08-14 06:00:00,indoor.humidity,%,64.08333333333333
2026-08-14 06:00:00,indoor.feels_like,℃,15.0
2026-08-14 06:00:00,indoor.dew_point,℃,8.316666666666668
2026-08-14 06:00:00,indoor.app_tempin,℃,14.633333333333333
2026-08-14 06:00:00,pressure.absolute,inHg,28.0175
2026-08-14 07:00:00,soil_ch1.ad,,262.0
2026-08-14 07:00:00,temp_ch2.temperature,℃,11.5
2026-08-14 07:00:00,temp_ch1.temperature,℃,12.4
2026-08-14 07:00:00,soil_ch2.soilmoisture,%,42.0
2026-08-14 07:00:00,soil_ch1.soilmoisture,%,56.0
2026-08-14 07:00:00,pressure.relative,inHg,28.022499999999997
2026-08-14 07:00:00,soil_ch2.ad,,214.0
2026-08-14 07:00:00,indoor.temperature,℃,14.966666666666667
2026-08-14 07:00:00,indoor.app_tempin,℃,14.541666666666666
2026-08-14 07:00:00,indoor.dew_point,℃,8.25
2026-08-14 07:00:00,pressure.absolute,inHg,28.022499999999997
2026-08-14 07:00:00,indoor.humidity,%,64.0
2026-08-14 07:00:00,indoor.feels_like,℃,14.966666666666667
2026-08-14 08:00:00,soil_ch1.soilmoisture,%,56.0
2026-08-14 08:00:00,temp_ch2.temperature,℃,11.516666666666666
2026-08-14 08:00:00,temp_ch1.temperature,℃,12.4
2026-08-14 08:00:00,soil_ch2.soilmoisture,%,42.0
2026-08-14 08:00:00,soil_ch2.ad,,214.0
2026-08-14 08:00:00,soil_ch1.ad,,262.0
2026-08-14 08:00:00,pressure.relative,inHg,28.031666666666666
2026-08-14 08:00:00,indoor.temperature,℃,14.9
2026-08-14 08:00:00,indoor.humidity,%,63.666666666666664
2026-08-14 08:00:00,indoor.feels_like,℃,14.9
2026-08-14 08:00:00,indoor.dew_point,℃,8.083333333333334
2026-08-14 08:00:00,indoor.app_tempin,℃,14.433333333333332
2026-08-14 08:00:00,pressure.absolute,inHg,28.031666666666666
2026-08-14 09:00:00,soil_ch2.ad,,213.8181818181818
2026-08-14 09:00:00,soil_ch2.soilmoisture,%,41.81818181818182
2026-08-14 09:00:00,temp_ch2.temperature,℃,11.575000000000001
2026-08-14 09:00:00,soil_ch1.soilmoisture,%,56.0
2026-08-14 09:00:00,temp_ch1.temperature,℃,12.4
2026-08-14 09:00:00,soil_ch1.ad,,262.0
2026-08-14 09:00:00,indoor.dew_point,℃,7.991666666666667
2026-08-14 09:00:00,pressure.absolute,inHg,28.034166666666668
2026-08-14 09:00:00,indoor.temperature,℃,14.833333333333334
2026-08-14 09:00:00,indoor.humidity,%,63.583333333333336
2026-08-14 09:00:00,indoor.feels_like,℃,14.833333333333334
2026-08-14 09:00:00,indoor.app_tempin,℃,14.333333333333334
2026-08-14 09:00:00,pressure.relative,inHg,28.034166666666668
2026-08-14 10:00:00,soil_ch1.soilmoisture,%,56.0
2026-08-14 10:00:00,temp_ch2.temperature,℃,11.591666666666667
2026-08-14 10:00:00,temp_ch1.temperature,℃,12.391666666666667
2026-08-14 10:00:00,soil_ch2.soilmoisture,%,41.5
2026-08-14 10:00:00,soil_ch2.ad,,213.5
2026-08-14 10:00:00,soil_ch1.ad,,262.0
2026-08-14 10:00:00,indoor.dew_point,℃,7.883333333333334
2026-08-14 10:00:00,pressure.absolute,inHg,28.031666666666666
2026-08-14 10:00:00,indoor.temperature,℃,14.741666666666667
2026-08-14 10:00:00,indoor.humidity,%,63.583333333333336
2026-08-14 10:00:00,indoor.feels_like,℃,14.741666666666667
2026-08-14 10:00:00,indoor.app_tempin,℃,14.241666666666667
2026-08-14 10:00:00,pressure.relative,inHg,28.031666666666666
2026-08-14 11:00:00,temp_ch2.temperature,℃,11.6
2026-08-14 11:00:00,temp_ch1.temperature,℃,12.4
2026-08-14 11:00:00,soil_ch2.soilmoisture,%,41.09090909090909
2026-08-14 11:00:00,soil_ch2.ad,,213.0909090909091
2026-08-14 11:00:00,soil_ch1.soilmoisture,%,56.0
2026-08-14 11:00:00,soil_ch1.ad,,262.0
2026-08-14 11:00:00,indoor.temperature,℃,14.674999999999999
2026-08-14 11:00:00,pressure.absolute,inHg,28.030833333333334
2026-08-14 11:00:00,indoor.humidity,%,64.16666666666667
2026-08-14 11:00:00,indoor.feels_like,℃,14.674999999999999
2026-08-14 11:00:00,indoor.dew_point,℃,7.933333333333334
2026-08-14 11:00:00,indoor.app_tempin,℃,14.191666666666665
2026-08-14 11:00:00,pressure.relative,inHg,28.030833333333334
2026-08-14 12:00:00,soil_ch2.ad,,213.0
2026-08-14 12:00:00,soil_ch2.soilmoisture,%,41.0
2026-08-14 12:00:00,soil_ch1.soilmoisture,%,56.0
2026-08-14 12:00:00,temp_ch2.temperature,℃,11.6
2026-08-14 12:00:00,temp_ch1.temperature,℃,12.4
2026-08-14 12:00:00,soil_ch1.ad,,262.0
2026-08-14 12:00:00,indoor.dew_point,℃,8.008333333333333
2026-08-14 12:00:00,pressure.absolute,inHg,28.044166666666666
2026-08-14 12:00:00,indoor.app_tempin,℃,14.183333333333332
2026-08-14 12:00:00,indoor.feels_like,℃,14.649999999999999
2026-08-14 12:00:00,pressure.relative,inHg,28.044166666666666
2026-08-14 12:00:00,indoor.temperature,℃,14.649999999999999
2026-08-14 12:00:00,indoor.humidity,%,64.41666666666667
2026-08-14 13:00:00,soil_ch1.soilmoisture,%,56.0
2026-08-14 13:00:00,temp_ch2.temperature,℃,11.608333333333333
2026-08-14 13:00:00,temp_ch1.temperature,℃,12.4
2026-08-14 13:00:00,soil_ch2.soilmoisture,%,41.0
2026-08-14 13:00:00,soil_ch2.ad,,213.0
2026-08-14 13:00:00,soil_ch1.ad,,262.0
2026-08-14 13:00:00,pressure.relative,inHg,28.060833333333335
2026-08-14 13:00:00,pressure.absolute,inHg,28.060833333333335
2026-08-14 13:00:00,indoor.temperature,℃,14.858333333333334
2026-08-14 13:00:00,indoor.humidity,%,63.916666666666664
2026-08-14 13:00:00,indoor.feels_like,℃,14.858333333333334
2026-08-14 13:00:00,indoor.dew_point,℃,8.133333333333333
2026-08-14 13:00:00,indoor.app_tempin,℃,14.383333333333333
2026-08-14 14:00:00,temp_ch1.temperature,℃,12.316666666666668
2026-08-14 14:00:00,soil_ch2.soilmoisture,%,41.0
2026-08-14 14:00:00,soil_ch2.ad,,213.0
2026-08-14 14:00:00,soil_ch1.soilmoisture,%,56.0
2026-08-14 14:00:00,soil_ch1.ad,,262.0
2026-08-14 14:00:00,temp_ch2.temperature,℃,11.649999999999999
2026-08-14 14:00:00,pressure.relative,inHg,28.070000000000004
2026-08-14 14:00:00,indoor.temperature,℃,15.466666666666667
2026-08-14 14:00:00,indoor.humidity,%,64.58333333333333
2026-08-14 14:00:00,indoor.feels_like,℃,15.466666666666667
2026-08-14 14:00:00,indoor.dew_point,℃,8.808333333333334
2026-08-14 14:00:00,indoor.app_tempin,℃,15.233333333333334
2026-08-14 14:00:00,pressure.absolute,inHg,28.070000000000004
2026-08-14 15:00:00,temp_ch2.temperature,℃,11.691666666666665
2026-08-14 15:00:00,temp_ch1.temperature,℃,12.391666666666667
2026-08-14 15:00:00,soil_ch2.soilmoisture,%,41.0
2026-08-14 15:00:00,soil_ch2.ad,,213.0
2026-08-14 15:00:00,soil_ch1.soilmoisture,%,56.0
2026-08-14 15:00:00,soil_ch1.ad,,262.0
2026-08-14 15:00:00,pressure.relative,inHg,28.061666666666667
2026-08-14 15:00:00,indoor.temperature,℃,15.808333333333335
2026-08-14 15:00:00,indoor.humidity,%,65.83333333333333
2026-08-14 15:00:00,indoor.feels_like,℃,15.799999999999999
2026-08-14 15:00:00,indoor.dew_point,℃,9.391666666666667
2026-08-14 15:00:00,indoor.app_tempin,℃,15.708333333333334
2026-08-14 15:00:00,pressure.absolute,inHg,28.061666666666667
2026-08-14 16:00:00,soil_ch1.ad,,261.4166666666667
2026-08-14 16:00:00,temp_ch1.temperature,℃,12.5
2026-08-14 16:00:00,soil_ch2.soilmoisture,%,41.09090909090909
2026-08-14 16:00:00,soil_ch2.ad,,213.0909090909091
2026-08-14 16:00:00,soil_ch1.soilmoisture,%,56.0
2026-08-14 16:00:00,pressure.relative,inHg,28.064999999999998
2026-08-14 16:00:00,temp_ch2.temperature,℃,11.649999999999999
2026-08-14 16:00:00,indoor.temperature,℃,15.983333333333334
2026-08-14 16:00:00,indoor.humidity,%,65.0
2026-08-14 16:00:00,indoor.feels_like,℃,15.983333333333334
2026-08-14 16:00:00,indoor.dew_point,℃,9.4
2026-08-14 16:00:00,indoor.app_tempin,℃,15.883333333333333
2026-08-14 16:00:00,pressure.absolute,inHg,28.064999999999998
2026-08-14 17:00:00,temp_ch2.temperature,℃,11.666666666666666
2026-08-14 17:00:00,temp_ch1.temperature,℃,12.5
2026-08-14 17:00:00,soil_ch1.soilmoisture,%,56.0
2026-08-14 17:00:00,soil_ch2.soilmoisture,%,41.0
2026-08-14 17:00:00,soil_ch2.ad,,212.91666666666666
2026-08-14 17:00:00,soil_ch1.ad,,261.1666666666667
2026-08-14 17:00:00,indoor.dew_point,℃,9.683333333333334
2026-08-14 17:00:00,pressure.absolute,inHg,28.0575
2026-08-14 17:00:00,indoor.temperature,℃,16.183333333333334
2026-08-14 17:00:00,indoor.humidity,%,65.41666666666667
2026-08-14 17:00:00,indoor.feels_like,℃,16.183333333333334
2026-08-14 17:00:00,indoor.app_tempin,℃,16.141666666666666
2026-08-14 17:00:00,pressure.relative,inHg,28.0575
2026-08-14 18:00:00,temp_ch2.temperature,℃,11.691666666666665
2026-08-14 18:00:00,temp_ch1.temperature,℃,12.608333333333333
2026-08-14 18:00:00,soil_ch2.soilmoisture,%,41.0
2026-08-14 18:00:00,soil_ch2.ad,,212.7
2026-08-14 18:00:00,soil_ch1.soilmoisture,%,56.0
2026-08-14 18:00:00,soil_ch1.ad,,261.0
2026-08-14 18:00:00,pressure.relative,inHg,28.045833333333334
2026-08-14 18:00:00,pressure.absolute,inHg,28.045833333333334
2026-08-14 18:00:00,indoor.temperature,℃,16.766666666666666
2026-08-14 18:00:00,indoor.humidity,%,66.58333333333333
2026-08-14 18:00:00,indoor.feels_like,℃,16.758333333333333
2026-08-14 18:00:00,indoor.dew_point,℃,10.516666666666666
2026-08-14 18:00:00,indoor.app_tempin,℃,16.966666666666665
2026-08-14 19:00:00,temp_ch2.temperature,℃,11.699999999999998
2026-08-14 19:00:00,temp_ch1.temperature,℃,12.708333333333334
2026-08-14 19:00:00,soil_ch2.soilmoisture,%,41.0
2026-08-14 19:00:00,soil_ch2.ad,,212.41666666666666
2026-08-14 19:00:00,soil_ch1.soilmoisture,%,56.0
2026-08-14 19:00:00,soil_ch1.ad,,261.0
2026-08-14 19:00:00,pressure.relative,inHg,28.040833333333335
2026-08-14 19:00:00,pressure.absolute,inHg,28.040833333333335
2026-08-14 19:00:00,indoor.temperature,℃,17.133333333333333
2026-08-14 19:00:00,indoor.humidity,%,66.75
2026-08-14 19:00:00,indoor.feels_like,℃,17.141666666666666
2026-08-14 19:00:00,indoor.dew_point,℃,10.891666666666667
2026-08-14 19:00:00,indoor.app_tempin,℃,17.433333333333334
2026-08-14 20:00:00,temp_ch2.temperature,℃,11.699999999999998
2026-08-14 20:00:00,temp_ch1.temperature,℃,12.791666666666666
2026-08-14 20:00:00,soil_ch2.soilmoisture,%,41.0
2026-08-14 20:00:00,soil_ch2.ad,,211.91666666666666
2026-08-14 20:00:00,soil_ch1.soilmoisture,%,56.0
2026-08-14 20:00:00,soil_ch1.ad,,261.0
2026-08-14 20:00:00,pressure.relative,inHg,28.041666666666668
2026-08-14 20:00:00,pressure.absolute,inHg,28.041666666666668
2026-08-14 20:00:00,indoor.temperature,℃,17.508333333333333
2026-08-14 20:00:00,indoor.humidity,%,64.66666666666667
2026-08-14 20:00:00,indoor.feels_like,℃,17.508333333333333
2026-08-14 20:00:00,indoor.dew_point,℃,10.791666666666666
2026-08-14 20:00:00,indoor.app_tempin,℃,17.758333333333333
2026-08-14 21:00:00,temp_ch1.temperature,℃,12.866666666666667
2026-08-14 21:00:00,temp_ch2.temperature,℃,11.699999999999998
2026-08-14 21:00:00,soil_ch2.ad,,211.83333333333334
2026-08-14 21:00:00,soil_ch1.soilmoisture,%,56.0
2026-08-14 21:00:00,soil_ch1.ad,,261.0
2026-08-14 21:00:00,pressure.relative,inHg,28.037499999999998
2026-08-14 21:00:00,soil_ch2.soilmoisture,%,41.0
2026-08-14 21:00:00,indoor.temperature,℃,18.083333333333332
2026-08-14 21:00:00,indoor.humidity,%,61.25
2026-08-14 21:00:00,indoor.feels_like,℃,18.091666666666665
2026-08-14 21:00:00,indoor.dew_point,℃,10.533333333333333
2026-08-14 21:00:00,indoor.app_tempin,℃,18.3
2026-08-14 21:00:00,pressure.absolute,inHg,28.037499999999998
2026-08-14 22:00:00,temp_ch2.temperature,℃,11.708333333333334
2026-08-14 22:00:00,temp_ch1.temperature,℃,12.850000000000001
2026-08-14 22:00:00,soil_ch2.soilmoisture,%,41.0
2026-08-14 22:00:00,soil_ch2.ad,,211.58333333333334
2026-08-14 22:00:00,soil_ch1.soilmoisture,%,56.0
2026-08-14 22:00:00,soil_ch1.ad,,261.0
2026-08-14 22:00:00,pressure.relative,inHg,28.035
2026-08-14 22:00:00,pressure.absolute,inHg,28.035
2026-08-14 22:00:00,indoor.temperature,℃,17.741666666666667
2026-08-14 22:00:00,indoor.humidity,%,66.16666666666667
2026-08-14 22:00:00,indoor.feels_like,℃,17.758333333333333
2026-08-14 22:00:00,indoor.dew_point,℃,11.316666666666668
2026-08-14 22:00:00,indoor.app_tempin,℃,18.166666666666668
2026-08-14 23:00:00,temp_ch1.temperature,℃,12.891666666666667
2026-08-14 23:00:00,temp_ch2.temperature,℃,11.791666666666666
2026-08-14 23:00:00,soil_ch2.ad,,211.75
2026-08-14 23:00:00,soil_ch1.soilmoisture,%,56.0
2026-08-14 23:00:00,soil_ch1.ad,,261.0
2026-08-14 23:00:00,pressure.relative,inHg,28.048333333333332
2026-08-14 23:00:00,soil_ch2.soilmoisture,%,41.0
2026-08-14 23:00:00,indoor.temperature,℃,17.075
2026-08-14 23:00:00,indoor.humidity,%,64.25
2026-08-14 23:00:00,indoor.feels_like,℃,17.075
2026-08-14 23:00:00,indoor.dew_point,℃,10.275
2026-08-14 23:00:00,indoor.app_tempin,℃,17.175
2026-08-14 23:00:00,pressure.absolute,inHg,28.048333333333332
2026-08-15 00:00:00,temp_ch2.temperature,℃,11.800000000000002
2026-08-15 00:00:00,temp_ch1.temperature,℃,12.9
2026-08-15 00:00:00,soil_ch2.ad,,211.25
2026-08-15 00:00:00,soil_ch1.soilmoisture,%,56.0
2026-08-15 00:00:00,soil_ch1.ad,,261.0
2026-08-15 00:00:00,pressure.relative,inHg,28.043333333333333
2026-08-15 00:00:00,soil_ch2.soilmoisture,%,41.0
2026-08-15 00:00:00,indoor.temperature,℃,16.733333333333334
2026-08-15 00:00:00,indoor.humidity,%,63.75
2026-08-15 00:00:00,indoor.feels_like,℃,16.741666666666667
2026-08-15 00:00:00,indoor.dew_point,℃,9.841666666666667
2026-08-15 00:00:00,indoor.app_tempin,℃,16.724999999999998
2026-08-15 00:00:00,pressure.absolute,inHg,28.043333333333333
2026-08-15 01:00:00,temp_ch2.temperature,℃,11.800000000000002
2026-08-15 01:00:00,temp_ch1.temperature,℃,12.9
2026-08-15 01:00:00,soil_ch2.soilmoisture,%,41.0
2026-08-15 01:00:00,soil_ch2.ad,,211.0
2026-08-15 01:00:00,soil_ch1.soilmoisture,%,56.0
2026-08-15 01:00:00,soil_ch1.ad,,261.0
2026-08-15 01:00:00,indoor.temperature,℃,16.458333333333332
2026-08-15 01:00:00,pressure.absolute,inHg,28.040833333333335
2026-08-15 01:00:00,indoor.humidity,%,64.25
2026-08-15 01:00:00,indoor.feels_like,℃,16.458333333333332
2026-08-15 01:00:00,indoor.dew_point,℃,9.708333333333334
2026-08-15 01:00:00,indoor.app_tempin,℃,16.416666666666668
2026-08-15 01:00:00,pressure.relative,inHg,28.040833333333335
2026-08-15 02:00:00,soil_ch2.ad,,211.0
2026-08-15 02:00:00,soil_ch2.soilmoisture,%,41.0
2026-08-15 02:00:00,soil_ch1.soilmoisture,%,56.0
2026-08-15 02:00:00,temp_ch2.temperature,℃,11.808333333333335
2026-08-15 02:00:00,temp_ch1.temperature,℃,12.9
2026-08-15 02:00:00,soil_ch1.ad,,261.0
2026-08-15 02:00:00,pressure.relative,inHg,28.03333333333333
2026-08-15 02:00:00,pressure.absolute,inHg,28.03333333333333
2026-08-15 02:00:00,indoor.temperature,℃,16.308333333333334
2026-08-15 02:00:00,indoor.humidity,%,65.0
2026-08-15 02:00:00,indoor.feels_like,℃,16.308333333333334
2026-08-15 02:00:00,indoor.dew_point,℃,9.708333333333334
2026-08-15 02:00:00,indoor.app_tempin,℃,16.3
2026-08-15 03:00:00,temp_ch2.temperature,℃,11.800000000000002
2026-08-15 03:00:00,temp_ch1.temperature,℃,12.9
2026-08-15 03:00:00,soil_ch2.soilmoisture,%,41.0
2026-08-15 03:00:00,soil_ch2.ad,,211.0
2026-08-15 03:00:00,soil_ch1.soilmoisture,%,56.0
2026-08-15 03:00:00,soil_ch1.ad,,261.0
2026-08-15 03:00:00,pressure.relative,inHg,28.026666666666667
2026-08-15 03:00:00,pressure.absolute,inHg,28.026666666666667
2026-08-15 03:00:00,indoor.temperature,℃,16.150000000000002
2026-08-15 03:00:00,indoor.humidity,%,65.16666666666667
2026-08-15 03:00:00,indoor.feels_like,℃,16.150000000000002
2026-08-15 03:00:00,indoor.dew_point,℃,9.625
2026-08-15 03:00:00,indoor.app_tempin,℃,16.108333333333334
2026-08-15 04:00:00,temp_ch2.temperature,℃,11.825000000000001
2026-08-15 04:00:00,temp_ch1.temperature,℃,12.9
2026-08-15 04:00:00,soil_ch2.soilmoisture,%,41.0
2026-08-15 04:00:00,soil_ch2.ad,,211.0
2026-08-15 04:00:00,soil_ch1.soilmoisture,%,56.0
2026-08-15 04:00:00,soil_ch1.ad,,261.0
2026-08-15 04:00:00,pressure.relative,inHg,28.015833333333333
2026-08-15 04:00:00,pressure.absolute,inHg,28.015833333333333
2026-08-15 04:00:00,indoor.temperature,℃,16.025000000000002
2026-08-15 04:00:00,indoor.humidity,%,66.0
2026-08-15 04:00:00,indoor.feels_like,℃,16.025000000000002
2026-08-15 04:00:00,indoor.dew_point,℃,9.716666666666667
2026-08-15 04:00:00,indoor.app_tempin,℃,15.950000000000001
2026-08-15 05:00:00,temp_ch2.temperature,℃,11.858333333333334
2026-08-15 05:00:00,temp_ch1.temperature,℃,12.9
2026-08-15 05:00:00,soil_ch2.soilmoisture,%,41.0
2026-08-15 05:00:00,soil_ch2.ad,,211.0
2026-08-15 05:00:00,soil_ch1.soilmoisture,%,55.75
2026-08-15 05:00:00,soil_ch1.ad,,260.75
2026-08-15 05:00:00,pressure.relative,inHg,28.0025
2026-08-15 05:00:00,pressure.absolute,inHg,28.0025
2026-08-15 05:00:00,indoor.temperature,℃,15.9
2026-08-15 05:00:00,indoor.humidity,%,67.0
2026-08-15 05:00:00,indoor.feels_like,℃,15.891666666666667
2026-08-15 05:00:00,indoor.dew_point,℃,9.775
2026-08-15 05:00:00,indoor.app_tempin,℃,15.891666666666667
2026-08-15 06:00:00,temp_ch1.temperature,℃,12.9
2026-08-15 06:00:00,soil_ch2.soilmoisture,%,41.0
2026-08-15 06:00:00,soil_ch2.ad,,211.0
2026-08-15 06:00:00,soil_ch1.soilmoisture,%,55.81818181818182
2026-08-15 06:00:00,soil_ch1.ad,,260.8181818181818
2026-08-15 06:00:00,pressure.relative,inHg,28.012500000000003
2026-08-15 06:00:00,temp_ch2.temperature,℃,11.9
2026-08-15 06:00:00,indoor.temperature,℃,15.799999999999999
2026-08-15 06:00:00,indoor.humidity,%,67.0
2026-08-15 06:00:00,indoor.feels_like,℃,15.791666666666666
2026-08-15 06:00:00,indoor.dew_point,℃,9.674999999999999
2026-08-15 06:00:00,indoor.app_tempin,℃,15.758333333333333
2026-08-15 06:00:00,pressure.absolute,inHg,28.012500000000003
2026-08-15 07:00:00,temp_ch2.temperature,℃,11.891666666666667
2026-08-15 07:00:00,temp_ch1.temperature,℃,12.9
2026-08-15 07:00:00,soil_ch2.soilmoisture,%,41.0
2026-08-15 07:00:00,soil_ch2.ad,,211.0
2026-08-15 07:00:00,soil_ch1.soilmoisture,%,55.416666666666664
2026-08-15 07:00:00,soil_ch1.ad,,260.4166666666667
2026-08-15 07:00:00,pressure.relative,inHg,28.004166666666666
2026-08-15 07:00:00,pressure.absolute,inHg,28.004166666666666
2026-08-15 07:00:00,indoor.temperature,℃,15.666666666666666
2026-08-15 07:00:00,indoor.humidity,%,67.0
2026-08-15 07:00:00,indoor.feels_like,℃,15.674999999999999
2026-08-15 07:00:00,indoor.dew_point,℃,9.575
2026-08-15 07:00:00,indoor.app_tempin,℃,15.575000000000001
2026-08-15 08:00:00,temp_ch1.temperature,℃,12.9
2026-08-15 08:00:00,soil_ch2.soilmoisture,%,41.0
2026-08-15 08:00:00,soil_ch2.ad,,211.0
2026-08-15 08:00:00,soil_ch1.soilmoisture,%,55.0
2026-08-15 08:00:00,soil_ch1.ad,,260.0
2026-08-15 08:00:00,pressure.relative,inHg,27.999166666666667
2026-08-15 08:00:00,temp_ch2.temperature,℃,11.9
2026-08-15 08:00:00,indoor.temperature,℃,15.591666666666667
2026-08-15 08:00:00,indoor.humidity,%,67.41666666666667
2026-08-15 08:00:00,indoor.feels_like,℃,15.591666666666667
2026-08-15 08:00:00,indoor.dew_point,℃,9.549999999999999
2026-08-15 08:00:00,indoor.app_tempin,℃,15.491666666666667
2026-08-15 08:00:00,pressure.absolute,inHg,27.999166666666667
2026-08-15 09:00:00,temp_ch1.temperature,℃,12.891666666666667
2026-08-15 09:00:00,soil_ch2.soilmoisture,%,41.0
2026-08-15 09:00:00,soil_ch2.ad,,211.0
2026-08-15 09:00:00,soil_ch1.soilmoisture,%,55.083333333333336
2026-08-15 09:00:00,soil_ch1.ad,,260.0833333333333
2026-08-15 09:00:00,pressure.relative,inHg,27.991666666666664
2026-08-15 09:00:00,temp_ch2.temperature,℃,11.9
2026-08-15 09:00:00,indoor.temperature,℃,15.491666666666667
2026-08-15 09:00:00,indoor.humidity,%,67.66666666666667
2026-08-15 09:00:00,indoor.feels_like,℃,15.491666666666667
2026-08-15 09:00:00,indoor.dew_point,℃,9.558333333333334
2026-08-15 09:00:00,indoor.app_tempin,℃,15.391666666666667
2026-08-15 09:00:00,pressure.absolute,inHg,27.991666666666664
2026-08-15 10:00:00,temp_ch2.temperature,℃,11.9
2026-08-15 10:00:00,temp_ch1.temperature,℃,12.883333333333333
2026-08-15 10:00:00,soil_ch2.soilmoisture,%,41.0
2026-08-15 10:00:00,soil_ch2.ad,,211.0
2026-08-15 10:00:00,soil_ch1.soilmoisture,%,55.0
2026-08-15 10:00:00,soil_ch1.ad,,260.0
2026-08-15 10:00:00,pressure.relative,inHg,28.003333333333334
2026-08-15 10:00:00,indoor.temperature,℃,15.433333333333332
2026-08-15 10:00:00,indoor.humidity,%,68.0
2026-08-15 10:00:00,indoor.feels_like,℃,15.433333333333332
2026-08-15 10:00:00,indoor.dew_point,℃,9.6
2026-08-15 10:00:00,indoor.app_tempin,℃,15.341666666666667
2026-08-15 10:00:00,pressure.absolute,inHg,28.003333333333334
2026-08-15 11:00:00,soil_ch1.ad,,260.0833333333333
2026-08-15 11:00:00,temp_ch2.temperature,℃,11.916666666666666
2026-08-15 11:00:00,temp_ch1.temperature,℃,12.841666666666667
2026-08-15 11:00:00,soil_ch2.ad,,211.0
2026-08-15 11:00:00,soil_ch1.soilmoisture,%,55.083333333333336
2026-08-15 11:00:00,pressure.relative,inHg,28.00916666666667
2026-08-15 11:00:00,soil_ch2.soilmoisture,%,41.0
2026-08-15 11:00:00,indoor.temperature,℃,15.350000000000001
2026-08-15 11:00:00,indoor.humidity,%,68.0
2026-08-15 11:00:00,indoor.feels_like,℃,15.350000000000001
2026-08-15 11:00:00,pressure.absolute,inHg,28.00916666666667
2026-08-15 11:00:00,indoor.dew_point,℃,9.508333333333333
2026-08-15 11:00:00,indoor.app_tempin,℃,15.25
2026-08-15 12:00:00,temp_ch2.temperature,℃,11.916666666666666
2026-08-15 12:00:00,temp_ch1.temperature,℃,12.800000000000002
2026-08-15 12:00:00,soil_ch2.soilmoisture,%,40.916666666666664
2026-08-15 12:00:00,soil_ch2.ad,,210.91666666666666
2026-08-15 12:00:00,soil_ch1.soilmoisture,%,55.0
2026-08-15 12:00:00,soil_ch1.ad,,260.0
2026-08-15 12:00:00,pressure.relative,inHg,28.01
2026-08-15 12:00:00,pressure.absolute,inHg,28.01
2026-08-15 12:00:00,indoor.temperature,℃,15.300000000000002
2026-08-15 12:00:00,indoor.humidity,%,68.0
2026-08-15 12:00:00,indoor.feels_like,℃,15.300000000000002
2026-08-15 12:00:00,indoor.dew_point,℃,9.4
2026-08-15 12:00:00,indoor.app_tempin,℃,15.199999999999998
2026-08-15 13:00:00,temp_ch1.temperature,℃,12.800000000000002
2026-08-15 13:00:00,soil_ch2.soilmoisture,%,41.333333333333336
2026-08-15 13:00:00,soil_ch2.ad,,213.08333333333334
2026-08-15 13:00:00,soil_ch1.soilmoisture,%,55.1
2026-08-15 13:00:00,soil_ch1.ad,,260.1
2026-08-15 13:00:00,pressure.relative,inHg,28.02
2026-08-15 13:00:00,temp_ch2.temperature,℃,11.933333333333332
2026-08-15 13:00:00,indoor.temperature,℃,15.316666666666668
2026-08-15 13:00:00,indoor.humidity,%,68.16666666666667
2026-08-15 13:00:00,indoor.feels_like,℃,15.300000000000002
2026-08-15 13:00:00,indoor.dew_point,℃,9.458333333333334
2026-08-15 13:00:00,indoor.app_tempin,℃,15.225
2026-08-15 13:00:00,pressure.absolute,inHg,28.02
2026-08-15 14:00:00,temp_ch1.temperature,℃,12.800000000000002
2026-08-15 14:00:00,soil_ch2.soilmoisture,%,61.583333333333336
2026-08-15 14:00:00,soil_ch2.ad,,285.5833333333333
2026-08-15 14:00:00,soil_ch1.soilmoisture,%,61.75
2026-08-15 14:00:00,soil_ch1.ad,,282.75
2026-08-15 14:00:00,pressure.relative,inHg,28.035
2026-08-15 14:00:00,temp_ch2.temperature,℃,11.983333333333334
2026-08-15 14:00:00,indoor.temperature,℃,15.191666666666665
2026-08-15 14:00:00,indoor.humidity,%,69.25
2026-08-15 14:00:00,indoor.feels_like,℃,15.199999999999998
2026-08-15 14:00:00,indoor.dew_point,℃,9.633333333333333
2026-08-15 14:00:00,indoor.app_tempin,℃,15.116666666666667
2026-08-15 14:00:00,pressure.absolute,inHg,28.035
2026-08-15 15:00:00,temp_ch2.temperature,℃,12.0
2026-08-15 15:00:00,temp_ch1.temperature,℃,12.800000000000002
2026-08-15 15:00:00,soil_ch2.soilmoisture,%,63.416666666666664
2026-08-15 15:00:00,soil_ch2.ad,,292.6666666666667
2026-08-15 15:00:00,soil_ch1.soilmoisture,%,70.33333333333333
2026-08-15 15:00:00,soil_ch1.ad,,314.1666666666667
2026-08-15 15:00:00,pressure.relative,inHg,28.046666666666667
2026-08-15 15:00:00,indoor.temperature,℃,15.174999999999999
2026-08-15 15:00:00,indoor.humidity,%,70.0
2026-08-15 15:00:00,indoor.feels_like,℃,15.174999999999999
2026-08-15 15:00:00,indoor.dew_point,℃,9.741666666666667
2026-08-15 15:00:00,indoor.app_tempin,℃,15.125
2026-08-15 15:00:00,pressure.absolute,inHg,28.046666666666667
2026-08-15 16:00:00,temp_ch2.temperature,℃,12.0
2026-08-15 16:00:00,temp_ch1.temperature,℃,12.800000000000002
2026-08-15 16:00:00,soil_ch2.soilmoisture,%,63.75
2026-08-15 16:00:00,soil_ch2.ad,,293.5
2026-08-15 16:00:00,soil_ch1.soilmoisture,%,72.0
2026-08-15 16:00:00,soil_ch1.ad,,319.72727272727275
2026-08-15 16:00:00,indoor.temperature,℃,15.108333333333333
2026-08-15 16:00:00,pressure.absolute,inHg,28.051666666666666
2026-08-15 16:00:00,indoor.humidity,%,69.91666666666667
2026-08-15 16:00:00,indoor.feels_like,℃,15.141666666666666
2026-08-15 16:00:00,indoor.dew_point,℃,9.666666666666666
2026-08-15 16:00:00,indoor.app_tempin,℃,15.083333333333334
2026-08-15 16:00:00,pressure.relative,inHg,28.051666666666666
2026-08-15 17:00:00,temp_ch2.temperature,℃,12.0
2026-08-15 17:00:00,temp_ch1.temperature,℃,12.783333333333333
2026-08-15 17:00:00,soil_ch2.soilmoisture,%,63.5
2026-08-15 17:00:00,soil_ch2.ad,,293.0833333333333
2026-08-15 17:00:00,soil_ch1.soilmoisture,%,71.36363636363636
2026-08-15 17:00:00,soil_ch1.ad,,316.54545454545456
2026-08-15 17:00:00,pressure.relative,inHg,28.037499999999998
2026-08-15 17:00:00,pressure.absolute,inHg,28.037499999999998
2026-08-15 17:00:00,indoor.temperature,℃,15.033333333333333
2026-08-15 17:00:00,indoor.humidity,%,69.58333333333333
2026-08-15 17:00:00,indoor.feels_like,℃,15.033333333333333
2026-08-15 17:00:00,indoor.dew_point,℃,9.541666666666666
2026-08-15 17:00:00,indoor.app_tempin,℃,14.983333333333334
2026-08-15 18:00:00,temp_ch1.temperature,℃,12.699999999999998
2026-08-15 18:00:00,temp_ch2.temperature,℃,12.0
2026-08-15 18:00:00,soil_ch2.ad,,305.25
2026-08-15 18:00:00,soil_ch1.soilmoisture,%,73.33333333333333
2026-08-15 18:00:00,soil_ch1.ad,,324.6666666666667
2026-08-15 18:00:00,pressure.relative,inHg,28.031666666666666
2026-08-15 18:00:00,soil_ch2.soilmoisture,%,66.83333333333333
2026-08-15 18:00:00,indoor.temperature,℃,14.933333333333332
2026-08-15 18:00:00,indoor.humidity,%,69.0
2026-08-15 18:00:00,indoor.feels_like,℃,14.933333333333332
2026-08-15 18:00:00,indoor.dew_point,℃,9.325000000000001
2026-08-15 18:00:00,indoor.app_tempin,℃,14.825000000000001
2026-08-15 18:00:00,pressure.absolute,inHg,28.031666666666666
2026-08-15 19:00:00,temp_ch2.temperature,℃,12.0
2026-08-15 19:00:00,temp_ch1.temperature,℃,12.683333333333332
2026-08-15 19:00:00,soil_ch2.ad,,304.5833333333333
2026-08-15 19:00:00,soil_ch1.soilmoisture,%,73.25
2026-08-15 19:00:00,soil_ch1.ad,,324.25
2026-08-15 19:00:00,pressure.relative,inHg,28.0325
2026-08-15 19:00:00,soil_ch2.soilmoisture,%,66.75
2026-08-15 19:00:00,indoor.temperature,℃,14.716666666666667
2026-08-15 19:00:00,indoor.humidity,%,69.0
2026-08-15 19:00:00,indoor.feels_like,℃,14.716666666666667
2026-08-15 19:00:00,indoor.dew_point,℃,9.108333333333333
2026-08-15 19:00:00,indoor.app_tempin,℃,14.516666666666666
2026-08-15 19:00:00,pressure.absolute,inHg,28.0325
2026-08-15 20:00:00,temp_ch2.temperature,℃,11.983333333333334
2026-08-15 20:00:00,temp_ch1.temperature,℃,12.6
2026-08-15 20:00:00,soil_ch2.soilmoisture,%,66.58333333333333
2026-08-15 20:00:00,soil_ch2.ad,,303.8333333333333
2026-08-15 20:00:00,soil_ch1.soilmoisture,%,73.41666666666667
2026-08-15 20:00:00,soil_ch1.ad,,324.6666666666667
2026-08-15 20:00:00,indoor.temperature,℃,14.541666666666666
2026-08-15 20:00:00,pressure.absolute,inHg,28.045
2026-08-15 20:00:00,indoor.humidity,%,68.08333333333333
2026-08-15 20:00:00,indoor.feels_like,℃,14.549999999999999
2026-08-15 20:00:00,indoor.dew_point,℃,8.758333333333333
2026-08-15 20:00:00,indoor.app_tempin,℃,14.275
2026-08-15 20:00:00,pressure.relative,inHg,28.045
2026-08-15 21:00:00,soil_ch2.ad,,288.75
2026-08-15 21:00:00,soil_ch2.soilmoisture,%,62.333333333333336
2026-08-15 21:00:00,soil_ch1.soilmoisture,%,71.33333333333333
2026-08-15 21:00:00,temp_ch2.temperature,℃,11.933333333333332
2026-08-15 21:00:00,temp_ch1.temperature,℃,12.533333333333333
2026-08-15 21:00:00,soil_ch1.ad,,316.9166666666667
2026-08-15 21:00:00,pressure.relative,inHg,28.048333333333332
2026-08-15 21:00:00,pressure.absolute,inHg,28.048333333333332
2026-08-15 21:00:00,indoor.temperature,℃,14.5
2026-08-15 21:00:00,indoor.humidity,%,68.0
2026-08-15 21:00:00,indoor.feels_like,℃,14.5
2026-08-15 21:00:00,indoor.dew_point,℃,8.666666666666666
2026-08-15 21:00:00,indoor.app_tempin,℃,14.200000000000001
2026-08-15 22:00:00,temp_ch2.temperature,℃,11.9
2026-08-15 22:00:00,temp_ch1.temperature,℃,12.458333333333334
2026-08-15 22:00:00,soil_ch2.soilmoisture,%,59.583333333333336
2026-08-15 22:00:00,soil_ch2.ad,,278.0833333333333
2026-08-15 22:00:00,soil_ch1.soilmoisture,%,69.66666666666667
2026-08-15 22:00:00,soil_ch1.ad,,310.9166666666667
2026-08-15 22:00:00,pressure.relative,inHg,28.073333333333334
2026-08-15 22:00:00,pressure.absolute,inHg,28.073333333333334
2026-08-15 22:00:00,indoor.temperature,℃,14.433333333333332
2026-08-15 22:00:00,indoor.humidity,%,66.91666666666667
2026-08-15 22:00:00,indoor.feels_like,℃,14.433333333333332
2026-08-15 22:00:00,indoor.dew_point,℃,8.383333333333333
2026-08-15 22:00:00,indoor.app_tempin,℃,14.058333333333332
2026-08-15 23:00:00,temp_ch2.temperature,℃,11.841666666666667
2026-08-15 23:00:00,temp_ch1.temperature,℃,12.4
2026-08-15 23:00:00,soil_ch2.soilmoisture,%,57.5
2026-08-15 23:00:00,soil_ch2.ad,,271.5833333333333
2026-08-15 23:00:00,soil_ch1.soilmoisture,%,67.83333333333333
2026-08-15 23:00:00,soil_ch1.ad,,305.1666666666667
2026-08-15 23:00:00,pressure.relative,inHg,28.087500000000002
2026-08-15 23:00:00,pressure.absolute,inHg,28.087500000000002
2026-08-15 23:00:00,indoor.temperature,℃,14.358333333333334
2026-08-15 23:00:00,indoor.humidity,%,64.16666666666667
2026-08-15 23:00:00,indoor.feels_like,℃,14.350000000000001
2026-08-15 23:00:00,indoor.dew_point,℃,7.675
2026-08-15 23:00:00,indoor.app_tempin,℃,13.791666666666666
2026-08-16 00:00:00,temp_ch2.temperature,℃,11.808333333333335
2026-08-16 00:00:00,temp_ch1.temperature,℃,12.350000000000001
2026-08-16 00:00:00,soil_ch2.soilmoisture,%,56.416666666666664
2026-08-16 00:00:00,soil_ch2.ad,,267.4166666666667
2026-08-16 00:00:00,soil_ch1.soilmoisture,%,67.0
2026-08-16 00:00:00,soil_ch1.ad,,301.1666666666667
2026-08-16 00:00:00,pressure.relative,inHg,28.095
2026-08-16 00:00:00,pressure.absolute,inHg,28.095
2026-08-16 00:00:00,indoor.temperature,℃,14.291666666666666
2026-08-16 00:00:00,indoor.humidity,%,64.5
2026-08-16 00:00:00,indoor.feels_like,℃,14.283333333333333
2026-08-16 00:00:00,indoor.dew_point,℃,7.691666666666666
2026-08-16 00:00:00,indoor.app_tempin,℃,13.741666666666667
2026-08-16 01:00:00,temp_ch1.temperature,℃,12.300000000000002
2026-08-16 01:00:00,soil_ch2.soilmoisture,%,55.583333333333336
2026-08-16 01:00:00,soil_ch2.ad,,264.5833333333333
2026-08-16 01:00:00,soil_ch1.soilmoisture,%,66.0
2026-08-16 01:00:00,soil_ch1.ad,,298.5
2026-08-16 01:00:00,pressure.relative,inHg,28.0825
2026-08-16 01:00:00,temp_ch2.temperature,℃,11.800000000000002
2026-08-16 01:00:00,indoor.temperature,℃,14.116666666666667
2026-08-16 01:00:00,indoor.humidity,%,64.75
2026-08-16 01:00:00,indoor.feels_like,℃,14.116666666666667
2026-08-16 01:00:00,indoor.dew_point,℃,7.55
2026-08-16 01:00:00,indoor.app_tempin,℃,13.566666666666668
2026-08-16 01:00:00,pressure.absolute,inHg,28.0825
2026-08-16 02:00:00,temp_ch2.temperature,℃,11.791666666666666
2026-08-16 02:00:00,temp_ch1.temperature,℃,12.300000000000002
2026-08-16 02:00:00,soil_ch2.soilmoisture,%,55.0
2026-08-16 02:00:00,soil_ch2.ad,,262.5
2026-08-16 02:00:00,soil_ch1.soilmoisture,%,66.0
2026-08-16 02:00:00,soil_ch1.ad,,297.4166666666667
2026-08-16 02:00:00,pressure.relative,inHg,28.075833333333332
2026-08-16 02:00:00,pressure.absolute,inHg,28.075833333333332
2026-08-16 02:00:00,indoor.temperature,℃,13.883333333333333
2026-08-16 02:00:00,indoor.humidity,%,64.0
2026-08-16 02:00:00,indoor.feels_like,℃,13.858333333333334
2026-08-16 02:00:00,indoor.dew_point,℃,7.183333333333334
2026-08-16 02:00:00,indoor.app_tempin,℃,13.191666666666665
2026-08-16 03:00:00,temp_ch1.temperature,℃,12.291666666666666
2026-08-16 03:00:00,soil_ch2.soilmoisture,%,54.666666666666664
2026-08-16 03:00:00,soil_ch2.ad,,260.6666666666667
2026-08-16 03:00:00,soil_ch1.soilmoisture,%,65.58333333333333
2026-08-16 03:00:00,soil_ch1.ad,,296.5833333333333
2026-08-16 03:00:00,pressure.relative,inHg,28.0625
2026-08-16 03:00:00,temp_ch2.temperature,℃,11.75
2026-08-16 03:00:00,indoor.temperature,℃,13.666666666666666
2026-08-16 03:00:00,indoor.humidity,%,63.25
2026-08-16 03:00:00,indoor.feels_like,℃,13.674999999999999
2026-08-16 03:00:00,indoor.dew_point,℃,6.816666666666666
2026-08-16 03:00:00,indoor.app_tempin,℃,12.916666666666666
2026-08-16 03:00:00,pressure.absolute,inHg,28.0625
2026-08-16 04:00:00,temp_ch1.temperature,℃,12.233333333333334
2026-08-16 04:00:00,soil_ch2.soilmoisture,%,54.0
2026-08-16 04:00:00,soil_ch2.ad,,259.25
2026-08-16 04:00:00,soil_ch1.soilmoisture,%,65.0
2026-08-16 04:00:00,soil_ch1.ad,,295.4166666666667
2026-08-16 04:00:00,pressure.relative,inHg,28.061666666666667
2026-08-16 04:00:00,temp_ch2.temperature,℃,11.716666666666667
2026-08-16 04:00:00,indoor.temperature,℃,13.483333333333334
2026-08-16 04:00:00,indoor.humidity,%,63.0
2026-08-16 04:00:00,indoor.feels_like,℃,13.483333333333334
2026-08-16 04:00:00,indoor.dew_point,℃,6.583333333333333
2026-08-16 04:00:00,indoor.app_tempin,℃,12.683333333333332
2026-08-16 04:00:00,pressure.absolute,inHg,28.061666666666667
2026-08-16 05:00:00,temp_ch2.temperature,℃,11.725
2026-08-16 05:00:00,temp_ch1.temperature,℃,12.125
2026-08-16 05:00:00,soil_ch2.soilmoisture,%,54.0
2026-08-16 05:00:00,soil_ch2.ad,,258.0833333333333
2026-08-16 05:00:00,soil_ch1.soilmoisture,%,65.0
2026-08-16 05:00:00,soil_ch1.ad,,294.8333333333333
2026-08-16 05:00:00,pressure.relative,inHg,28.0625
2026-08-16 05:00:00,indoor.temperature,℃,13.316666666666668
2026-08-16 05:00:00,indoor.humidity,%,62.583333333333336
2026-08-16 05:00:00,indoor.feels_like,℃,13.308333333333335
2026-08-16 05:00:00,indoor.dew_point,℃,6.316666666666666
2026-08-16 05:00:00,indoor.app_tempin,℃,12.458333333333334
2026-08-16 05:00:00,pressure.absolute,inHg,28.0625
2026-08-16 06:00:00,soil_ch1.ad,,294.0
2026-08-16 06:00:00,temp_ch1.temperature,℃,12.1
2026-08-16 06:00:00,soil_ch2.soilmoisture,%,54.0
2026-08-16 06:00:00,soil_ch2.ad,,257.0
2026-08-16 06:00:00,soil_ch1.soilmoisture,%,65.0
2026-08-16 06:00:00,pressure.relative,inHg,28.0575
2026-08-16 06:00:00,temp_ch2.temperature,℃,11.708333333333334
2026-08-16 06:00:00,indoor.temperature,℃,13.149999999999999
2026-08-16 06:00:00,indoor.app_tempin,℃,12.233333333333334
2026-08-16 06:00:00,indoor.dew_point,℃,6.05
2026-08-16 06:00:00,pressure.absolute,inHg,28.0575
2026-08-16 06:00:00,indoor.humidity,%,62.0
2026-08-16 06:00:00,indoor.feels_like,℃,13.149999999999999
2026-08-16 07:00:00,temp_ch2.temperature,℃,11.699999999999998
2026-08-16 07:00:00,temp_ch1.temperature,℃,12.016666666666666
2026-08-16 07:00:00,soil_ch2.soilmoisture,%,53.166666666666664
2026-08-16 07:00:00,soil_ch2.ad,,256.0833333333333
2026-08-16 07:00:00,soil_ch1.ad,,293.1666666666667
2026-08-16 07:00:00,pressure.relative,inHg,28.03833333333333
2026-08-16 07:00:00,soil_ch1.soilmoisture,%,65.0
2026-08-16 07:00:00,indoor.temperature,℃,12.991666666666667
2026-08-16 07:00:00,indoor.humidity,%,61.416666666666664
2026-08-16 07:00:00,indoor.feels_like,℃,12.991666666666667
2026-08-16 07:00:00,indoor.dew_point,℃,5.758333333333333
2026-08-16 07:00:00,indoor.app_tempin,℃,12.016666666666666
2026-08-16 07:00:00,pressure.absolute,inHg,28.03833333333333
2026-08-16 08:00:00,soil_ch1.ad,,293.0
2026-08-16 08:00:00,temp_ch1.temperature,℃,11.966666666666667
2026-08-16 08:00:00,soil_ch2.soilmoisture,%,53.0
2026-08-16 08:00:00,soil_ch2.ad,,255.0
2026-08-16 08:00:00,soil_ch1.soilmoisture,%,65.0
2026-08-16 08:00:00,pressure.relative,inHg,28.025000000000002
2026-08-16 08:00:00,temp_ch2.temperature,℃,11.691666666666665
2026-08-16 08:00:00,indoor.temperature,℃,12.799999999999999
2026-08-16 08:00:00,indoor.humidity,%,60.833333333333336
2026-08-16 08:00:00,indoor.feels_like,℃,12.799999999999999
2026-08-16 08:00:00,indoor.dew_point,℃,5.458333333333333
2026-08-16 08:00:00,indoor.app_tempin,℃,11.783333333333333
2026-08-16 08:00:00,pressure.absolute,inHg,28.025000000000002
2026-08-16 09:00:00,temp_ch1.temperature,℃,11.9
2026-08-16 09:00:00,soil_ch2.soilmoisture,%,53.0
2026-08-16 09:00:00,soil_ch2.ad,,254.25
2026-08-16 09:00:00,soil_ch1.soilmoisture,%,64.0
2026-08-16 09:00:00,soil_ch1.ad,,292.0
2026-08-16 09:00:00,pressure.relative,inHg,28.014166666666668
2026-08-16 09:00:00,temp_ch2.temperature,℃,11.699999999999998
2026-08-16 09:00:00,indoor.temperature,℃,12.616666666666667
2026-08-16 09:00:00,pressure.absolute,inHg,28.014166666666668
2026-08-16 09:00:00,indoor.app_tempin,℃,11.516666666666666
2026-08-16 09:00:00,indoor.dew_point,℃,5.091666666666667
2026-08-16 09:00:00,indoor.feels_like,℃,12.616666666666667
2026-08-16 09:00:00,indoor.humidity,%,60.0
2026-08-16 10:00:00,temp_ch2.temperature,℃,11.674999999999999
2026-08-16 10:00:00,temp_ch1.temperature,℃,11.808333333333335
2026-08-16 10:00:00,soil_ch2.soilmoisture,%,52.833333333333336
2026-08-16 10:00:00,soil_ch2.ad,,253.83333333333334
2026-08-16 10:00:00,soil_ch1.ad,,292.0
2026-08-16 10:00:00,soil_ch1.soilmoisture,%,64.0
2026-08-16 10:00:00,indoor.temperature,℃,12.466666666666667
2026-08-16 10:00:00,indoor.humidity,%,60.0
2026-08-16 10:00:00,indoor.feels_like,℃,12.466666666666667
2026-08-16 10:00:00,indoor.dew_point,℃,4.908333333333333
2026-08-16 10:00:00,indoor.app_tempin,℃,11.333333333333334
2026-08-16 10:00:00,pressure.absolute,inHg,28.019166666666667
2026-08-16 10:00:00,pressure.relative,inHg,28.019166666666667
2026-08-16 11:00:00,temp_ch2.temperature,℃,11.699999999999998
2026-08-16 11:00:00,soil_ch1.ad,,291.0833333333333
2026-08-16 11:00:00,temp_ch1.temperature,℃,11.699999999999998
2026-08-16 11:00:00,soil_ch2.soilmoisture,%,52.0
2026-08-16 11:00:00,soil_ch2.ad,,253.0
2026-08-16 11:00:00,soil_ch1.soilmoisture,%,64.0
2026-08-16 11:00:00,pressure.relative,inHg,28.013333333333335
2026-08-16 11:00:00,indoor.temperature,℃,12.4
2026-08-16 11:00:00,indoor.humidity,%,61.0
2026-08-16 11:00:00,indoor.feels_like,℃,12.383333333333333
2026-08-16 11:00:00,indoor.dew_point,℃,5.1
2026-08-16 11:00:00,indoor.app_tempin,℃,11.283333333333333
2026-08-16 11:00:00,pressure.absolute,inHg,28.013333333333335
2026-08-16 12:00:00,temp_ch2.temperature,℃,11.616666666666667
2026-08-16 12:00:00,temp_ch1.temperature,℃,11.691666666666665
2026-08-16 12:00:00,soil_ch2.soilmoisture,%,52.0
2026-08-16 12:00:00,soil_ch2.ad,,252.83333333333334
2026-08-16 12:00:00,soil_ch1.soilmoisture,%,64.0
2026-08-16 12:00:00,soil_ch1.ad,,291.0
2026-08-16 12:00:00,pressure.relative,inHg,28.02
2026-08-16 12:00:00,pressure.absolute,inHg,28.02
2026-08-16 12:00:00,indoor.temperature,℃,12.408333333333333
2026-08-16 12:00:00,indoor.humidity,%,61.5
2026-08-16 12:00:00,indoor.feels_like,℃,12.408333333333333
2026-08-16 12:00:00,indoor.dew_point,℃,5.225
2026-08-16 12:00:00,indoor.app_tempin,℃,11.316666666666668
2026-08-16 13:00:00,temp_ch1.temperature,℃,11.641666666666666
2026-08-16 13:00:00,soil_ch2.soilmoisture,%,52.0
2026-08-16 13:00:00,soil_ch2.ad,,252.0
2026-08-16 13:00:00,soil_ch1.soilmoisture,%,64.0
2026-08-16 13:00:00,soil_ch1.ad,,290.75
2026-08-16 13:00:00,pressure.relative,inHg,28.03
2026-08-16 13:00:00,temp_ch2.temperature,℃,11.608333333333333
2026-08-16 13:00:00,indoor.temperature,℃,12.549999999999999
2026-08-16 13:00:00,indoor.humidity,%,62.083333333333336
2026-08-16 13:00:00,indoor.feels_like,℃,12.549999999999999
2026-08-16 13:00:00,indoor.dew_point,℃,5.483333333333333
2026-08-16 13:00:00,indoor.app_tempin,℃,11.5
2026-08-16 13:00:00,pressure.absolute,inHg,28.03
2026-08-16 14:00:00,temp_ch1.temperature,℃,11.6
2026-08-16 14:00:00,soil_ch2.soilmoisture,%,52.0
2026-08-16 14:00:00,soil_ch2.ad,,251.75
2026-08-16 14:00:00,soil_ch1.soilmoisture,%,64.0
2026-08-16 14:00:00,soil_ch1.ad,,290.0
2026-08-16 14:00:00,pressure.relative,inHg,28.03
2026-08-16 14:00:00,temp_ch2.temperature,℃,11.583333333333334
2026-08-16 14:00:00,indoor.temperature,℃,12.799999999999999
2026-08-16 14:00:00,indoor.humidity,%,62.833333333333336
2026-08-16 14:00:00,indoor.feels_like,℃,12.791666666666666
2026-08-16 14:00:00,indoor.dew_point,℃,5.866666666666667
2026-08-16 14:00:00,indoor.app_tempin,℃,11.85
2026-08-16 14:00:00,pressure.absolute,inHg,28.03
2026-08-16 15:00:00,temp_ch2.temperature,℃,11.6
2026-08-16 15:00:00,temp_ch1.temperature,℃,11.6
2026-08-16 15:00:00,soil_ch2.soilmoisture,%,52.0
2026-08-16 15:00:00,soil_ch2.ad,,251.0
2026-08-16 15:00:00,soil_ch1.soilmoisture,%,63.75
2026-08-16 15:00:00,soil_ch1.ad,,289.75
2026-08-16 15:00:00,pressure.relative,inHg,28.028333333333336
2026-08-16 15:00:00,indoor.temperature,℃,13.041666666666666
2026-08-16 15:00:00,indoor.humidity,%,63.416666666666664
2026-08-16 15:00:00,indoor.feels_like,℃,13.041666666666666
2026-08-16 15:00:00,indoor.dew_point,℃,6.233333333333333
2026-08-16 15:00:00,indoor.app_tempin,℃,12.183333333333332
2026-08-16 15:00:00,pressure.absolute,inHg,28.028333333333336
2026-08-16 16:00:00,soil_ch1.soilmoisture,%,63.083333333333336
2026-08-16 16:00:00,temp_ch2.temperature,℃,11.541666666666666
2026-08-16 16:00:00,temp_ch1.temperature,℃,11.566666666666668
2026-08-16 16:00:00,soil_ch2.soilmoisture,%,52.0
2026-08-16 16:00:00,soil_ch2.ad,,251.0
2026-08-16 16:00:00,soil_ch1.ad,,289.0833333333333
2026-08-16 16:00:00,pressure.relative,inHg,28.0125
2026-08-16 16:00:00,pressure.absolute,inHg,28.0125
2026-08-16 16:00:00,indoor.temperature,℃,13.225
2026-08-16 16:00:00,indoor.humidity,%,64.0
2026-08-16 16:00:00,indoor.feels_like,℃,13.225
2026-08-16 16:00:00,indoor.dew_point,℃,6.6000000000000005
2026-08-16 16:00:00,indoor.app_tempin,℃,12.416666666666666
2026-08-16 17:00:00,temp_ch2.temperature,℃,11.508333333333333
2026-08-16 17:00:00,temp_ch1.temperature,℃,11.575000000000001
2026-08-16 17:00:00,soil_ch2.soilmoisture,%,52.0
2026-08-16 17:00:00,soil_ch2.ad,,250.16666666666666
2026-08-16 17:00:00,soil_ch1.soilmoisture,%,63.0
2026-08-16 17:00:00,soil_ch1.ad,,288.9166666666667
2026-08-16 17:00:00,pressure.relative,inHg,27.986666666666665
2026-08-16 17:00:00,pressure.absolute,inHg,27.986666666666665
2026-08-16 17:00:00,indoor.temperature,℃,13.4
2026-08-16 17:00:00,indoor.humidity,%,64.0
2026-08-16 17:00:00,indoor.feels_like,℃,13.4
2026-08-16 17:00:00,indoor.dew_point,℃,6.7250000000000005
2026-08-16 17:00:00,indoor.app_tempin,℃,12.658333333333333
2026-08-16 18:00:00,temp_ch2.temperature,℃,11.491666666666667
2026-08-16 18:00:00,temp_ch1.temperature,℃,11.608333333333333
2026-08-16 18:00:00,soil_ch2.soilmoisture,%,51.5
2026-08-16 18:00:00,soil_ch2.ad,,249.5
2026-08-16 18:00:00,soil_ch1.soilmoisture,%,63.0
2026-08-16 18:00:00,soil_ch1.ad,,288.0
2026-08-16 18:00:00,pressure.relative,inHg,27.959999999999997
2026-08-16 18:00:00,pressure.absolute,inHg,27.959999999999997
2026-08-16 18:00:00,indoor.temperature,℃,13.6
2026-08-16 18:00:00,indoor.humidity,%,64.0
2026-08-16 18:00:00,indoor.feels_like,℃,13.6
2026-08-16 18:00:00,indoor.dew_point,℃,6.916666666666667
2026-08-16 18:00:00,indoor.app_tempin,℃,12.891666666666667
2026-08-16 19:00:00,temp_ch2.temperature,℃,11.5
2026-08-16 19:00:00,temp_ch1.temperature,℃,11.725
2026-08-16 19:00:00,soil_ch2.soilmoisture,%,51.0
2026-08-16 19:00:00,soil_ch2.ad,,249.0
2026-08-16 19:00:00,soil_ch1.soilmoisture,%,63.0
2026-08-16 19:00:00,soil_ch1.ad,,287.0833333333333
2026-08-16 19:00:00,pressure.relative,inHg,27.950833333333332
2026-08-16 19:00:00,pressure.absolute,inHg,27.950833333333332
2026-08-16 19:00:00,indoor.temperature,℃,13.766666666666666
2026-08-16 19:00:00,indoor.humidity,%,63.833333333333336
2026-08-16 19:00:00,indoor.feels_like,℃,13.766666666666666
2026-08-16 19:00:00,indoor.dew_point,℃,7.0249999999999995
2026-08-16 19:00:00,indoor.app_tempin,℃,13.058333333333332
2026-08-16 20:00:00,temp_ch1.temperature,℃,11.800000000000002
2026-08-16 20:00:00,soil_ch2.soilmoisture,%,51.0
2026-08-16 20:00:00,soil_ch2.ad,,248.5
2026-08-16 20:00:00,soil_ch1.soilmoisture,%,63.0
2026-08-16 20:00:00,soil_ch1.ad,,286.0
2026-08-16 20:00:00,pressure.relative,inHg,27.95
2026-08-16 20:00:00,temp_ch2.temperature,℃,11.433333333333332
2026-08-16 20:00:00,indoor.temperature,℃,13.891666666666667
2026-08-16 20:00:00,indoor.humidity,%,63.75
2026-08-16 20:00:00,indoor.feels_like,℃,13.883333333333333
2026-08-16 20:00:00,indoor.dew_point,℃,7.1499999999999995
2026-08-16 20:00:00,indoor.app_tempin,℃,13.199999999999998
2026-08-16 20:00:00,pressure.absolute,inHg,27.95
2026-08-16 21:00:00,temp_ch2.temperature,℃,11.408333333333333
2026-08-16 21:00:00,temp_ch1.temperature,℃,11.883333333333333
2026-08-16 21:00:00,soil_ch2.soilmoisture,%,51.0
2026-08-16 21:00:00,soil_ch2.ad,,248.0
2026-08-16 21:00:00,soil_ch1.soilmoisture,%,62.916666666666664
2026-08-16 21:00:00,soil_ch1.ad,,285.9166666666667
2026-08-16 21:00:00,pressure.relative,inHg,27.9525
2026-08-16 21:00:00,pressure.absolute,inHg,27.9525
2026-08-16 21:00:00,indoor.temperature,℃,13.916666666666666
2026-08-16 21:00:00,indoor.humidity,%,62.666666666666664
2026-08-16 21:00:00,indoor.feels_like,℃,13.916666666666666
2026-08-16 21:00:00,indoor.dew_point,℃,6.891666666666667
2026-08-16 21:00:00,indoor.app_tempin,℃,13.208333333333334
2026-08-16 22:00:00,temp_ch1.temperature,℃,11.983333333333334
2026-08-16 22:00:00,soil_ch2.soilmoisture,%,51.0
2026-08-16 22:00:00,soil_ch2.ad,,247.25
2026-08-16 22:00:00,soil_ch1.soilmoisture,%,62.166666666666664
2026-08-16 22:00:00,soil_ch1.ad,,285.1666666666667
2026-08-16 22:00:00,pressure.relative,inHg,27.960833333333337
2026-08-16 22:00:00,temp_ch2.temperature,℃,11.483333333333334
2026-08-16 22:00:00,indoor.temperature,℃,13.775
2026-08-16 22:00:00,indoor.humidity,%,63.0
2026-08-16 22:00:00,indoor.feels_like,℃,13.775
2026-08-16 22:00:00,indoor.dew_point,℃,6.875
2026-08-16 22:00:00,indoor.app_tempin,℃,13.049999999999999
2026-08-16 22:00:00,pressure.absolute,inHg,27.960833333333337
2026-08-16 23:00:00,temp_ch1.temperature,℃,12.0
2026-08-16 23:00:00,soil_ch2.soilmoisture,%,51.0
2026-08-16 23:00:00,soil_ch2.ad,,247.0
2026-08-16 23:00:00,soil_ch1.soilmoisture,%,62.0
2026-08-16 23:00:00,soil_ch1.ad,,285.0
2026-08-16 23:00:00,pressure.relative,inHg,27.9675
2026-08-16 23:00:00,temp_ch2.temperature,℃,11.5
2026-08-16 23:00:00,indoor.temperature,℃,13.666666666666666
2026-08-16 23:00:00,indoor.humidity,%,63.666666666666664
2026-08-16 23:00:00,indoor.feels_like,℃,13.674999999999999
2026-08-16 23:00:00,indoor.dew_point,℃,6.908333333333334
2026-08-16 23:00:00,indoor.app_tempin,℃,12.941666666666668
2026-08-16 23:00:00,pressure.absolute,inHg,27.9675
2026-08-17 00:00:00,temp_ch2.temperature,℃,11.5
2026-08-17 00:00:00,temp_ch1.temperature,℃,12.025
2026-08-17 00:00:00,soil_ch2.soilmoisture,%,51.0
2026-08-17 00:00:00,soil_ch2.ad,,247.0
2026-08-17 00:00:00,soil_ch1.soilmoisture,%,62.0
2026-08-17 00:00:00,soil_ch1.ad,,285.0
2026-08-17 00:00:00,pressure.relative,inHg,27.968333333333334
2026-08-17 00:00:00,indoor.temperature,℃,13.566666666666668
2026-08-17 00:00:00,indoor.humidity,%,64.0
2026-08-17 00:00:00,indoor.feels_like,℃,13.566666666666668
2026-08-17 00:00:00,indoor.dew_point,℃,6.875
2026-08-17 00:00:00,indoor.app_tempin,℃,12.866666666666667
2026-08-17 00:00:00,pressure.absolute,inHg,27.968333333333334
2026-08-17 01:00:00,soil_ch1.ad,,284.75
2026-08-17 01:00:00,temp_ch1.temperature,℃,12.016666666666666
2026-08-17 01:00:00,soil_ch2.soilmoisture,%,50.583333333333336
2026-08-17 01:00:00,soil_ch2.ad,,246.58333333333334
2026-08-17 01:00:00,soil_ch1.soilmoisture,%,62.0
2026-08-17 01:00:00,pressure.relative,inHg,27.949166666666667
2026-08-17 01:00:00,temp_ch2.temperature,℃,11.508333333333333
2026-08-17 01:00:00,indoor.temperature,℃,13.508333333333333
2026-08-17 01:00:00,indoor.app_tempin,℃,12.808333333333335
2026-08-17 01:00:00,indoor.dew_point,℃,6.833333333333333
2026-08-17 01:00:00,pressure.absolute,inHg,27.949166666666667
2026-08-17 01:00:00,indoor.humidity,%,64.0
2026-08-17 01:00:00,indoor.feels_like,℃,13.508333333333333
2026-08-17 02:00:00,temp_ch2.temperature,℃,11.533333333333333
2026-08-17 02:00:00,temp_ch1.temperature,℃,12.041666666666666
2026-08-17 02:00:00,soil_ch2.soilmoisture,%,50.083333333333336
2026-08-17 02:00:00,soil_ch2.ad,,245.91666666666666
2026-08-17 02:00:00,soil_ch1.ad,,284.25
2026-08-17 02:00:00,pressure.relative,inHg,27.9525
2026-08-17 02:00:00,soil_ch1.soilmoisture,%,62.0
2026-08-17 02:00:00,indoor.temperature,℃,13.391666666666667
2026-08-17 02:00:00,indoor.humidity,%,64.0
2026-08-17 02:00:00,indoor.feels_like,℃,13.391666666666667
2026-08-17 02:00:00,indoor.dew_point,℃,6.716666666666666
2026-08-17 02:00:00,indoor.app_tempin,℃,12.649999999999999
2026-08-17 02:00:00,pressure.absolute,inHg,27.9525
2026-08-17 03:00:00,soil_ch1.ad,,284.0
2026-08-17 03:00:00,temp_ch1.temperature,℃,12.0
2026-08-17 03:00:00,soil_ch2.soilmoisture,%,50.0
2026-08-17 03:00:00,soil_ch2.ad,,245.5
2026-08-17 03:00:00,soil_ch1.soilmoisture,%,62.0
2026-08-17 03:00:00,pressure.relative,inHg,27.944166666666664
2026-08-17 03:00:00,temp_ch2.temperature,℃,11.533333333333333
2026-08-17 03:00:00,indoor.temperature,℃,13.258333333333333
2026-08-17 03:00:00,indoor.humidity,%,64.16666666666667
2026-08-17 03:00:00,indoor.feels_like,℃,13.258333333333333
2026-08-17 03:00:00,indoor.dew_point,℃,6.658333333333332
2026-08-17 03:00:00,indoor.app_tempin,℃,12.458333333333334
2026-08-17 03:00:00,pressure.absolute,inHg,27.944166666666664
2026-08-17 04:00:00,temp_ch1.temperature,℃,12.0
2026-08-17 04:00:00,soil_ch2.soilmoisture,%,50.0
2026-08-17 04:00:00,soil_ch2.ad,,245.0
2026-08-17 04:00:00,soil_ch1.soilmoisture,%,62.0
2026-08-17 04:00:00,soil_ch1.ad,,284.0
2026-08-17 04:00:00,pressure.relative,inHg,27.920833333333334
2026-08-17 04:00:00,temp_ch2.temperature,℃,11.566666666666668
2026-08-17 04:00:00,indoor.temperature,℃,13.174999999999999
2026-08-17 04:00:00,pressure.absolute,inHg,27.920833333333334
2026-08-17 04:00:00,indoor.app_tempin,℃,12.375
2026-08-17 04:00:00,indoor.dew_point,℃,6.558333333333334
2026-08-17 04:00:00,indoor.feels_like,℃,13.174999999999999
2026-08-17 04:00:00,indoor.humidity,%,64.0
2026-08-17 05:00:00,temp_ch2.temperature,℃,11.591666666666667
2026-08-17 05:00:00,temp_ch1.temperature,℃,12.0
2026-08-17 05:00:00,soil_ch2.soilmoisture,%,50.0
2026-08-17 05:00:00,soil_ch2.ad,,245.0
2026-08-17 05:00:00,soil_ch1.ad,,283.6666666666667
2026-08-17 05:00:00,soil_ch1.soilmoisture,%,62.0
2026-08-17 05:00:00,indoor.temperature,℃,13.058333333333332
2026-08-17 05:00:00,indoor.humidity,%,64.0
2026-08-17 05:00:00,indoor.feels_like,℃,13.058333333333332
2026-08-17 05:00:00,indoor.dew_point,℃,6.383333333333334
2026-08-17 05:00:00,indoor.app_tempin,℃,12.25
2026-08-17 05:00:00,pressure.absolute,inHg,27.926666666666666
2026-08-17 05:00:00,pressure.relative,inHg,27.926666666666666
2026-08-17 06:00:00,temp_ch2.temperature,℃,11.6
2026-08-17 06:00:00,soil_ch1.ad,,283.0
2026-08-17 06:00:00,temp_ch1.temperature,℃,12.0
2026-08-17 06:00:00,soil_ch2.soilmoisture,%,50.0
2026-08-17 06:00:00,soil_ch2.ad,,245.0
2026-08-17 06:00:00,soil_ch1.soilmoisture,%,62.0
2026-08-17 06:00:00,pressure.relative,inHg,27.9225
2026-08-17 06:00:00,indoor.temperature,℃,12.991666666666667
2026-08-17 06:00:00,indoor.humidity,%,64.0
2026-08-17 06:00:00,indoor.feels_like,℃,12.991666666666667
2026-08-17 06:00:00,indoor.dew_point,℃,6.3
2026-08-17 06:00:00,indoor.app_tempin,℃,12.166666666666666
2026-08-17 06:00:00,pressure.absolute,inHg,27.9225
2026-08-17 07:00:00,temp_ch2.temperature,℃,11.6
2026-08-17 07:00:00,temp_ch1.temperature,℃,12.0
2026-08-17 07:00:00,soil_ch2.soilmoisture,%,50.0
2026-08-17 07:00:00,soil_ch2.ad,,244.75
2026-08-17 07:00:00,soil_ch1.soilmoisture,%,62.0
2026-08-17 07:00:00,soil_ch1.ad,,283.0
2026-08-17 07:00:00,pressure.relative,inHg,27.93166666666667
2026-08-17 07:00:00,pressure.absolute,inHg,27.93166666666667
2026-08-17 07:00:00,indoor.temperature,℃,12.924999999999999
2026-08-17 07:00:00,indoor.humidity,%,64.75
2026-08-17 07:00:00,indoor.feels_like,℃,12.924999999999999
2026-08-17 07:00:00,indoor.dew_point,℃,6.458333333333333
2026-08-17 07:00:00,indoor.app_tempin,℃,12.125
2026-08-17 08:00:00,temp_ch1.temperature,℃,11.933333333333332
2026-08-17 08:00:00,soil_ch2.soilmoisture,%,50.166666666666664
2026-08-17 08:00:00,soil_ch2.ad,,245.5
2026-08-17 08:00:00,soil_ch1.soilmoisture,%,62.0
2026-08-17 08:00:00,soil_ch1.ad,,283.0
2026-08-17 08:00:00,pressure.relative,inHg,27.938333333333333
2026-08-17 08:00:00,temp_ch2.temperature,℃,11.6
2026-08-17 08:00:00,indoor.temperature,℃,12.841666666666667
2026-08-17 08:00:00,indoor.humidity,%,65.66666666666667
2026-08-17 08:00:00,indoor.feels_like,℃,12.816666666666668
2026-08-17 08:00:00,indoor.dew_point,℃,6.583333333333333
2026-08-17 08:00:00,indoor.app_tempin,℃,12.041666666666666
2026-08-17 08:00:00,pressure.absolute,inHg,27.938333333333333
2026-08-17 09:00:00,temp_ch1.temperature,℃,11.9
2026-08-17 09:00:00,soil_ch2.soilmoisture,%,51.833333333333336
2026-08-17 09:00:00,soil_ch2.ad,,250.41666666666666
2026-08-17 09:00:00,soil_ch1.soilmoisture,%,62.0
2026-08-17 09:00:00,soil_ch1.ad,,283.0
2026-08-17 09:00:00,pressure.relative,inHg,27.94333333333333
2026-08-17 09:00:00,temp_ch2.temperature,℃,11.6
2026-08-17 09:00:00,indoor.temperature,℃,12.758333333333333
2026-08-17 09:00:00,indoor.humidity,%,66.66666666666667
2026-08-17 09:00:00,indoor.feels_like,℃,12.758333333333333
2026-08-17 09:00:00,indoor.dew_point,℃,6.716666666666666
2026-08-17 09:00:00,indoor.app_tempin,℃,11.975
2026-08-17 09:00:00,pressure.absolute,inHg,27.94333333333333
2026-08-17 10:00:00,temp_ch2.temperature,℃,11.591666666666667
2026-08-17 10:00:00,temp_ch1.temperature,℃,11.9
2026-08-17 10:00:00,soil_ch2.soilmoisture,%,52.083333333333336
2026-08-17 10:00:00,soil_ch2.ad,,251.91666666666666
2026-08-17 10:00:00,soil_ch1.soilmoisture,%,62.0
2026-08-17 10:00:00,soil_ch1.ad,,283.25
2026-08-17 10:00:00,pressure.relative,inHg,27.974166666666665
2026-08-17 10:00:00,indoor.temperature,℃,12.691666666666665
2026-08-17 10:00:00,indoor.humidity,%,66.91666666666667
2026-08-17 10:00:00,indoor.feels_like,℃,12.691666666666665
2026-08-17 10:00:00,indoor.dew_point,℃,6.675
2026-08-17 10:00:00,indoor.app_tempin,℃,11.916666666666666
2026-08-17 10:00:00,pressure.absolute,inHg,27.974166666666665
2026-08-17 11:00:00,soil_ch1.ad,,286.0833333333333
2026-08-17 11:00:00,temp_ch1.temperature,℃,11.9
2026-08-17 11:00:00,soil_ch2.soilmoisture,%,53.833333333333336
2026-08-17 11:00:00,soil_ch2.ad,,258.0
2026-08-17 11:00:00,soil_ch1.soilmoisture,%,62.666666666666664
2026-08-17 11:00:00,temp_ch2.temperature,℃,11.591666666666667
2026-08-17 11:00:00,pressure.relative,inHg,27.989166666666666
2026-08-17 11:00:00,indoor.temperature,℃,12.691666666666665
2026-08-17 11:00:00,indoor.app_tempin,℃,11.9
2026-08-17 11:00:00,indoor.dew_point,℃,6.683333333333334
2026-08-17 11:00:00,pressure.absolute,inHg,27.989166666666666
2026-08-17 11:00:00,indoor.humidity,%,66.91666666666667
2026-08-17 11:00:00,indoor.feels_like,℃,12.699999999999998
2026-08-17 12:00:00,temp_ch2.temperature,℃,11.6
2026-08-17 12:00:00,temp_ch1.temperature,℃,11.841666666666667
2026-08-17 12:00:00,soil_ch2.soilmoisture,%,54.583333333333336
2026-08-17 12:00:00,soil_ch2.ad,,260.25
2026-08-17 12:00:00,soil_ch1.ad,,289.1666666666667
2026-08-17 12:00:00,pressure.relative,inHg,28.0
2026-08-17 12:00:00,soil_ch1.soilmoisture,%,63.416666666666664
2026-08-17 12:00:00,indoor.temperature,℃,12.733333333333333
2026-08-17 12:00:00,indoor.humidity,%,66.83333333333333
2026-08-17 12:00:00,indoor.feels_like,℃,12.733333333333333
2026-08-17 12:00:00,indoor.dew_point,℃,6.7250000000000005
2026-08-17 12:00:00,indoor.app_tempin,℃,11.958333333333334
2026-08-17 12:00:00,pressure.absolute,inHg,28.0
2026-08-17 13:00:00,soil_ch1.soilmoisture,%,64.0
2026-08-17 13:00:00,temp_ch2.temperature,℃,11.583333333333334
2026-08-17 13:00:00,temp_ch1.temperature,℃,11.800000000000002
2026-08-17 13:00:00,soil_ch2.soilmoisture,%,55.0
2026-08-17 13:00:00,soil_ch2.ad,,261.0
2026-08-17 13:00:00,soil_ch1.ad,,291.0
2026-08-17 13:00:00,indoor.dew_point,℃,6.95
2026-08-17 13:00:00,pressure.absolute,inHg,28.015833333333333
2026-08-17 13:00:00,indoor.temperature,℃,13.049999999999999
2026-08-17 13:00:00,indoor.humidity,%,66.58333333333333
2026-08-17 13:00:00,indoor.feels_like,℃,13.049999999999999
2026-08-17 13:00:00,indoor.app_tempin,℃,12.341666666666667
2026-08-17 13:00:00,pressure.relative,inHg,28.015833333333333
2026-08-17 14:00:00,soil_ch1.soilmoisture,%,64.0
2026-08-17 14:00:00,temp_ch2.temperature,℃,11.583333333333334
2026-08-17 14:00:00,temp_ch1.temperature,℃,11.800000000000002
2026-08-17 14:00:00,soil_ch2.soilmoisture,%,54.083333333333336
2026-08-17 14:00:00,soil_ch2.ad,,259.75
2026-08-17 14:00:00,soil_ch1.ad,,291.0
2026-08-17 14:00:00,indoor.dew_point,℃,7.233333333333333
2026-08-17 14:00:00,pressure.absolute,inHg,28.028333333333336
2026-08-17 14:00:00,indoor.temperature,℃,13.233333333333334
2026-08-17 14:00:00,indoor.humidity,%,67.0
2026-08-17 14:00:00,indoor.feels_like,℃,13.233333333333334
2026-08-17 14:00:00,indoor.app_tempin,℃,12.625
2026-08-17 14:00:00,pressure.relative,inHg,28.028333333333336
2026-08-17 15:00:00,temp_ch2.temperature,℃,11.558333333333332
2026-08-17 15:00:00,temp_ch1.temperature,℃,11.791666666666666
2026-08-17 15:00:00,soil_ch2.soilmoisture,%,54.0
2026-08-17 15:00:00,soil_ch2.ad,,258.5833333333333
2026-08-17 15:00:00,soil_ch1.soilmoisture,%,64.0
2026-08-17 15:00:00,soil_ch1.ad,,290.3
2026-08-17 15:00:00,pressure.relative,inHg,28.025000000000002
2026-08-17 15:00:00,indoor.temperature,℃,13.391666666666667
2026-08-17 15:00:00,indoor.humidity,%,67.0
2026-08-17 15:00:00,indoor.feels_like,℃,13.391666666666667
2026-08-17 15:00:00,indoor.dew_point,℃,7.3999999999999995
2026-08-17 15:00:00,indoor.app_tempin,℃,12.791666666666666
2026-08-17 15:00:00,pressure.absolute,inHg,28.025000000000002
2026-08-17 16:00:00,soil_ch1.ad,,289.90909090909093
2026-08-17 16:00:00,temp_ch2.temperature,℃,11.5
2026-08-17 16:00:00,temp_ch1.temperature,℃,11.800000000000002
2026-08-17 16:00:00,soil_ch2.soilmoisture,%,54.0
2026-08-17 16:00:00,soil_ch2.ad,,257.3333333333333
2026-08-17 16:00:00,pressure.relative,inHg,28.03
2026-08-17 16:00:00,soil_ch1.soilmoisture,%,63.90909090909091
2026-08-17 16:00:00,indoor.temperature,℃,13.616666666666667
2026-08-17 16:00:00,pressure.absolute,inHg,28.03
2026-08-17 16:00:00,indoor.humidity,%,67.0
2026-08-17 16:00:00,indoor.feels_like,℃,13.616666666666667
2026-08-17 16:00:00,indoor.dew_point,℃,7.6000000000000005
2026-08-17 16:00:00,indoor.app_tempin,℃,13.083333333333334
2026-08-17 17:00:00,temp_ch2.temperature,℃,11.566666666666668
2026-08-17 17:00:00,temp_ch1.temperature,℃,11.858333333333334
2026-08-17 17:00:00,soil_ch2.soilmoisture,%,53.583333333333336
2026-08-17 17:00:00,soil_ch2.ad,,256.5833333333333
2026-08-17 17:00:00,soil_ch1.soilmoisture,%,63.5
2026-08-17 17:00:00,soil_ch1.ad,,289.5
2026-08-17 17:00:00,pressure.relative,inHg,28.02333333333333
2026-08-17 17:00:00,pressure.absolute,inHg,28.02333333333333
2026-08-17 17:00:00,indoor.temperature,℃,13.833333333333334
2026-08-17 17:00:00,indoor.humidity,%,67.83333333333333
2026-08-17 17:00:00,indoor.feels_like,℃,13.825000000000001
2026-08-17 17:00:00,indoor.dew_point,℃,7.9750000000000005
2026-08-17 17:00:00,indoor.app_tempin,℃,13.333333333333334
2026-08-17 18:00:00,temp_ch1.temperature,℃,11.958333333333334
2026-08-17 18:00:00,soil_ch2.soilmoisture,%,53.0
2026-08-17 18:00:00,soil_ch2.ad,,255.08333333333334
2026-08-17 18:00:00,soil_ch1.soilmoisture,%,63.0
2026-08-17 18:00:00,soil_ch1.ad,,288.0
2026-08-17 18:00:00,pressure.relative,inHg,28.028333333333336
2026-08-17 18:00:00,temp_ch2.temperature,℃,11.508333333333333
2026-08-17 18:00:00,indoor.temperature,℃,14.091666666666667
2026-08-17 18:00:00,indoor.humidity,%,68.0
2026-08-17 18:00:00,indoor.feels_like,℃,14.091666666666667
2026-08-17 18:00:00,indoor.dew_point,℃,8.283333333333333
2026-08-17 18:00:00,indoor.app_tempin,℃,13.691666666666668
2026-08-17 18:00:00,pressure.absolute,inHg,28.028333333333336
2026-08-17 19:00:00,temp_ch1.temperature,℃,12.083333333333334
2026-08-17 19:00:00,soil_ch2.soilmoisture,%,53.0
2026-08-17 19:00:00,soil_ch2.ad,,254.0
2026-08-17 19:00:00,soil_ch1.soilmoisture,%,63.0
2026-08-17 19:00:00,soil_ch1.ad,,288.0
2026-08-17 19:00:00,pressure.relative,inHg,28.03
2026-08-17 19:00:00,temp_ch2.temperature,℃,11.525
2026-08-17 19:00:00,indoor.temperature,℃,14.350000000000001
2026-08-17 19:00:00,indoor.humidity,%,68.83333333333333
2026-08-17 19:00:00,indoor.feels_like,℃,14.333333333333334
2026-08-17 19:00:00,indoor.dew_point,℃,8.691666666666666
2026-08-17 19:00:00,indoor.app_tempin,℃,14.041666666666666
2026-08-17 19:00:00,pressure.absolute,inHg,28.03
2026-08-17 20:00:00,temp_ch2.temperature,℃,11.508333333333333
2026-08-17 20:00:00,temp_ch1.temperature,℃,12.191666666666665
2026-08-17 20:00:00,soil_ch2.soilmoisture,%,52.083333333333336
2026-08-17 20:00:00,soil_ch2.ad,,253.08333333333334
2026-08-17 20:00:00,soil_ch1.soilmoisture,%,63.0
2026-08-17 20:00:00,soil_ch1.ad,,287.0
2026-08-17 20:00:00,pressure.relative,inHg,28.041666666666668
2026-08-17 20:00:00,indoor.temperature,℃,14.533333333333333
2026-08-17 20:00:00,indoor.humidity,%,68.66666666666667
2026-08-17 20:00:00,indoor.feels_like,℃,14.533333333333333
2026-08-17 20:00:00,indoor.dew_point,℃,8.858333333333334
2026-08-17 20:00:00,indoor.app_tempin,℃,14.266666666666667
2026-08-17 20:00:00,pressure.absolute,inHg,28.041666666666668
2026-08-17 21:00:00,soil_ch1.soilmoisture,%,63.0
2026-08-17 21:00:00,temp_ch1.temperature,℃,12.291666666666666
2026-08-17 21:00:00,temp_ch2.temperature,℃,11.558333333333332
2026-08-17 21:00:00,soil_ch2.soilmoisture,%,52.0
2026-08-17 21:00:00,soil_ch2.ad,,252.16666666666666
2026-08-17 21:00:00,soil_ch1.ad,,286.0
2026-08-17 21:00:00,indoor.dew_point,℃,8.991666666666667
2026-08-17 21:00:00,pressure.absolute,inHg,28.058333333333334
2026-08-17 21:00:00,indoor.temperature,℃,14.6
2026-08-17 21:00:00,indoor.humidity,%,68.91666666666667
2026-08-17 21:00:00,indoor.feels_like,℃,14.608333333333333
2026-08-17 21:00:00,indoor.app_tempin,℃,14.4
2026-08-17 21:00:00,pressure.relative,inHg,28.058333333333334
2026-08-17 22:00:00,temp_ch2.temperature,℃,11.591666666666667
2026-08-17 22:00:00,temp_ch1.temperature,℃,12.300000000000002
2026-08-17 22:00:00,soil_ch2.soilmoisture,%,52.0
2026-08-17 22:00:00,soil_ch2.ad,,251.5
2026-08-17 22:00:00,soil_ch1.soilmoisture,%,63.0
2026-08-17 22:00:00,soil_ch1.ad,,286.0
2026-08-17 22:00:00,pressure.relative,inHg,28.087500000000002
2026-08-17 22:00:00,pressure.absolute,inHg,28.087500000000002
2026-08-17 22:00:00,indoor.temperature,℃,14.683333333333332
2026-08-17 22:00:00,indoor.humidity,%,70.08333333333333
2026-08-17 22:00:00,indoor.feels_like,℃,14.691666666666665
2026-08-17 22:00:00,indoor.dew_point,℃,9.3
2026-08-17 22:00:00,indoor.app_tempin,℃,14.541666666666666
2026-08-17 23:00:00,temp_ch2.temperature,℃,11.591666666666667
2026-08-17 23:00:00,temp_ch1.temperature,℃,12.375
2026-08-17 23:00:00,soil_ch2.soilmoisture,%,52.0
2026-08-17 23:00:00,soil_ch2.ad,,251.0
2026-08-17 23:00:00,soil_ch1.soilmoisture,%,62.666666666666664
2026-08-17 23:00:00,soil_ch1.ad,,285.6666666666667
2026-08-17 23:00:00,pressure.relative,inHg,28.110833333333332
2026-08-17 23:00:00,pressure.absolute,inHg,28.110833333333332
2026-08-17 23:00:00,indoor.temperature,℃,14.6
2026-08-17 23:00:00,indoor.humidity,%,70.25
2026-08-17 23:00:00,indoor.feels_like,℃,14.6
2026-08-17 23:00:00,indoor.dew_point,℃,9.25
2026-08-17 23:00:00,indoor.app_tempin,℃,14.433333333333332
2026-08-18 00:00:00,temp_ch2.temperature,℃,11.6
2026-08-18 00:00:00,temp_ch1.temperature,℃,12.424999999999999
2026-08-18 00:00:00,soil_ch2.soilmoisture,%,52.0
2026-08-18 00:00:00,soil_ch2.ad,,250.25
2026-08-18 00:00:00,soil_ch1.soilmoisture,%,62.0
2026-08-18 00:00:00,soil_ch1.ad,,285.0
2026-08-18 00:00:00,pressure.relative,inHg,28.126666666666665
2026-08-18 00:00:00,pressure.absolute,inHg,28.126666666666665
2026-08-18 00:00:00,indoor.temperature,℃,14.424999999999999
2026-08-18 00:00:00,indoor.humidity,%,69.75
2026-08-18 00:00:00,indoor.feels_like,℃,14.416666666666666
2026-08-18 00:00:00,indoor.dew_point,℃,8.983333333333333
2026-08-18 00:00:00,indoor.app_tempin,℃,14.200000000000001
2026-08-18 01:00:00,temp_ch1.temperature,℃,12.483333333333334
2026-08-18 01:00:00,soil_ch2.soilmoisture,%,52.0
2026-08-18 01:00:00,soil_ch2.ad,,250.0
2026-08-18 01:00:00,soil_ch1.soilmoisture,%,62.0
2026-08-18 01:00:00,soil_ch1.ad,,285.0
2026-08-18 01:00:00,pressure.relative,inHg,28.135
2026-08-18 01:00:00,temp_ch2.temperature,℃,11.649999999999999
2026-08-18 01:00:00,indoor.temperature,℃,14.174999999999999
2026-08-18 01:00:00,indoor.humidity,%,68.91666666666667
2026-08-18 01:00:00,indoor.feels_like,℃,14.174999999999999
2026-08-18 01:00:00,indoor.dew_point,℃,8.549999999999999
2026-08-18 01:00:00,indoor.app_tempin,℃,13.858333333333334
2026-08-18 01:00:00,pressure.absolute,inHg,28.135
2026-08-18 02:00:00,temp_ch2.temperature,℃,11.649999999999999
2026-08-18 02:00:00,temp_ch1.temperature,℃,12.441666666666668
2026-08-18 02:00:00,soil_ch2.soilmoisture,%,51.0
2026-08-18 02:00:00,soil_ch2.ad,,249.0
2026-08-18 02:00:00,soil_ch1.soilmoisture,%,62.0
2026-08-18 02:00:00,soil_ch1.ad,,285.0
2026-08-18 02:00:00,pressure.relative,inHg,28.155
2026-08-18 02:00:00,pressure.absolute,inHg,28.155
2026-08-18 02:00:00,indoor.temperature,℃,14.025
2026-08-18 02:00:00,indoor.humidity,%,68.0
2026-08-18 02:00:00,indoor.feels_like,℃,14.025
2026-08-18 02:00:00,indoor.dew_point,℃,8.225
2026-08-18 02:00:00,indoor.app_tempin,℃,13.6
2026-08-18 03:00:00,temp_ch1.temperature,℃,12.4
2026-08-18 03:00:00,soil_ch2.soilmoisture,%,51.0
2026-08-18 03:00:00,soil_ch2.ad,,249.0
2026-08-18 03:00:00,soil_ch1.soilmoisture,%,62.0
2026-08-18 03:00:00,soil_ch1.ad,,284.0
2026-08-18 03:00:00,pressure.relative,inHg,28.170833333333334
2026-08-18 03:00:00,temp_ch2.temperature,℃,11.633333333333333
2026-08-18 03:00:00,indoor.temperature,℃,13.916666666666666
2026-08-18 03:00:00,indoor.humidity,%,67.16666666666667
2026-08-18 03:00:00,indoor.feels_like,℃,13.916666666666666
2026-08-18 03:00:00,indoor.dew_point,℃,7.958333333333333
2026-08-18 03:00:00,indoor.app_tempin,℃,13.424999999999999
2026-08-18 03:00:00,pressure.absolute,inHg,28.170833333333334
2026-08-18 04:00:00,temp_ch1.temperature,℃,12.4
2026-08-18 04:00:00,soil_ch2.soilmoisture,%,51.0
2026-08-18 04:00:00,soil_ch2.ad,,248.66666666666666
2026-08-18 04:00:00,soil_ch1.soilmoisture,%,62.0
2026-08-18 04:00:00,soil_ch1.ad,,284.0
2026-08-18 04:00:00,pressure.relative,inHg,28.173333333333336
2026-08-18 04:00:00,temp_ch2.temperature,℃,11.708333333333334
2026-08-18 04:00:00,indoor.temperature,℃,13.808333333333332
2026-08-18 04:00:00,indoor.humidity,%,66.66666666666667
2026-08-18 04:00:00,indoor.feels_like,℃,13.808333333333332
2026-08-18 04:00:00,indoor.dew_point,℃,7.708333333333333
2026-08-18 04:00:00,indoor.app_tempin,℃,13.266666666666666
2026-08-18 04:00:00,pressure.absolute,inHg,28.173333333333336
2026-08-18 05:00:00,temp_ch2.temperature,℃,11.716666666666667
2026-08-18 05:00:00,temp_ch1.temperature,℃,12.391666666666667
2026-08-18 05:00:00,soil_ch2.soilmoisture,%,51.0
2026-08-18 05:00:00,soil_ch2.ad,,248.0
2026-08-18 05:00:00,soil_ch1.soilmoisture,%,62.0
2026-08-18 05:00:00,soil_ch1.ad,,284.0
2026-08-18 05:00:00,pressure.absolute,inHg,28.17833333333333
2026-08-18 05:00:00,indoor.temperature,℃,13.633333333333333
2026-08-18 05:00:00,indoor.humidity,%,66.0
2026-08-18 05:00:00,indoor.feels_like,℃,13.641666666666666
2026-08-18 05:00:00,indoor.dew_point,℃,7.400000000000001
2026-08-18 05:00:00,indoor.app_tempin,℃,13.033333333333333
2026-08-18 05:00:00,pressure.relative,inHg,28.17833333333333
2026-08-18 06:00:00,temp_ch2.temperature,℃,11.725
2026-08-18 06:00:00,temp_ch1.temperature,℃,12.333333333333334
2026-08-18 06:00:00,soil_ch2.soilmoisture,%,51.0
2026-08-18 06:00:00,soil_ch2.ad,,248.0
2026-08-18 06:00:00,soil_ch1.ad,,284.0
2026-08-18 06:00:00,soil_ch1.soilmoisture,%,62.0
2026-08-18 06:00:00,pressure.relative,inHg,28.185833333333335
2026-08-18 06:00:00,indoor.temperature,℃,13.466666666666667
2026-08-18 06:00:00,indoor.humidity,%,66.0
2026-08-18 06:00:00,indoor.feels_like,℃,13.466666666666667
2026-08-18 06:00:00,indoor.dew_point,℃,7.266666666666667
2026-08-18 06:00:00,indoor.app_tempin,℃,12.85
2026-08-18 06:00:00,pressure.absolute,inHg,28.185833333333335
2026-08-18 07:00:00,temp_ch2.temperature,℃,11.791666666666666
2026-08-18 07:00:00,temp_ch1.temperature,℃,12.300000000000002
2026-08-18 07:00:00,soil_ch2.soilmoisture,%,51.0
2026-08-18 07:00:00,soil_ch2.ad,,248.08333333333334
2026-08-18 07:00:00,soil_ch1.soilmoisture,%,62.0
2026-08-18 07:00:00,soil_ch1.ad,,283.4166666666667
2026-08-18 07:00:00,pressure.absolute,inHg,28.188333333333333
2026-08-18 07:00:00,indoor.temperature,℃,13.333333333333334
2026-08-18 07:00:00,indoor.humidity,%,65.91666666666667
2026-08-18 07:00:00,indoor.feels_like,℃,13.333333333333334
2026-08-18 07:00:00,indoor.dew_point,℃,7.125
2026-08-18 07:00:00,indoor.app_tempin,℃,12.65
2026-08-18 07:00:00,pressure.relative,inHg,28.188333333333333
2026-08-18 08:00:00,soil_ch1.soilmoisture,%,62.0
2026-08-18 08:00:00,temp_ch2.temperature,℃,11.783333333333333
2026-08-18 08:00:00,temp_ch1.temperature,℃,12.300000000000002
2026-08-18 08:00:00,soil_ch2.soilmoisture,%,51.0
2026-08-18 08:00:00,soil_ch2.ad,,247.16666666666666
2026-08-18 08:00:00,soil_ch1.ad,,283.0
2026-08-18 08:00:00,pressure.absolute,inHg,28.2
2026-08-18 08:00:00,indoor.temperature,℃,13.191666666666665
2026-08-18 08:00:00,indoor.humidity,%,65.0
2026-08-18 08:00:00,indoor.feels_like,℃,13.191666666666665
2026-08-18 08:00:00,indoor.dew_point,℃,6.783333333333334
2026-08-18 08:00:00,indoor.app_tempin,℃,12.416666666666666
2026-08-18 08:00:00,pressure.relative,inHg,28.2
2026-08-18 09:00:00,pressure.relative,inHg,28.1925
2026-08-18 09:00:00,temp_ch2.temperature,℃,11.758333333333333
2026-08-18 09:00:00,temp_ch1.temperature,℃,12.225
2026-08-18 09:00:00,soil_ch2.soilmoisture,%,51.0
2026-08-18 09:00:00,soil_ch2.ad,,247.0
2026-08-18 09:00:00,soil_ch1.soilmoisture,%,62.0
2026-08-18 09:00:00,soil_ch1.ad,,283.0
2026-08-18 09:00:00,indoor.temperature,℃,12.958333333333334
2026-08-18 09:00:00,indoor.humidity,%,64.41666666666667
2026-08-18 09:00:00,indoor.feels_like,℃,12.958333333333334
2026-08-18 09:00:00,indoor.dew_point,℃,6.425
2026-08-18 09:00:00,indoor.app_tempin,℃,12.149999999999999
2026-08-18 09:00:00,pressure.absolute,inHg,28.1925
2026-08-18 10:00:00,soil_ch1.soilmoisture,%,62.0
2026-08-18 10:00:00,soil_ch2.ad,,247.0
2026-08-18 10:00:00,soil_ch1.ad,,283.0
2026-08-18 10:00:00,temp_ch1.temperature,℃,12.174999999999999
2026-08-18 10:00:00,soil_ch2.soilmoisture,%,51.0
2026-08-18 10:00:00,pressure.relative,inHg,28.1875
2026-08-18 10:00:00,temp_ch2.temperature,℃,11.733333333333334
2026-08-18 10:00:00,indoor.temperature,℃,12.841666666666667
2026-08-18 10:00:00,indoor.humidity,%,64.0
2026-08-18 10:00:00,indoor.feels_like,℃,12.833333333333334
2026-08-18 10:00:00,indoor.dew_point,℃,6.2250000000000005
2026-08-18 10:00:00,indoor.app_tempin,℃,11.966666666666667
2026-08-18 10:00:00,pressure.absolute,inHg,28.1875
2026-08-18 11:00:00,temp_ch2.temperature,℃,11.725
2026-08-18 11:00:00,temp_ch1.temperature,℃,12.108333333333333
2026-08-18 11:00:00,soil_ch2.soilmoisture,%,50.333333333333336
2026-08-18 11:00:00,soil_ch2.ad,,246.33333333333334
2026-08-18 11:00:00,soil_ch1.soilmoisture,%,62.0
2026-08-18 11:00:00,soil_ch1.ad,,283.0
2026-08-18 11:00:00,pressure.relative,inHg,28.19
2026-08-18 11:00:00,pressure.absolute,inHg,28.19
2026-08-18 11:00:00,indoor.temperature,℃,12.708333333333334
2026-08-18 11:00:00,indoor.humidity,%,63.666666666666664
2026-08-18 11:00:00,indoor.feels_like,℃,12.716666666666667
2026-08-18 11:00:00,indoor.dew_point,℃,6.008333333333333
2026-08-18 11:00:00,indoor.app_tempin,℃,11.783333333333333
2026-08-18 12:00:00,temp_ch1.temperature,℃,12.041666666666666
2026-08-18 12:00:00,soil_ch2.soilmoisture,%,50.0
2026-08-18 12:00:00,soil_ch2.ad,,246.0
2026-08-18 12:00:00,soil_ch1.soilmoisture,%,62.0
2026-08-18 12:00:00,soil_ch1.ad,,282.75
2026-08-18 12:00:00,pressure.relative,inHg,28.200833333333335
2026-08-18 12:00:00,temp_ch2.temperature,℃,11.758333333333333
2026-08-18 12:00:00,indoor.temperature,℃,13.25
2026-08-18 12:00:00,indoor.humidity,%,62.5
2026-08-18 12:00:00,indoor.feels_like,℃,13.25
2026-08-18 12:00:00,indoor.dew_point,℃,6.25
2026-08-18 12:00:00,indoor.app_tempin,℃,12.391666666666666
2026-08-18 12:00:00,pressure.absolute,inHg,28.200833333333335
2026-08-18 13:00:00,temp_ch1.temperature,℃,12.0
2026-08-18 13:00:00,soil_ch2.soilmoisture,%,50.0
2026-08-18 13:00:00,soil_ch2.ad,,246.0
2026-08-18 13:00:00,soil_ch1.soilmoisture,%,62.0
2026-08-18 13:00:00,soil_ch1.ad,,282.0833333333333
2026-08-18 13:00:00,pressure.relative,inHg,28.203333333333333
2026-08-18 13:00:00,temp_ch2.temperature,℃,11.725
2026-08-18 13:00:00,indoor.temperature,℃,14.075000000000001
2026-08-18 13:00:00,indoor.humidity,%,63.333333333333336
2026-08-18 13:00:00,indoor.feels_like,℃,14.075000000000001
2026-08-18 13:00:00,indoor.dew_point,℃,7.2250000000000005
2026-08-18 13:00:00,indoor.app_tempin,℃,13.416666666666666
2026-08-18 13:00:00,pressure.absolute,inHg,28.203333333333333
2026-08-18 14:00:00,temp_ch2.temperature,℃,11.758333333333333
2026-08-18 14:00:00,temp_ch1.temperature,℃,11.924999999999999
2026-08-18 14:00:00,soil_ch2.soilmoisture,%,50.0
2026-08-18 14:00:00,soil_ch2.ad,,245.5
2026-08-18 14:00:00,soil_ch1.soilmoisture,%,62.0
2026-08-18 14:00:00,soil_ch1.ad,,282.0
2026-08-18 14:00:00,pressure.relative,inHg,28.195833333333336
2026-08-18 14:00:00,indoor.temperature,℃,15.358333333333334
2026-08-18 14:00:00,indoor.humidity,%,64.16666666666667
2026-08-18 14:00:00,indoor.feels_like,℃,15.358333333333334
2026-08-18 14:00:00,indoor.dew_point,℃,8.641666666666667
2026-08-18 14:00:00,indoor.app_tempin,℃,15.058333333333332
2026-08-18 14:00:00,pressure.absolute,inHg,28.195833333333336
2026-08-18 15:00:00,soil_ch1.ad,,282.0
2026-08-18 15:00:00,temp_ch1.temperature,℃,12.008333333333333
2026-08-18 15:00:00,soil_ch2.soilmoisture,%,50.0
2026-08-18 15:00:00,soil_ch2.ad,,245.0
2026-08-18 15:00:00,soil_ch1.soilmoisture,%,62.0
2026-08-18 15:00:00,pressure.relative,inHg,28.173333333333332
2026-08-18 15:00:00,temp_ch2.temperature,℃,11.699999999999998
2026-08-18 15:00:00,indoor.temperature,℃,16.116666666666667
2026-08-18 15:00:00,indoor.app_tempin,℃,16.05
2026-08-18 15:00:00,indoor.dew_point,℃,9.641666666666667
2026-08-18 15:00:00,pressure.absolute,inHg,28.173333333333332
2026-08-18 15:00:00,indoor.humidity,%,65.58333333333333
2026-08-18 15:00:00,indoor.feels_like,℃,16.108333333333334
2026-08-18 16:00:00,temp_ch2.temperature,℃,11.699999999999998
2026-08-18 16:00:00,temp_ch1.temperature,℃,12.091666666666667
2026-08-18 16:00:00,soil_ch2.soilmoisture,%,50.0
2026-08-18 16:00:00,soil_ch2.ad,,245.0
2026-08-18 16:00:00,soil_ch1.ad,,281.25
2026-08-18 16:00:00,pressure.relative,inHg,28.151666666666667
2026-08-18 16:00:00,soil_ch1.soilmoisture,%,61.25
2026-08-18 16:00:00,indoor.temperature,℃,16.366666666666667
2026-08-18 16:00:00,indoor.humidity,%,64.41666666666667
2026-08-18 16:00:00,indoor.feels_like,℃,16.366666666666667
2026-08-18 16:00:00,indoor.dew_point,℃,9.641666666666667
2026-08-18 16:00:00,indoor.app_tempin,℃,16.358333333333334
2026-08-18 16:00:00,pressure.absolute,inHg,28.151666666666667
2026-08-18 17:00:00,soil_ch1.ad,,281.0
2026-08-18 17:00:00,temp_ch1.temperature,℃,12.149999999999999
2026-08-18 17:00:00,soil_ch2.soilmoisture,%,50.0
2026-08-18 17:00:00,soil_ch2.ad,,244.58333333333334
2026-08-18 17:00:00,soil_ch1.soilmoisture,%,61.0
2026-08-18 17:00:00,pressure.relative,inHg,28.125833333333333
2026-08-18 17:00:00,temp_ch2.temperature,℃,11.699999999999998
2026-08-18 17:00:00,indoor.temperature,℃,16.308333333333334
2026-08-18 17:00:00,indoor.humidity,%,64.5
2026-08-18 17:00:00,indoor.feels_like,℃,16.308333333333334
2026-08-18 17:00:00,indoor.dew_point,℃,9.6
2026-08-18 17:00:00,indoor.app_tempin,℃,16.266666666666666
2026-08-18 17:00:00,pressure.absolute,inHg,28.125833333333333
2026-08-18 18:00:00,temp_ch1.temperature,℃,12.25
2026-08-18 18:00:00,soil_ch2.soilmoisture,%,50.0
2026-08-18 18:00:00,soil_ch2.ad,,244.0
2026-08-18 18:00:00,soil_ch1.soilmoisture,%,61.0
2026-08-18 18:00:00,soil_ch1.ad,,281.0
2026-08-18 18:00:00,pressure.relative,inHg,28.10083333333333
2026-08-18 18:00:00,temp_ch2.temperature,℃,11.699999999999998
2026-08-18 18:00:00,indoor.temperature,℃,16.891666666666666
2026-08-18 18:00:00,pressure.absolute,inHg,28.10083333333333
2026-08-18 18:00:00,indoor.app_tempin,℃,16.816666666666666
2026-08-18 18:00:00,indoor.dew_point,℃,9.583333333333334
2026-08-18 18:00:00,indoor.feels_like,℃,16.891666666666666
2026-08-18 18:00:00,indoor.humidity,%,62.0
2026-08-18 19:00:00,temp_ch2.temperature,℃,11.699999999999998
2026-08-18 19:00:00,temp_ch1.temperature,℃,12.433333333333332
2026-08-18 19:00:00,soil_ch2.soilmoisture,%,50.0
2026-08-18 19:00:00,soil_ch2.ad,,243.75
2026-08-18 19:00:00,soil_ch1.ad,,280.25
2026-08-18 19:00:00,soil_ch1.soilmoisture,%,61.0
2026-08-18 19:00:00,indoor.temperature,℃,16.941666666666666
2026-08-18 19:00:00,indoor.humidity,%,62.0
2026-08-18 19:00:00,indoor.feels_like,℃,16.941666666666666
2026-08-18 19:00:00,indoor.dew_point,℃,9.608333333333333
2026-08-18 19:00:00,indoor.app_tempin,℃,16.883333333333333
2026-08-18 19:00:00,pressure.absolute,inHg,28.081666666666663
2026-08-18 19:00:00,pressure.relative,inHg,28.081666666666663
2026-08-18 20:00:00,temp_ch2.temperature,℃,11.699999999999998
2026-08-18 20:00:00,soil_ch1.ad,,280.0
2026-08-18 20:00:00,temp_ch1.temperature,℃,12.525
2026-08-18 20:00:00,soil_ch2.soilmoisture,%,50.0
2026-08-18 20:00:00,soil_ch2.ad,,243.0
2026-08-18 20:00:00,soil_ch1.soilmoisture,%,61.0
2026-08-18 20:00:00,pressure.relative,inHg,28.079166666666666
2026-08-18 20:00:00,indoor.temperature,℃,17.016666666666666
2026-08-18 20:00:00,indoor.humidity,%,60.833333333333336
2026-08-18 20:00:00,indoor.feels_like,℃,17.016666666666666
2026-08-18 20:00:00,indoor.dew_point,℃,9.4
2026-08-18 20:00:00,indoor.app_tempin,℃,16.9
2026-08-18 20:00:00,pressure.absolute,inHg,28.079166666666666
2026-08-18 21:00:00,temp_ch2.temperature,℃,11.699999999999998
2026-08-18 21:00:00,temp_ch1.temperature,℃,12.633333333333333
2026-08-18 21:00:00,soil_ch2.soilmoisture,%,49.5
2026-08-18 21:00:00,soil_ch2.ad,,242.5
2026-08-18 21:00:00,soil_ch1.soilmoisture,%,61.0
2026-08-18 21:00:00,soil_ch1.ad,,280.0
2026-08-18 21:00:00,pressure.relative,inHg,28.090833333333332
2026-08-18 21:00:00,pressure.absolute,inHg,28.090833333333332
2026-08-18 21:00:00,indoor.temperature,℃,17.3
2026-08-18 21:00:00,indoor.humidity,%,59.5
2026-08-18 21:00:00,indoor.feels_like,℃,17.3
2026-08-18 21:00:00,indoor.dew_point,℃,9.35
2026-08-18 21:00:00,indoor.app_tempin,℃,17.166666666666668
2026-08-18 22:00:00,temp_ch1.temperature,℃,12.691666666666665
2026-08-18 22:00:00,soil_ch2.soilmoisture,%,49.0
2026-08-18 22:00:00,soil_ch2.ad,,242.0
2026-08-18 22:00:00,soil_ch1.soilmoisture,%,61.0
2026-08-18 22:00:00,soil_ch1.ad,,279.3333333333333
2026-08-18 22:00:00,pressure.relative,inHg,28.10166666666667
2026-08-18 22:00:00,temp_ch2.temperature,℃,11.699999999999998
2026-08-18 22:00:00,indoor.temperature,℃,17.191666666666666
2026-08-18 22:00:00,indoor.humidity,%,59.416666666666664
2026-08-18 22:00:00,indoor.feels_like,℃,17.208333333333332
2026-08-18 22:00:00,indoor.dew_point,℃,9.241666666666667
2026-08-18 22:00:00,indoor.app_tempin,℃,17.033333333333335
2026-08-18 22:00:00,pressure.absolute,inHg,28.10166666666667
2026-08-18 23:00:00,temp_ch1.temperature,℃,12.699999999999998
2026-08-18 23:00:00,soil_ch2.soilmoisture,%,49.0
2026-08-18 23:00:00,soil_ch2.ad,,242.0
2026-08-18 23:00:00,soil_ch1.soilmoisture,%,61.0
2026-08-18 23:00:00,soil_ch1.ad,,279.0
2026-08-18 23:00:00,pressure.relative,inHg,28.116666666666664
2026-08-18 23:00:00,temp_ch2.temperature,℃,11.708333333333334
2026-08-18 23:00:00,indoor.temperature,℃,16.958333333333332
2026-08-18 23:00:00,indoor.humidity,%,60.0
2026-08-18 23:00:00,indoor.feels_like,℃,16.95
2026-08-18 23:00:00,indoor.dew_point,℃,9.158333333333333
2026-08-18 23:00:00,indoor.app_tempin,℃,16.766666666666666
2026-08-18 23:00:00,pressure.absolute,inHg,28.116666666666664
2026-08-19 00:00:00,temp_ch2.temperature,℃,11.800000000000002
2026-08-19 00:00:00,temp_ch1.temperature,℃,12.783333333333333
2026-08-19 00:00:00,soil_ch2.soilmoisture,%,49.0
2026-08-19 00:00:00,soil_ch2.ad,,241.16666666666666
2026-08-19 00:00:00,soil_ch1.soilmoisture,%,61.0
2026-08-19 00:00:00,soil_ch1.ad,,279.0
2026-08-19 00:00:00,pressure.relative,inHg,28.12833333333333
2026-08-19 00:00:00,indoor.temperature,℃,16.625
2026-08-19 00:00:00,indoor.humidity,%,59.333333333333336
2026-08-19 00:00:00,indoor.feels_like,℃,16.625
2026-08-19 00:00:00,indoor.dew_point,℃,8.666666666666666
2026-08-19 00:00:00,indoor.app_tempin,℃,16.325
2026-08-19 00:00:00,pressure.absolute,inHg,28.12833333333333
2026-08-19 01:00:00,temp_ch2.temperature,℃,11.808333333333335
2026-08-19 01:00:00,temp_ch1.temperature,℃,12.800000000000002
2026-08-19 01:00:00,soil_ch2.soilmoisture,%,49.0
2026-08-19 01:00:00,soil_ch2.ad,,241.0
2026-08-19 01:00:00,soil_ch1.soilmoisture,%,61.0
2026-08-19 01:00:00,soil_ch1.ad,,279.0
2026-08-19 01:00:00,pressure.relative,inHg,28.132499999999997
2026-08-19 01:00:00,indoor.temperature,℃,16.291666666666668
2026-08-19 01:00:00,indoor.app_tempin,℃,15.9
2026-08-19 01:00:00,indoor.dew_point,℃,8.266666666666667
2026-08-19 01:00:00,pressure.absolute,inHg,28.132499999999997
2026-08-19 01:00:00,indoor.humidity,%,59.0
2026-08-19 01:00:00,indoor.feels_like,℃,16.283333333333335
2026-08-19 02:00:00,temp_ch2.temperature,℃,11.850000000000001
2026-08-19 02:00:00,temp_ch1.temperature,℃,12.800000000000002
2026-08-19 02:00:00,soil_ch2.soilmoisture,%,49.0
2026-08-19 02:00:00,soil_ch2.ad,,241.0
2026-08-19 02:00:00,soil_ch1.ad,,279.0
2026-08-19 02:00:00,pressure.relative,inHg,28.135
2026-08-19 02:00:00,soil_ch1.soilmoisture,%,61.0
2026-08-19 02:00:00,indoor.temperature,℃,16.0
2026-08-19 02:00:00,indoor.humidity,%,60.0
2026-08-19 02:00:00,indoor.feels_like,℃,16.0
2026-08-19 02:00:00,indoor.dew_point,℃,8.216666666666667
2026-08-19 02:00:00,indoor.app_tempin,℃,15.591666666666667
2026-08-19 02:00:00,pressure.absolute,inHg,28.135
2026-08-19 03:00:00,soil_ch1.soilmoisture,%,61.0
2026-08-19 03:00:00,temp_ch2.temperature,℃,11.883333333333333
2026-08-19 03:00:00,temp_ch1.temperature,℃,12.733333333333334
2026-08-19 03:00:00,soil_ch2.soilmoisture,%,49.0
2026-08-19 03:00:00,soil_ch2.ad,,241.0
2026-08-19 03:00:00,soil_ch1.ad,,279.0
2026-08-19 03:00:00,indoor.dew_point,℃,7.8999999999999995
2026-08-19 03:00:00,pressure.absolute,inHg,28.144166666666667
2026-08-19 03:00:00,indoor.temperature,℃,15.708333333333334
2026-08-19 03:00:00,indoor.humidity,%,59.833333333333336
2026-08-19 03:00:00,indoor.feels_like,℃,15.700000000000001
2026-08-19 03:00:00,indoor.app_tempin,℃,15.216666666666667
2026-08-19 03:00:00,pressure.relative,inHg,28.144166666666667
2026-08-19 04:00:00,soil_ch1.soilmoisture,%,60.583333333333336
2026-08-19 04:00:00,temp_ch2.temperature,℃,11.9
2026-08-19 04:00:00,temp_ch1.temperature,℃,12.699999999999998
2026-08-19 04:00:00,soil_ch2.soilmoisture,%,49.0
2026-08-19 04:00:00,soil_ch2.ad,,240.66666666666666
2026-08-19 04:00:00,soil_ch1.ad,,278.5833333333333
2026-08-19 04:00:00,indoor.dew_point,℃,7.5249999999999995
2026-08-19 04:00:00,pressure.absolute,inHg,28.14916666666667
2026-08-19 04:00:00,indoor.temperature,℃,15.5
2026-08-19 04:00:00,indoor.humidity,%,58.916666666666664
2026-08-19 04:00:00,indoor.feels_like,℃,15.5
2026-08-19 04:00:00,indoor.app_tempin,℃,14.908333333333333
2026-08-19 04:00:00,pressure.relative,inHg,28.14916666666667
2026-08-19 05:00:00,temp_ch2.temperature,℃,11.9
2026-08-19 05:00:00,temp_ch1.temperature,℃,12.699999999999998
2026-08-19 05:00:00,soil_ch2.soilmoisture,%,49.0
2026-08-19 05:00:00,soil_ch2.ad,,240.0
2026-08-19 05:00:00,soil_ch1.soilmoisture,%,60.0
2026-08-19 05:00:00,soil_ch1.ad,,278.0
2026-08-19 05:00:00,pressure.relative,inHg,28.16
2026-08-19 05:00:00,indoor.temperature,℃,15.25
2026-08-19 05:00:00,indoor.humidity,%,58.0
2026-08-19 05:00:00,indoor.feels_like,℃,15.241666666666667
2026-08-19 05:00:00,indoor.dew_point,℃,7.041666666666667
2026-08-19 05:00:00,indoor.app_tempin,℃,14.549999999999999
2026-08-19 05:00:00,pressure.absolute,inHg,28.16
2026-08-19 06:00:00,soil_ch1.soilmoisture,%,60.0
2026-08-19 06:00:00,temp_ch2.temperature,℃,11.958333333333334
2026-08-19 06:00:00,temp_ch1.temperature,℃,12.633333333333333
2026-08-19 06:00:00,soil_ch2.soilmoisture,%,49.0
2026-08-19 06:00:00,soil_ch2.ad,,240.0
2026-08-19 06:00:00,soil_ch1.ad,,278.0
2026-08-19 06:00:00,indoor.dew_point,℃,6.575
2026-08-19 06:00:00,pressure.absolute,inHg,28.151666666666667
2026-08-19 06:00:00,indoor.app_tempin,℃,14.241666666666667
2026-08-19 06:00:00,indoor.feels_like,℃,15.041666666666666
2026-08-19 06:00:00,pressure.relative,inHg,28.151666666666667
2026-08-19 06:00:00,indoor.temperature,℃,15.033333333333333
2026-08-19 06:00:00,indoor.humidity,%,56.833333333333336
2026-08-19 07:00:00,soil_ch1.soilmoisture,%,60.0
2026-08-19 07:00:00,temp_ch2.temperature,℃,11.991666666666667
2026-08-19 07:00:00,temp_ch1.temperature,℃,12.6
2026-08-19 07:00:00,soil_ch2.soilmoisture,%,49.0
2026-08-19 07:00:00,soil_ch2.ad,,240.0
2026-08-19 07:00:00,soil_ch1.ad,,278.0
2026-08-19 07:00:00,pressure.relative,inHg,28.147499999999997
2026-08-19 07:00:00,pressure.absolute,inHg,28.147499999999997
2026-08-19 07:00:00,indoor.temperature,℃,14.816666666666668
2026-08-19 07:00:00,indoor.humidity,%,56.0
2026-08-19 07:00:00,indoor.feels_like,℃,14.816666666666668
2026-08-19 07:00:00,indoor.dew_point,℃,6.125
2026-08-19 07:00:00,indoor.app_tempin,℃,13.916666666666666
2026-08-19 08:00:00,temp_ch1.temperature,℃,12.533333333333333
2026-08-19 08:00:00,soil_ch2.soilmoisture,%,49.0
2026-08-19 08:00:00,soil_ch2.ad,,240.0
2026-08-19 08:00:00,soil_ch1.soilmoisture,%,60.0
2026-08-19 08:00:00,soil_ch1.ad,,278.0
2026-08-19 08:00:00,temp_ch2.temperature,℃,11.991666666666667
2026-08-19 08:00:00,pressure.relative,inHg,28.174166666666668
2026-08-19 08:00:00,indoor.temperature,℃,14.583333333333334
2026-08-19 08:00:00,indoor.humidity,%,56.0
2026-08-19 08:00:00,indoor.feels_like,℃,14.583333333333334
2026-08-19 08:00:00,indoor.dew_point,℃,5.8999999999999995
2026-08-19 08:00:00,indoor.app_tempin,℃,13.641666666666666
2026-08-19 08:00:00,pressure.absolute,inHg,28.174166666666668
2026-08-19 09:00:00,temp_ch2.temperature,℃,11.958333333333334
2026-08-19 09:00:00,temp_ch1.temperature,℃,12.5
2026-08-19 09:00:00,soil_ch2.soilmoisture,%,49.0
2026-08-19 09:00:00,soil_ch2.ad,,240.0
2026-08-19 09:00:00,soil_ch1.soilmoisture,%,60.0
2026-08-19 09:00:00,soil_ch1.ad,,278.0
2026-08-19 09:00:00,pressure.relative,inHg,28.195000000000004
2026-08-19 09:00:00,indoor.temperature,℃,14.375
2026-08-19 09:00:00,indoor.humidity,%,55.416666666666664
2026-08-19 09:00:00,indoor.feels_like,℃,14.375
2026-08-19 09:00:00,indoor.dew_point,℃,5.566666666666666
2026-08-19 09:00:00,indoor.app_tempin,℃,13.391666666666667
2026-08-19 09:00:00,pressure.absolute,inHg,28.195000000000004
2026-08-19 10:00:00,soil_ch1.ad,,278.0
2026-08-19 10:00:00,temp_ch1.temperature,℃,12.416666666666666
2026-08-19 10:00:00,soil_ch2.soilmoisture,%,49.0
2026-08-19 10:00:00,soil_ch2.ad,,239.16666666666666
2026-08-19 10:00:00,soil_ch1.soilmoisture,%,60.0
2026-08-19 10:00:00,pressure.relative,inHg,28.2225
2026-08-19 10:00:00,temp_ch2.temperature,℃,11.924999999999999
2026-08-19 10:00:00,indoor.temperature,℃,14.191666666666668
2026-08-19 10:00:00,indoor.humidity,%,55.0
2026-08-19 10:00:00,indoor.feels_like,℃,14.191666666666668
2026-08-19 10:00:00,indoor.dew_point,℃,5.291666666666667
2026-08-19 10:00:00,indoor.app_tempin,℃,13.125
2026-08-19 10:00:00,pressure.absolute,inHg,28.2225
2026-08-19 11:00:00,temp_ch2.temperature,℃,11.916666666666666
2026-08-19 11:00:00,temp_ch1.temperature,℃,12.358333333333334
2026-08-19 11:00:00,soil_ch2.soilmoisture,%,49.0
2026-08-19 11:00:00,soil_ch2.ad,,239.0
2026-08-19 11:00:00,soil_ch1.soilmoisture,%,60.0
2026-08-19 11:00:00,soil_ch1.ad,,277.1666666666667
2026-08-19 11:00:00,indoor.dew_point,℃,5.125
2026-08-19 11:00:00,pressure.absolute,inHg,28.250833333333333
2026-08-19 11:00:00,indoor.temperature,℃,14.008333333333333
2026-08-19 11:00:00,indoor.humidity,%,55.0
2026-08-19 11:00:00,indoor.feels_like,℃,14.008333333333333
2026-08-19 11:00:00,pressure.relative,inHg,28.250833333333333
2026-08-19 11:00:00,indoor.app_tempin,℃,12.891666666666667
2026-08-19 12:00:00,temp_ch2.temperature,℃,11.966666666666667
2026-08-19 12:00:00,temp_ch1.temperature,℃,12.300000000000002
2026-08-19 12:00:00,soil_ch2.soilmoisture,%,49.0
2026-08-19 12:00:00,soil_ch2.ad,,239.0
2026-08-19 12:00:00,soil_ch1.soilmoisture,%,60.0
2026-08-19 12:00:00,soil_ch1.ad,,277.0
2026-08-19 12:00:00,pressure.relative,inHg,28.261666666666667
2026-08-19 12:00:00,pressure.absolute,inHg,28.261666666666667
2026-08-19 12:00:00,indoor.temperature,℃,14.625
2026-08-19 12:00:00,indoor.humidity,%,53.75
2026-08-19 12:00:00,indoor.feels_like,℃,14.625
2026-08-19 12:00:00,indoor.dew_point,℃,5.366666666666667
2026-08-19 12:00:00,indoor.app_tempin,℃,13.558333333333332
2026-08-19 13:00:00,temp_ch2.temperature,℃,11.916666666666666
2026-08-19 13:00:00,temp_ch1.temperature,℃,12.233333333333334
2026-08-19 13:00:00,soil_ch2.soilmoisture,%,49.0
2026-08-19 13:00:00,soil_ch2.ad,,239.0
2026-08-19 13:00:00,soil_ch1.soilmoisture,%,60.0
2026-08-19 13:00:00,soil_ch1.ad,,277.0
2026-08-19 13:00:00,pressure.absolute,inHg,28.281666666666666
2026-08-19 13:00:00,indoor.temperature,℃,15.525
2026-08-19 13:00:00,indoor.humidity,%,53.833333333333336
2026-08-19 13:00:00,indoor.feels_like,℃,15.525
2026-08-19 13:00:00,indoor.dew_point,℃,6.208333333333333
2026-08-19 13:00:00,indoor.app_tempin,℃,14.641666666666666
2026-08-19 13:00:00,pressure.relative,inHg,28.281666666666666
2026-08-19 14:00:00,pressure.absolute,inHg,28.285
2026-08-19 14:00:00,temp_ch1.temperature,℃,12.208333333333334
2026-08-19 14:00:00,soil_ch2.soilmoisture,%,49.0
2026-08-19 14:00:00,soil_ch2.ad,,239.0
2026-08-19 14:00:00,soil_ch1.soilmoisture,%,60.0
2026-08-19 14:00:00,soil_ch1.ad,,277.0
2026-08-19 14:00:00,indoor.humidity,%,54.0
2026-08-19 14:00:00,indoor.temperature,℃,16.05
2026-08-19 14:00:00,temp_ch2.temperature,℃,11.9
2026-08-19 14:00:00,indoor.feels_like,℃,16.058333333333334
2026-08-19 14:00:00,indoor.dew_point,℃,6.75
2026-08-19 14:00:00,indoor.app_tempin,℃,15.299999999999999
2026-08-19 14:00:00,pressure.relative,inHg,28.285
2026-08-19 15:00:00,soil_ch2.ad,,239.0
2026-08-19 15:00:00,soil_ch1.soilmoisture,%,60.0
2026-08-19 15:00:00,temp_ch1.temperature,℃,12.233333333333334
2026-08-19 15:00:00,soil_ch2.soilmoisture,%,49.0
2026-08-19 15:00:00,soil_ch1.ad,,277.0
2026-08-19 15:00:00,temp_ch2.temperature,℃,11.908333333333333
2026-08-19 15:00:00,pressure.relative,inHg,28.266666666666666
2026-08-19 15:00:00,indoor.temperature,℃,16.366666666666667
2026-08-19 15:00:00,indoor.humidity,%,54.5
2026-08-19 15:00:00,indoor.feels_like,℃,16.366666666666667
2026-08-19 15:00:00,indoor.dew_point,℃,7.158333333333334
2026-08-19 15:00:00,indoor.app_tempin,℃,15.716666666666667
2026-08-19 15:00:00,pressure.absolute,inHg,28.266666666666666
2026-08-19 16:00:00,temp_ch2.temperature,℃,11.883333333333333
2026-08-19 16:00:00,temp_ch1.temperature,℃,12.300000000000002
2026-08-19 16:00:00,soil_ch2.soilmoisture,%,48.5
2026-08-19 16:00:00,soil_ch2.ad,,238.5
2026-08-19 16:00:00,soil_ch1.soilmoisture,%,60.0
2026-08-19 16:00:00,soil_ch1.ad,,276.25
2026-08-19 16:00:00,pressure.absolute,inHg,28.263333333333335
2026-08-19 16:00:00,indoor.temperature,℃,16.849999999999998
2026-08-19 16:00:00,indoor.humidity,%,58.0
2026-08-19 16:00:00,indoor.feels_like,℃,16.849999999999998
2026-08-19 16:00:00,indoor.dew_point,℃,8.516666666666667
2026-08-19 16:00:00,indoor.app_tempin,℃,16.533333333333335
2026-08-19 16:00:00,pressure.relative,inHg,28.263333333333335
2026-08-19 17:00:00,soil_ch1.ad,,276.0
2026-08-19 17:00:00,temp_ch1.temperature,℃,12.375
2026-08-19 17:00:00,soil_ch2.soilmoisture,%,48.25
2026-08-19 17:00:00,soil_ch2.ad,,238.25
2026-08-19 17:00:00,soil_ch1.soilmoisture,%,60.0
2026-08-19 17:00:00,pressure.relative,inHg,28.25583333333333
2026-08-19 17:00:00,temp_ch2.temperature,℃,11.883333333333333
2026-08-19 17:00:00,indoor.temperature,℃,16.966666666666665
2026-08-19 17:00:00,indoor.humidity,%,58.916666666666664
2026-08-19 17:00:00,indoor.feels_like,℃,16.966666666666665
2026-08-19 17:00:00,indoor.dew_point,℃,8.841666666666667
2026-08-19 17:00:00,indoor.app_tempin,℃,16.733333333333334
2026-08-19 17:00:00,pressure.absolute,inHg,28.25583333333333
2026-08-19 18:00:00,temp_ch1.temperature,℃,12.475
2026-08-19 18:00:00,soil_ch2.soilmoisture,%,48.0
2026-08-19 18:00:00,soil_ch2.ad,,237.91666666666666
2026-08-19 18:00:00,soil_ch1.soilmoisture,%,60.0
2026-08-19 18:00:00,soil_ch1.ad,,276.0
2026-08-19 18:00:00,pressure.relative,inHg,28.245
2026-08-19 18:00:00,temp_ch2.temperature,℃,11.9
2026-08-19 18:00:00,indoor.temperature,℃,17.283333333333335
2026-08-19 18:00:00,indoor.humidity,%,59.0
2026-08-19 18:00:00,indoor.feels_like,℃,17.283333333333335
2026-08-19 18:00:00,indoor.dew_point,℃,9.200000000000001
2026-08-19 18:00:00,indoor.app_tempin,℃,17.108333333333334
2026-08-19 18:00:00,pressure.absolute,inHg,28.245
2026-08-19 19:00:00,temp_ch2.temperature,℃,11.9
2026-08-19 19:00:00,temp_ch1.temperature,℃,12.625
2026-08-19 19:00:00,soil_ch2.soilmoisture,%,48.0
2026-08-19 19:00:00,soil_ch2.ad,,237.1818181818182
2026-08-19 19:00:00,soil_ch1.soilmoisture,%,60.0
2026-08-19 19:00:00,soil_ch1.ad,,275.9166666666667
2026-08-19 19:00:00,pressure.relative,inHg,28.235833333333332
2026-08-19 19:00:00,indoor.temperature,℃,18.008333333333333
2026-08-19 19:00:00,indoor.humidity,%,59.666666666666664
2026-08-19 19:00:00,indoor.feels_like,℃,18.008333333333333
2026-08-19 19:00:00,indoor.dew_point,℃,10.016666666666667
2026-08-19 19:00:00,indoor.app_tempin,℃,18.05
2026-08-19 19:00:00,pressure.absolute,inHg,28.235833333333332
2026-08-19 20:00:00,temp_ch2.temperature,℃,11.875
2026-08-19 20:00:00,temp_ch1.temperature,℃,12.766666666666666
2026-08-19 20:00:00,soil_ch2.soilmoisture,%,48.0
2026-08-19 20:00:00,soil_ch2.ad,,237.0
2026-08-19 20:00:00,soil_ch1.soilmoisture,%,60.0
2026-08-19 20:00:00,soil_ch1.ad,,275.0
2026-08-19 20:00:00,pressure.relative,inHg,28.233333333333334
2026-08-19 20:00:00,indoor.temperature,℃,18.25
2026-08-19 20:00:00,indoor.humidity,%,61.333333333333336
2026-08-19 20:00:00,indoor.feels_like,℃,18.241666666666667
2026-08-19 20:00:00,indoor.dew_point,℃,10.691666666666668
2026-08-19 20:00:00,indoor.app_tempin,℃,18.458333333333332
2026-08-19 20:00:00,pressure.absolute,inHg,28.233333333333334
2026-08-19 21:00:00,temp_ch2.temperature,℃,11.850000000000001
2026-08-19 21:00:00,temp_ch1.temperature,℃,12.9
2026-08-19 21:00:00,soil_ch2.soilmoisture,%,48.0
2026-08-19 21:00:00,soil_ch2.ad,,236.83333333333334
2026-08-19 21:00:00,soil_ch1.soilmoisture,%,60.0
2026-08-19 21:00:00,soil_ch1.ad,,275.0
2026-08-19 21:00:00,pressure.relative,inHg,28.239166666666666
2026-08-19 21:00:00,pressure.absolute,inHg,28.239166666666666
2026-08-19 21:00:00,indoor.temperature,℃,17.991666666666667
2026-08-19 21:00:00,indoor.humidity,%,61.25
2026-08-19 21:00:00,indoor.feels_like,℃,17.991666666666667
2026-08-19 21:00:00,indoor.dew_point,℃,10.433333333333334
2026-08-19 21:00:00,indoor.app_tempin,℃,18.175
2026-08-19 22:00:00,temp_ch2.temperature,℃,11.9
2026-08-19 22:00:00,temp_ch1.temperature,℃,12.950000000000001
2026-08-19 22:00:00,soil_ch2.soilmoisture,%,48.0
2026-08-19 22:00:00,soil_ch2.ad,,236.0
2026-08-19 22:00:00,soil_ch1.soilmoisture,%,60.0
2026-08-19 22:00:00,soil_ch1.ad,,275.0
2026-08-19 22:00:00,pressure.relative,inHg,28.246666666666666
2026-08-19 22:00:00,pressure.absolute,inHg,28.246666666666666
2026-08-19 22:00:00,indoor.temperature,℃,17.8
2026-08-19 22:00:00,indoor.humidity,%,61.0
2026-08-19 22:00:00,indoor.feels_like,℃,17.8
2026-08-19 22:00:00,indoor.dew_point,℃,10.200000000000001
2026-08-19 22:00:00,indoor.app_tempin,℃,17.900000000000002
2026-08-19 23:00:00,temp_ch2.temperature,℃,11.916666666666666
2026-08-19 23:00:00,temp_ch1.temperature,℃,13.0
2026-08-19 23:00:00,soil_ch2.soilmoisture,%,48.0
2026-08-19 23:00:00,soil_ch2.ad,,236.0
2026-08-19 23:00:00,soil_ch1.soilmoisture,%,60.0
2026-08-19 23:00:00,soil_ch1.ad,,275.0
2026-08-19 23:00:00,pressure.relative,inHg,28.258333333333336
2026-08-19 23:00:00,pressure.absolute,inHg,28.258333333333336
2026-08-19 23:00:00,indoor.temperature,℃,17.533333333333335
2026-08-19 23:00:00,indoor.humidity,%,61.75
2026-08-19 23:00:00,indoor.feels_like,℃,17.533333333333335
2026-08-19 23:00:00,indoor.dew_point,℃,10.116666666666665
2026-08-19 23:00:00,indoor.app_tempin,℃,17.583333333333332
2026-08-20 00:00:00,temp_ch1.temperature,℃,13.0
2026-08-20 00:00:00,soil_ch2.soilmoisture,%,48.0
2026-08-20 00:00:00,soil_ch2.ad,,236.0
2026-08-20 00:00:00,soil_ch1.soilmoisture,%,60.0
2026-08-20 00:00:00,soil_ch1.ad,,275.0
2026-08-20 00:00:00,pressure.relative,inHg,28.264166666666668
2026-08-20 00:00:00,temp_ch2.temperature,℃,11.933333333333332
2026-08-20 00:00:00,indoor.temperature,℃,17.208333333333332
2026-08-20 00:00:00,indoor.humidity,%,62.0
2026-08-20 00:00:00,indoor.feels_like,℃,17.208333333333332
2026-08-20 00:00:00,indoor.dew_point,℃,9.875
2026-08-20 00:00:00,indoor.app_tempin,℃,17.216666666666665
2026-08-20 00:00:00,pressure.absolute,inHg,28.264166666666668
2026-08-20 01:00:00,temp_ch2.temperature,℃,12.0
2026-08-20 01:00:00,temp_ch1.temperature,℃,13.0
2026-08-20 01:00:00,soil_ch2.soilmoisture,%,47.90909090909091
2026-08-20 01:00:00,soil_ch2.ad,,235.9090909090909
2026-08-20 01:00:00,soil_ch1.soilmoisture,%,60.0
2026-08-20 01:00:00,soil_ch1.ad,,275.0
2026-08-20 01:00:00,pressure.relative,inHg,28.263333333333335
2026-08-20 01:00:00,pressure.absolute,inHg,28.263333333333335
2026-08-20 01:00:00,indoor.temperature,℃,16.941666666666666
2026-08-20 01:00:00,indoor.humidity,%,62.0
2026-08-20 01:00:00,indoor.feels_like,℃,16.941666666666666
2026-08-20 01:00:00,indoor.dew_point,℃,9.633333333333333
2026-08-20 01:00:00,indoor.app_tempin,℃,16.849999999999998
2026-08-20 02:00:00,temp_ch1.temperature,℃,13.008333333333333
2026-08-20 02:00:00,soil_ch2.soilmoisture,%,47.2
2026-08-20 02:00:00,soil_ch2.ad,,235.2
2026-08-20 02:00:00,soil_ch1.soilmoisture,%,60.0
2026-08-20 02:00:00,soil_ch1.ad,,275.0
2026-08-20 02:00:00,pressure.relative,inHg,28.258333333333336
2026-08-20 02:00:00,temp_ch2.temperature,℃,12.0
2026-08-20 02:00:00,indoor.temperature,℃,16.724999999999998
2026-08-20 02:00:00,indoor.humidity,%,62.0
2026-08-20 02:00:00,indoor.feels_like,℃,16.724999999999998
2026-08-20 02:00:00,indoor.dew_point,℃,9.425
2026-08-20 02:00:00,indoor.app_tempin,℃,16.599999999999998
2026-08-20 02:00:00,pressure.absolute,inHg,28.258333333333336
2026-08-20 03:00:00,temp_ch1.temperature,℃,13.0
2026-08-20 03:00:00,soil_ch2.soilmoisture,%,47.0
2026-08-20 03:00:00,soil_ch2.ad,,235.0
2026-08-20 03:00:00,soil_ch1.soilmoisture,%,60.0
2026-08-20 03:00:00,soil_ch1.ad,,275.0
2026-08-20 03:00:00,pressure.relative,inHg,28.264166666666668
2026-08-20 03:00:00,temp_ch2.temperature,℃,12.091666666666667
2026-08-20 03:00:00,indoor.temperature,℃,16.45
2026-08-20 03:00:00,indoor.humidity,%,62.0
2026-08-20 03:00:00,indoor.feels_like,℃,16.45
2026-08-20 03:00:00,indoor.dew_point,℃,9.158333333333333
2026-08-20 03:00:00,indoor.app_tempin,℃,16.275000000000002
2026-08-20 03:00:00,pressure.absolute,inHg,28.264166666666668
2026-08-20 04:00:00,temp_ch2.temperature,℃,12.058333333333332
2026-08-20 04:00:00,temp_ch1.temperature,℃,12.983333333333334
2026-08-20 04:00:00,soil_ch2.soilmoisture,%,47.0
2026-08-20 04:00:00,soil_ch2.ad,,235.0
2026-08-20 04:00:00,soil_ch1.soilmoisture,%,59.916666666666664
2026-08-20 04:00:00,soil_ch1.ad,,274.9166666666667
2026-08-20 04:00:00,pressure.relative,inHg,28.2675
2026-08-20 04:00:00,indoor.temperature,℃,16.233333333333334
2026-08-20 04:00:00,indoor.humidity,%,61.25
2026-08-20 04:00:00,indoor.feels_like,℃,16.233333333333334
2026-08-20 04:00:00,indoor.dew_point,℃,8.799999999999999
2026-08-20 04:00:00,indoor.app_tempin,℃,15.958333333333334
2026-08-20 04:00:00,pressure.absolute,inHg,28.2675
2026-08-20 05:00:00,soil_ch1.ad,,274.1666666666667
2026-08-20 05:00:00,temp_ch1.temperature,℃,12.9
2026-08-20 05:00:00,soil_ch2.soilmoisture,%,47.0
2026-08-20 05:00:00,soil_ch2.ad,,235.0
2026-08-20 05:00:00,soil_ch1.soilmoisture,%,59.166666666666664
2026-08-20 05:00:00,pressure.relative,inHg,28.251666666666665
2026-08-20 05:00:00,temp_ch2.temperature,℃,12.058333333333332
2026-08-20 05:00:00,indoor.temperature,℃,16.041666666666668
2026-08-20 05:00:00,indoor.app_tempin,℃,15.725
2026-08-20 05:00:00,indoor.dew_point,℃,8.541666666666666
2026-08-20 05:00:00,pressure.absolute,inHg,28.251666666666665
2026-08-20 05:00:00,indoor.humidity,%,61.0
2026-08-20 05:00:00,indoor.feels_like,℃,16.058333333333334
2026-08-20 06:00:00,temp_ch2.temperature,℃,12.1
2026-08-20 06:00:00,temp_ch1.temperature,℃,12.883333333333333
2026-08-20 06:00:00,soil_ch2.soilmoisture,%,47.0
2026-08-20 06:00:00,soil_ch2.ad,,235.0
2026-08-20 06:00:00,soil_ch1.ad,,274.0
2026-08-20 06:00:00,pressure.relative,inHg,28.237499999999997
2026-08-20 06:00:00,soil_ch1.soilmoisture,%,59.0
2026-08-20 06:00:00,indoor.temperature,℃,15.858333333333334
2026-08-20 06:00:00,indoor.humidity,%,60.5
2026-08-20 06:00:00,indoor.feels_like,℃,15.858333333333334
2026-08-20 06:00:00,indoor.dew_point,℃,8.258333333333333
2026-08-20 06:00:00,indoor.app_tempin,℃,15.458333333333334
2026-08-20 06:00:00,pressure.absolute,inHg,28.237499999999997
2026-08-20 07:00:00,soil_ch1.ad,,274.0
2026-08-20 07:00:00,temp_ch1.temperature,℃,12.800000000000002
2026-08-20 07:00:00,soil_ch2.soilmoisture,%,47.0
2026-08-20 07:00:00,soil_ch2.ad,,234.9090909090909
2026-08-20 07:00:00,soil_ch1.soilmoisture,%,59.0
2026-08-20 07:00:00,pressure.relative,inHg,28.221666666666664
2026-08-20 07:00:00,temp_ch2.temperature,℃,12.1
2026-08-20 07:00:00,indoor.temperature,℃,15.641666666666666
2026-08-20 07:00:00,indoor.humidity,%,60.0
2026-08-20 07:00:00,indoor.feels_like,℃,15.641666666666666
2026-08-20 07:00:00,indoor.dew_point,℃,7.8999999999999995
2026-08-20 07:00:00,indoor.app_tempin,℃,15.15
2026-08-20 07:00:00,pressure.absolute,inHg,28.221666666666664
2026-08-20 08:00:00,temp_ch1.temperature,℃,12.791666666666666
2026-08-20 08:00:00,soil_ch2.soilmoisture,%,47.0
2026-08-20 08:00:00,soil_ch2.ad,,234.33333333333334
2026-08-20 08:00:00,soil_ch1.soilmoisture,%,59.0
2026-08-20 08:00:00,soil_ch1.ad,,274.0
2026-08-20 08:00:00,pressure.relative,inHg,28.22
2026-08-20 08:00:00,temp_ch2.temperature,℃,12.1
2026-08-20 08:00:00,indoor.temperature,℃,15.424999999999999
2026-08-20 08:00:00,pressure.absolute,inHg,28.22
2026-08-20 08:00:00,indoor.app_tempin,℃,14.85
2026-08-20 08:00:00,indoor.dew_point,℃,7.55
2026-08-20 08:00:00,indoor.feels_like,℃,15.416666666666666
2026-08-20 08:00:00,indoor.humidity,%,59.416666666666664
2026-08-20 09:00:00,temp_ch2.temperature,℃,12.116666666666667
2026-08-20 09:00:00,temp_ch1.temperature,℃,12.699999999999998
2026-08-20 09:00:00,soil_ch2.soilmoisture,%,47.0
2026-08-20 09:00:00,soil_ch2.ad,,234.4
2026-08-20 09:00:00,soil_ch1.ad,,274.0
2026-08-20 09:00:00,soil_ch1.soilmoisture,%,59.0
2026-08-20 09:00:00,indoor.temperature,℃,15.266666666666666
2026-08-20 09:00:00,indoor.humidity,%,58.833333333333336
2026-08-20 09:00:00,indoor.feels_like,℃,15.266666666666666
2026-08-20 09:00:00,indoor.dew_point,℃,7.25
2026-08-20 09:00:00,indoor.app_tempin,℃,14.633333333333333
2026-08-20 09:00:00,pressure.absolute,inHg,28.219166666666666
2026-08-20 09:00:00,pressure.relative,inHg,28.219166666666666
2026-08-20 10:00:00,temp_ch2.temperature,℃,12.125
2026-08-20 10:00:00,soil_ch1.ad,,274.0
2026-08-20 10:00:00,temp_ch1.temperature,℃,12.658333333333333
2026-08-20 10:00:00,soil_ch2.soilmoisture,%,47.0
2026-08-20 10:00:00,soil_ch2.ad,,234.41666666666666
2026-08-20 10:00:00,soil_ch1.soilmoisture,%,59.0
2026-08-20 10:00:00,pressure.relative,inHg,28.21166666666667
2026-08-20 10:00:00,indoor.temperature,℃,15.049999999999999
2026-08-20 10:00:00,indoor.humidity,%,58.0
2026-08-20 10:00:00,indoor.feels_like,℃,15.058333333333332
2026-08-20 10:00:00,indoor.dew_point,℃,6.8500000000000005
2026-08-20 10:00:00,indoor.app_tempin,℃,14.341666666666667
2026-08-20 10:00:00,pressure.absolute,inHg,28.21166666666667
2026-08-20 11:00:00,temp_ch2.temperature,℃,12.108333333333333
2026-08-20 11:00:00,temp_ch1.temperature,℃,12.6
2026-08-20 11:00:00,soil_ch2.soilmoisture,%,47.0
2026-08-20 11:00:00,soil_ch2.ad,,234.33333333333334
2026-08-20 11:00:00,soil_ch1.soilmoisture,%,59.0
2026-08-20 11:00:00,soil_ch1.ad,,274.0
2026-08-20 11:00:00,pressure.relative,inHg,28.206666666666667
2026-08-20 11:00:00,pressure.absolute,inHg,28.206666666666667
2026-08-20 11:00:00,indoor.temperature,℃,14.858333333333334
2026-08-20 11:00:00,indoor.humidity,%,58.0
2026-08-20 11:00:00,indoor.feels_like,℃,14.850000000000001
2026-08-20 11:00:00,indoor.dew_point,℃,6.675
2026-08-20 11:00:00,indoor.app_tempin,℃,14.058333333333332
2026-08-20 12:00:00,temp_ch1.temperature,℃,12.516666666666666
2026-08-20 12:00:00,soil_ch2.soilmoisture,%,47.0
2026-08-20 12:00:00,soil_ch2.ad,,234.16666666666666
2026-08-20 12:00:00,soil_ch1.soilmoisture,%,59.0
2026-08-20 12:00:00,soil_ch1.ad,,274.0
2026-08-20 12:00:00,pressure.relative,inHg,28.21166666666667
2026-08-20 12:00:00,temp_ch2.temperature,℃,12.091666666666667
2026-08-20 12:00:00,indoor.temperature,℃,15.35
2026-08-20 12:00:00,indoor.humidity,%,56.75
2026-08-20 12:00:00,indoor.feels_like,℃,15.35
2026-08-20 12:00:00,indoor.dew_point,℃,6.8500000000000005
2026-08-20 12:00:00,indoor.app_tempin,℃,14.608333333333334
2026-08-20 12:00:00,pressure.absolute,inHg,28.21166666666667
2026-08-20 13:00:00,temp_ch1.temperature,℃,12.458333333333334
2026-08-20 13:00:00,soil_ch2.soilmoisture,%,47.0
2026-08-20 13:00:00,soil_ch2.ad,,234.0
2026-08-20 13:00:00,soil_ch1.soilmoisture,%,59.0
2026-08-20 13:00:00,soil_ch1.ad,,273.25
2026-08-20 13:00:00,pressure.relative,inHg,28.209999999999997
2026-08-20 13:00:00,temp_ch2.temperature,℃,12.1
2026-08-20 13:00:00,indoor.temperature,℃,16.316666666666666
2026-08-20 13:00:00,indoor.humidity,%,56.416666666666664
2026-08-20 13:00:00,indoor.feels_like,℃,16.325
2026-08-20 13:00:00,indoor.dew_point,℃,7.6499999999999995
2026-08-20 13:00:00,indoor.app_tempin,℃,15.766666666666666
2026-08-20 13:00:00,pressure.absolute,inHg,28.209999999999997
2026-08-20 14:00:00,temp_ch2.temperature,℃,12.091666666666667
2026-08-20 14:00:00,temp_ch1.temperature,℃,12.416666666666666
2026-08-20 14:00:00,soil_ch2.soilmoisture,%,47.0
2026-08-20 14:00:00,soil_ch2.ad,,234.0
2026-08-20 14:00:00,soil_ch1.soilmoisture,%,59.0
2026-08-20 14:00:00,soil_ch1.ad,,273.0
2026-08-20 14:00:00,pressure.relative,inHg,28.2075
2026-08-20 14:00:00,indoor.temperature,℃,16.875
2026-08-20 14:00:00,indoor.humidity,%,57.0
2026-08-20 14:00:00,indoor.feels_like,℃,16.875
2026-08-20 14:00:00,indoor.dew_point,℃,8.316666666666666
2026-08-20 14:00:00,indoor.app_tempin,℃,16.483333333333334
2026-08-20 14:00:00,pressure.absolute,inHg,28.2075
2026-08-20 15:00:00,soil_ch1.soilmoisture,%,59.0
2026-08-20 15:00:00,temp_ch2.temperature,℃,12.075000000000001
2026-08-20 15:00:00,temp_ch1.temperature,℃,12.483333333333334
2026-08-20 15:00:00,soil_ch2.soilmoisture,%,47.0
2026-08-20 15:00:00,soil_ch2.ad,,234.0
2026-08-20 15:00:00,soil_ch1.ad,,273.0
2026-08-20 15:00:00,indoor.dew_point,℃,8.566666666666666
2026-08-20 15:00:00,pressure.absolute,inHg,28.189166666666665
2026-08-20 15:00:00,indoor.temperature,℃,17.166666666666668
2026-08-20 15:00:00,indoor.humidity,%,57.0
2026-08-20 15:00:00,indoor.feels_like,℃,17.166666666666668
2026-08-20 15:00:00,pressure.relative,inHg,28.189166666666665
2026-08-20 15:00:00,indoor.app_tempin,℃,16.866666666666664
2026-08-20 16:00:00,temp_ch2.temperature,℃,12.091666666666667
2026-08-20 16:00:00,temp_ch1.temperature,℃,12.5
2026-08-20 16:00:00,soil_ch2.soilmoisture,%,47.0
2026-08-20 16:00:00,soil_ch2.ad,,233.63636363636363
2026-08-20 16:00:00,soil_ch1.soilmoisture,%,59.0
2026-08-20 16:00:00,soil_ch1.ad,,273.0
2026-08-20 16:00:00,pressure.relative,inHg,28.1725
2026-08-20 16:00:00,pressure.absolute,inHg,28.1725
2026-08-20 16:00:00,indoor.temperature,℃,17.308333333333334
2026-08-20 16:00:00,indoor.humidity,%,58.0
2026-08-20 16:00:00,indoor.feels_like,℃,17.308333333333334
2026-08-20 16:00:00,indoor.dew_point,℃,8.941666666666666
2026-08-20 16:00:00,indoor.app_tempin,℃,17.083333333333332
2026-08-20 17:00:00,temp_ch2.temperature,℃,12.091666666666667
2026-08-20 17:00:00,temp_ch1.temperature,℃,12.6
2026-08-20 17:00:00,soil_ch2.soilmoisture,%,47.0
2026-08-20 17:00:00,soil_ch2.ad,,233.22222222222223
2026-08-20 17:00:00,soil_ch1.soilmoisture,%,59.0
2026-08-20 17:00:00,soil_ch1.ad,,273.0
2026-08-20 17:00:00,pressure.relative,inHg,28.151666666666667
2026-08-20 17:00:00,pressure.absolute,inHg,28.151666666666667
2026-08-20 17:00:00,indoor.temperature,℃,17.516666666666666
2026-08-20 17:00:00,indoor.humidity,%,58.666666666666664
2026-08-20 17:00:00,indoor.feels_like,℃,17.516666666666666
2026-08-20 17:00:00,indoor.dew_point,℃,9.358333333333333
2026-08-20 17:00:00,indoor.app_tempin,℃,17.391666666666666
2026-08-20 18:00:00,temp_ch2.temperature,℃,12.075000000000001
2026-08-20 18:00:00,temp_ch1.temperature,℃,12.708333333333334
2026-08-20 18:00:00,soil_ch2.soilmoisture,%,47.0
2026-08-20 18:00:00,soil_ch2.ad,,233.0
2026-08-20 18:00:00,soil_ch1.soilmoisture,%,59.0
2026-08-20 18:00:00,soil_ch1.ad,,272.4166666666667
2026-08-20 18:00:00,pressure.relative,inHg,28.136666666666667
2026-08-20 18:00:00,pressure.absolute,inHg,28.136666666666667
2026-08-20 18:00:00,indoor.temperature,℃,17.733333333333334
2026-08-20 18:00:00,indoor.humidity,%,59.0
2026-08-20 18:00:00,indoor.feels_like,℃,17.733333333333334
2026-08-20 18:00:00,indoor.dew_point,℃,9.633333333333333
2026-08-20 18:00:00,indoor.app_tempin,℃,17.658333333333335
2026-08-20 19:00:00,temp_ch1.temperature,℃,12.850000000000001
2026-08-20 19:00:00,soil_ch2.soilmoisture,%,47.0
2026-08-20 19:00:00,soil_ch2.ad,,233.0
2026-08-20 19:00:00,soil_ch1.soilmoisture,%,59.0
2026-08-20 19:00:00,soil_ch1.ad,,272.0
2026-08-20 19:00:00,pressure.relative,inHg,28.14
2026-08-20 19:00:00,temp_ch2.temperature,℃,12.033333333333333
2026-08-20 19:00:00,indoor.temperature,℃,17.875
2026-08-20 19:00:00,indoor.humidity,%,59.666666666666664
2026-08-20 19:00:00,indoor.feels_like,℃,17.85833333333333
2026-08-20 19:00:00,indoor.dew_point,℃,9.958333333333334
2026-08-20 19:00:00,indoor.app_tempin,℃,17.875
2026-08-20 19:00:00,pressure.absolute,inHg,28.14
2026-08-20 20:00:00,temp_ch2.temperature,℃,12.033333333333333
2026-08-20 20:00:00,temp_ch1.temperature,℃,12.975
2026-08-20 20:00:00,soil_ch2.soilmoisture,%,47.0
2026-08-20 20:00:00,soil_ch2.ad,,232.16666666666666
2026-08-20 20:00:00,soil_ch1.soilmoisture,%,59.0
2026-08-20 20:00:00,soil_ch1.ad,,272.0
2026-08-20 20:00:00,pressure.relative,inHg,28.136666666666667
2026-08-20 20:00:00,pressure.absolute,inHg,28.136666666666667
2026-08-20 20:00:00,indoor.temperature,℃,17.9
2026-08-20 20:00:00,indoor.humidity,%,59.666666666666664
2026-08-20 20:00:00,indoor.feels_like,℃,17.9
2026-08-20 20:00:00,indoor.dew_point,℃,10.008333333333333
2026-08-20 20:00:00,indoor.app_tempin,℃,17.9
2026-08-20 21:00:00,temp_ch1.temperature,℃,13.049999999999999
2026-08-20 21:00:00,soil_ch2.soilmoisture,%,47.0
2026-08-20 21:00:00,soil_ch2.ad,,232.0
2026-08-20 21:00:00,soil_ch1.soilmoisture,%,59.0
2026-08-20 21:00:00,soil_ch1.ad,,272.0
2026-08-20 21:00:00,pressure.relative,inHg,28.140833333333333
2026-08-20 21:00:00,temp_ch2.temperature,℃,12.075000000000001
2026-08-20 21:00:00,indoor.temperature,℃,17.933333333333334
2026-08-20 21:00:00,indoor.humidity,%,57.666666666666664
2026-08-20 21:00:00,indoor.feels_like,℃,17.933333333333334
2026-08-20 21:00:00,indoor.dew_point,℃,9.5
2026-08-20 21:00:00,indoor.app_tempin,℃,17.85833333333333
2026-08-20 21:00:00,pressure.absolute,inHg,28.140833333333333
2026-08-20 22:00:00,temp_ch1.temperature,℃,13.108333333333333
2026-08-20 22:00:00,soil_ch2.soilmoisture,%,46.25
2026-08-20 22:00:00,soil_ch2.ad,,231.25
2026-08-20 22:00:00,soil_ch1.soilmoisture,%,59.0
2026-08-20 22:00:00,soil_ch1.ad,,272.0
2026-08-20 22:00:00,pressure.relative,inHg,28.156666666666666
2026-08-20 22:00:00,temp_ch2.temperature,℃,12.1
2026-08-20 22:00:00,indoor.temperature,℃,17.9
2026-08-20 22:00:00,indoor.humidity,%,55.333333333333336
2026-08-20 22:00:00,indoor.feels_like,℃,17.9
2026-08-20 22:00:00,indoor.dew_point,℃,8.799999999999999
2026-08-20 22:00:00,indoor.app_tempin,℃,17.650000000000002
2026-08-20 22:00:00,pressure.absolute,inHg,28.156666666666666
2026-08-20 23:00:00,temp_ch2.temperature,℃,12.1
2026-08-20 23:00:00,temp_ch1.temperature,℃,13.191666666666665
2026-08-20 23:00:00,soil_ch2.soilmoisture,%,46.0
2026-08-20 23:00:00,soil_ch2.ad,,231.0
2026-08-20 23:00:00,soil_ch1.soilmoisture,%,59.0
2026-08-20 23:00:00,soil_ch1.ad,,272.0
2026-08-20 23:00:00,pressure.relative,inHg,28.176666666666666
2026-08-20 23:00:00,indoor.temperature,℃,17.8
2026-08-20 23:00:00,indoor.humidity,%,52.666666666666664
2026-08-20 23:00:00,indoor.feels_like,℃,17.8
2026-08-20 23:00:00,indoor.dew_point,℃,8.0
2026-08-20 23:00:00,indoor.app_tempin,℃,17.341666666666665
2026-08-20 23:00:00,pressure.absolute,inHg,28.176666666666666
2026-08-21 00:00:00,soil_ch1.soilmoisture,%,59.0
2026-08-21 00:00:00,temp_ch2.temperature,℃,12.116666666666667
2026-08-21 00:00:00,temp_ch1.temperature,℃,13.199999999999998
2026-08-21 00:00:00,soil_ch2.soilmoisture,%,46.0
2026-08-21 00:00:00,soil_ch2.ad,,231.0
2026-08-21 00:00:00,soil_ch1.ad,,271.5833333333333
2026-08-21 00:00:00,pressure.relative,inHg,28.184166666666666
2026-08-21 00:00:00,pressure.absolute,inHg,28.184166666666666
2026-08-21 00:00:00,indoor.temperature,℃,17.608333333333334
2026-08-21 00:00:00,indoor.humidity,%,52.416666666666664
2026-08-21 00:00:00,indoor.feels_like,℃,17.616666666666667
2026-08-21 00:00:00,indoor.dew_point,℃,7.733333333333333
2026-08-21 00:00:00,indoor.app_tempin,℃,17.09166666666667
2026-08-21 01:00:00,temp_ch2.temperature,℃,12.199999999999998
2026-08-21 01:00:00,temp_ch1.temperature,℃,13.199999999999998
2026-08-21 01:00:00,soil_ch2.soilmoisture,%,46.0
2026-08-21 01:00:00,soil_ch2.ad,,231.0
2026-08-21 01:00:00,soil_ch1.soilmoisture,%,59.0
2026-08-21 01:00:00,soil_ch1.ad,,271.1666666666667
2026-08-21 01:00:00,pressure.relative,inHg,28.1875
2026-08-21 01:00:00,pressure.absolute,inHg,28.1875
2026-08-21 01:00:00,indoor.temperature,℃,17.349999999999998
2026-08-21 01:00:00,indoor.humidity,%,53.333333333333336
2026-08-21 01:00:00,indoor.feels_like,℃,17.333333333333332
2026-08-21 01:00:00,indoor.dew_point,℃,7.741666666666667
2026-08-21 01:00:00,indoor.app_tempin,℃,16.825
2026-08-21 02:00:00,temp_ch2.temperature,℃,12.208333333333334
2026-08-21 02:00:00,temp_ch1.temperature,℃,13.199999999999998
2026-08-21 02:00:00,soil_ch2.soilmoisture,%,46.0
2026-08-21 02:00:00,soil_ch2.ad,,231.0
2026-08-21 02:00:00,soil_ch1.soilmoisture,%,59.0
2026-08-21 02:00:00,soil_ch1.ad,,271.0
2026-08-21 02:00:00,pressure.relative,inHg,28.176666666666666
2026-08-21 02:00:00,pressure.absolute,inHg,28.176666666666666
2026-08-21 02:00:00,indoor.temperature,℃,17.175
2026-08-21 02:00:00,indoor.humidity,%,54.583333333333336
2026-08-21 02:00:00,indoor.feels_like,℃,17.191666666666666
2026-08-21 02:00:00,indoor.dew_point,℃,7.941666666666666
2026-08-21 02:00:00,indoor.app_tempin,℃,16.691666666666666
2026-08-21 03:00:00,temp_ch2.temperature,℃,12.258333333333333
2026-08-21 03:00:00,temp_ch1.temperature,℃,13.183333333333332
2026-08-21 03:00:00,soil_ch2.soilmoisture,%,46.0
2026-08-21 03:00:00,soil_ch2.ad,,230.66666666666666
2026-08-21 03:00:00,soil_ch1.soilmoisture,%,59.0
2026-08-21 03:00:00,soil_ch1.ad,,271.0
2026-08-21 03:00:00,pressure.relative,inHg,28.176666666666666
2026-08-21 03:00:00,pressure.absolute,inHg,28.176666666666666
2026-08-21 03:00:00,indoor.temperature,℃,16.858333333333334
2026-08-21 03:00:00,indoor.humidity,%,55.0
2026-08-21 03:00:00,indoor.feels_like,℃,16.849999999999998
2026-08-21 03:00:00,indoor.dew_point,℃,7.766666666666667
2026-08-21 03:00:00,indoor.app_tempin,℃,16.349999999999998
2026-08-21 04:00:00,temp_ch1.temperature,℃,13.108333333333333
2026-08-21 04:00:00,soil_ch2.soilmoisture,%,46.0
2026-08-21 04:00:00,soil_ch2.ad,,230.16666666666666
2026-08-21 04:00:00,soil_ch1.soilmoisture,%,59.0
2026-08-21 04:00:00,soil_ch1.ad,,271.0
2026-08-21 04:00:00,pressure.relative,inHg,28.165000000000003
2026-08-21 04:00:00,temp_ch2.temperature,℃,12.216666666666667
2026-08-21 04:00:00,indoor.temperature,℃,16.716666666666665
2026-08-21 04:00:00,indoor.humidity,%,55.25
2026-08-21 04:00:00,indoor.feels_like,℃,16.708333333333332
2026-08-21 04:00:00,indoor.dew_point,℃,7.708333333333333
2026-08-21 04:00:00,indoor.app_tempin,℃,16.166666666666668
2026-08-21 04:00:00,pressure.absolute,inHg,28.165000000000003
2026-08-21 05:00:00,temp_ch2.temperature,℃,12.233333333333334
2026-08-21 05:00:00,temp_ch1.temperature,℃,13.066666666666668
2026-08-21 05:00:00,soil_ch2.soilmoisture,%,46.0
2026-08-21 05:00:00,soil_ch2.ad,,230.25
2026-08-21 05:00:00,soil_ch1.soilmoisture,%,59.0
2026-08-21 05:00:00,soil_ch1.ad,,271.0
2026-08-21 05:00:00,pressure.relative,inHg,28.16416666666667
2026-08-21 05:00:00,pressure.absolute,inHg,28.16416666666667
2026-08-21 05:00:00,indoor.temperature,℃,16.483333333333334
2026-08-21 05:00:00,indoor.humidity,%,55.0
2026-08-21 05:00:00,indoor.feels_like,℃,16.483333333333334
2026-08-21 05:00:00,indoor.dew_point,℃,7.433333333333334
2026-08-21 05:00:00,indoor.app_tempin,℃,15.883333333333333
2026-08-21 06:00:00,temp_ch1.temperature,℃,13.0
2026-08-21 06:00:00,soil_ch2.soilmoisture,%,46.0
2026-08-21 06:00:00,soil_ch2.ad,,230.16666666666666
2026-08-21 06:00:00,soil_ch1.soilmoisture,%,59.0
2026-08-21 06:00:00,soil_ch1.ad,,271.0
2026-08-21 06:00:00,pressure.relative,inHg,28.1575
2026-08-21 06:00:00,temp_ch2.temperature,℃,12.241666666666667
2026-08-21 06:00:00,indoor.temperature,℃,16.333333333333332
2026-08-21 06:00:00,indoor.humidity,%,55.0
2026-08-21 06:00:00,indoor.feels_like,℃,16.316666666666666
2026-08-21 06:00:00,indoor.dew_point,℃,7.291666666666667
2026-08-21 06:00:00,indoor.app_tempin,℃,15.716666666666667
2026-08-21 06:00:00,pressure.absolute,inHg,28.1575
2026-08-21 07:00:00,temp_ch1.temperature,℃,13.0
2026-08-21 07:00:00,soil_ch2.soilmoisture,%,46.0
2026-08-21 07:00:00,soil_ch2.ad,,230.16666666666666
2026-08-21 07:00:00,soil_ch1.soilmoisture,%,59.0
2026-08-21 07:00:00,soil_ch1.ad,,271.0
2026-08-21 07:00:00,pressure.relative,inHg,28.145
2026-08-21 07:00:00,temp_ch2.temperature,℃,12.300000000000002
2026-08-21 07:00:00,indoor.temperature,℃,16.09166666666667
2026-08-21 07:00:00,indoor.humidity,%,55.0
2026-08-21 07:00:00,indoor.feels_like,℃,16.108333333333334
2026-08-21 07:00:00,indoor.dew_point,℃,7.083333333333333
2026-08-21 07:00:00,indoor.app_tempin,℃,15.433333333333332
2026-08-21 07:00:00,pressure.absolute,inHg,28.145
2026-08-21 08:00:00,temp_ch2.temperature,℃,12.291666666666666
2026-08-21 08:00:00,temp_ch1.temperature,℃,12.916666666666666
2026-08-21 08:00:00,soil_ch2.soilmoisture,%,46.0
2026-08-21 08:00:00,soil_ch2.ad,,229.66666666666666
2026-08-21 08:00:00,soil_ch1.soilmoisture,%,59.0
2026-08-21 08:00:00,soil_ch1.ad,,271.0
2026-08-21 08:00:00,pressure.relative,inHg,28.150833333333335
2026-08-21 08:00:00,indoor.temperature,℃,15.866666666666667
2026-08-21 08:00:00,indoor.humidity,%,55.0
2026-08-21 08:00:00,indoor.feels_like,℃,15.858333333333334
2026-08-21 08:00:00,indoor.dew_point,℃,6.841666666666666
2026-08-21 08:00:00,indoor.app_tempin,℃,15.15
2026-08-21 08:00:00,pressure.absolute,inHg,28.150833333333335
2026-08-21 09:00:00,soil_ch1.ad,,271.0
2026-08-21 09:00:00,temp_ch1.temperature,℃,12.883333333333333
2026-08-21 09:00:00,soil_ch2.soilmoisture,%,46.0
2026-08-21 09:00:00,soil_ch2.ad,,230.08333333333334
2026-08-21 09:00:00,soil_ch1.soilmoisture,%,59.0
2026-08-21 09:00:00,pressure.relative,inHg,28.14833333333333
2026-08-21 09:00:00,temp_ch2.temperature,℃,12.275
2026-08-21 09:00:00,indoor.temperature,℃,15.649999999999999
2026-08-21 09:00:00,indoor.humidity,%,54.833333333333336
2026-08-21 09:00:00,indoor.feels_like,℃,15.658333333333333
2026-08-21 09:00:00,indoor.dew_point,℃,6.583333333333333
2026-08-21 09:00:00,indoor.app_tempin,℃,14.841666666666667
2026-08-21 09:00:00,pressure.absolute,inHg,28.14833333333333
2026-08-21 10:00:00,temp_ch2.temperature,℃,12.266666666666666
2026-08-21 10:00:00,temp_ch1.temperature,℃,12.800000000000002
2026-08-21 10:00:00,soil_ch2.soilmoisture,%,46.0
2026-08-21 10:00:00,soil_ch2.ad,,229.83333333333334
2026-08-21 10:00:00,soil_ch1.soilmoisture,%,59.0
2026-08-21 10:00:00,soil_ch1.ad,,271.0
2026-08-21 10:00:00,pressure.relative,inHg,28.1425
2026-08-21 10:00:00,pressure.absolute,inHg,28.1425
2026-08-21 10:00:00,indoor.temperature,℃,15.433333333333332
2026-08-21 10:00:00,indoor.humidity,%,54.083333333333336
2026-08-21 10:00:00,indoor.feels_like,℃,15.433333333333332
2026-08-21 10:00:00,indoor.dew_point,℃,6.216666666666666
2026-08-21 10:00:00,indoor.app_tempin,℃,14.549999999999999
2026-08-21 11:00:00,temp_ch2.temperature,℃,12.225
2026-08-21 11:00:00,temp_ch1.temperature,℃,12.708333333333334
2026-08-21 11:00:00,soil_ch2.soilmoisture,%,46.0
2026-08-21 11:00:00,soil_ch2.ad,,229.75
2026-08-21 11:00:00,soil_ch1.soilmoisture,%,59.0
2026-08-21 11:00:00,soil_ch1.ad,,271.0
2026-08-21 11:00:00,pressure.relative,inHg,28.1525
2026-08-21 11:00:00,pressure.absolute,inHg,28.1525
2026-08-21 11:00:00,indoor.temperature,℃,15.216666666666667
2026-08-21 11:00:00,indoor.humidity,%,53.833333333333336
2026-08-21 11:00:00,indoor.feels_like,℃,15.216666666666667
2026-08-21 11:00:00,indoor.dew_point,℃,5.8999999999999995
2026-08-21 11:00:00,indoor.app_tempin,℃,14.291666666666666
2026-08-21 12:00:00,temp_ch2.temperature,℃,12.275
2026-08-21 12:00:00,temp_ch1.temperature,℃,12.641666666666666
2026-08-21 12:00:00,soil_ch2.soilmoisture,%,46.0
2026-08-21 12:00:00,soil_ch2.ad,,229.66666666666666
2026-08-21 12:00:00,soil_ch1.soilmoisture,%,59.0
2026-08-21 12:00:00,soil_ch1.ad,,271.0
2026-08-21 12:00:00,pressure.relative,inHg,28.145
2026-08-21 12:00:00,pressure.absolute,inHg,28.145
2026-08-21 12:00:00,indoor.temperature,℃,15.85
2026-08-21 12:00:00,indoor.humidity,%,52.416666666666664
2026-08-21 12:00:00,indoor.feels_like,℃,15.841666666666667
2026-08-21 12:00:00,indoor.dew_point,℃,6.108333333333333
2026-08-21 12:00:00,indoor.app_tempin,℃,14.950000000000001
2026-08-21 13:00:00,temp_ch1.temperature,℃,12.591666666666667
2026-08-21 13:00:00,soil_ch2.soilmoisture,%,46.0
2026-08-21 13:00:00,soil_ch2.ad,,229.66666666666666
2026-08-21 13:00:00,soil_ch1.soilmoisture,%,58.416666666666664
2026-08-21 13:00:00,soil_ch1.ad,,270.4166666666667
2026-08-21 13:00:00,pressure.relative,inHg,28.139166666666668
2026-08-21 13:00:00,temp_ch2.temperature,℃,12.25
2026-08-21 13:00:00,indoor.temperature,℃,16.916666666666668
2026-08-21 13:00:00,indoor.humidity,%,51.25
2026-08-21 13:00:00,indoor.feels_like,℃,16.916666666666668
2026-08-21 13:00:00,indoor.dew_point,℃,6.7749999999999995
2026-08-21 13:00:00,indoor.app_tempin,℃,16.158333333333335
2026-08-21 13:00:00,pressure.absolute,inHg,28.139166666666668
2026-08-21 14:00:00,temp_ch2.temperature,℃,12.216666666666667
2026-08-21 14:00:00,temp_ch1.temperature,℃,12.566666666666668
2026-08-21 14:00:00,soil_ch2.soilmoisture,%,46.0
2026-08-21 14:00:00,soil_ch2.ad,,229.0
2026-08-21 14:00:00,soil_ch1.soilmoisture,%,58.0
2026-08-21 14:00:00,soil_ch1.ad,,270.0
2026-08-21 14:00:00,pressure.relative,inHg,28.135
2026-08-21 14:00:00,pressure.absolute,inHg,28.135
2026-08-21 14:00:00,indoor.temperature,℃,17.425
2026-08-21 14:00:00,indoor.humidity,%,51.0
2026-08-21 14:00:00,indoor.feels_like,℃,17.408333333333335
2026-08-21 14:00:00,indoor.dew_point,℃,7.208333333333333
2026-08-21 14:00:00,indoor.app_tempin,℃,16.758333333333333
2026-08-21 15:00:00,temp_ch1.temperature,℃,12.6
2026-08-21 15:00:00,soil_ch2.soilmoisture,%,46.0
2026-08-21 15:00:00,soil_ch2.ad,,229.0
2026-08-21 15:00:00,soil_ch1.soilmoisture,%,58.0
2026-08-21 15:00:00,soil_ch1.ad,,270.0
2026-08-21 15:00:00,pressure.relative,inHg,28.118333333333336
2026-08-21 15:00:00,temp_ch2.temperature,℃,12.199999999999998
2026-08-21 15:00:00,indoor.temperature,℃,17.8
2026-08-21 15:00:00,indoor.humidity,%,51.916666666666664
2026-08-21 15:00:00,indoor.feels_like,℃,17.8
2026-08-21 15:00:00,indoor.dew_point,℃,7.783333333333334
2026-08-21 15:00:00,indoor.app_tempin,℃,17.283333333333335
2026-08-21 15:00:00,pressure.absolute,inHg,28.118333333333336
2026-08-21 16:00:00,temp_ch1.temperature,℃,12.625
2026-08-21 16:00:00,soil_ch2.soilmoisture,%,46.0
2026-08-21 16:00:00,soil_ch2.ad,,229.0
2026-08-21 16:00:00,soil_ch1.soilmoisture,%,58.0
2026-08-21 16:00:00,soil_ch1.ad,,270.0
2026-08-21 16:00:00,pressure.relative,inHg,28.098333333333333
2026-08-21 16:00:00,temp_ch2.temperature,℃,12.166666666666666
2026-08-21 16:00:00,indoor.temperature,℃,17.941666666666666
2026-08-21 16:00:00,indoor.humidity,%,52.0
2026-08-21 16:00:00,indoor.feels_like,℃,17.941666666666666
2026-08-21 16:00:00,indoor.dew_point,℃,7.941666666666666
2026-08-21 16:00:00,indoor.app_tempin,℃,17.5
2026-08-21 16:00:00,pressure.absolute,inHg,28.098333333333333
2026-08-21 17:00:00,temp_ch2.temperature,℃,12.199999999999998
2026-08-21 17:00:00,temp_ch1.temperature,℃,12.733333333333334
2026-08-21 17:00:00,soil_ch2.soilmoisture,%,46.0
2026-08-21 17:00:00,soil_ch2.ad,,229.0
2026-08-21 17:00:00,soil_ch1.soilmoisture,%,58.0
2026-08-21 17:00:00,soil_ch1.ad,,269.8333333333333
2026-08-21 17:00:00,pressure.relative,inHg,28.078333333333333
2026-08-21 17:00:00,indoor.temperature,℃,18.1
2026-08-21 17:00:00,indoor.humidity,%,52.25
2026-08-21 17:00:00,indoor.feels_like,℃,18.1
2026-08-21 17:00:00,indoor.dew_point,℃,8.166666666666666
2026-08-21 17:00:00,indoor.app_tempin,℃,17.691666666666666
2026-08-21 17:00:00,pressure.absolute,inHg,28.078333333333333
2026-08-21 18:00:00,soil_ch1.ad,,269.0
2026-08-21 18:00:00,temp_ch1.temperature,℃,12.850000000000001
2026-08-21 18:00:00,soil_ch2.soilmoisture,%,45.916666666666664
2026-08-21 18:00:00,soil_ch2.ad,,228.91666666666666
2026-08-21 18:00:00,soil_ch1.soilmoisture,%,58.0
2026-08-21 18:00:00,pressure.relative,inHg,28.0675
2026-08-21 18:00:00,temp_ch2.temperature,℃,12.183333333333332
2026-08-21 18:00:00,indoor.temperature,℃,18.383333333333333
2026-08-21 18:00:00,indoor.app_tempin,℃,18.099999999999998
2026-08-21 18:00:00,indoor.dew_point,℃,8.766666666666667
2026-08-21 18:00:00,pressure.absolute,inHg,28.0675
2026-08-21 18:00:00,indoor.humidity,%,53.5
2026-08-21 18:00:00,indoor.feels_like,℃,18.383333333333333
2026-08-21 19:00:00,temp_ch2.temperature,℃,12.149999999999999
2026-08-21 19:00:00,temp_ch1.temperature,℃,13.0
2026-08-21 19:00:00,soil_ch2.soilmoisture,%,45.0
2026-08-21 19:00:00,soil_ch2.ad,,228.0
2026-08-21 19:00:00,soil_ch1.ad,,269.0
2026-08-21 19:00:00,pressure.relative,inHg,28.0575
2026-08-21 19:00:00,soil_ch1.soilmoisture,%,58.0
2026-08-21 19:00:00,indoor.temperature,℃,18.683333333333334
2026-08-21 19:00:00,indoor.humidity,%,53.666666666666664
2026-08-21 19:00:00,indoor.feels_like,℃,18.691666666666666
2026-08-21 19:00:00,indoor.dew_point,℃,9.125
2026-08-21 19:00:00,indoor.app_tempin,℃,18.5
2026-08-21 19:00:00,pressure.absolute,inHg,28.0575
2026-08-21 20:00:00,soil_ch1.ad,,269.0
2026-08-21 20:00:00,temp_ch1.temperature,℃,13.133333333333333
2026-08-21 20:00:00,soil_ch2.soilmoisture,%,45.0
2026-08-21 20:00:00,soil_ch2.ad,,228.0
2026-08-21 20:00:00,soil_ch1.soilmoisture,%,58.0
2026-08-21 20:00:00,pressure.relative,inHg,28.06
2026-08-21 20:00:00,temp_ch2.temperature,℃,12.158333333333333
2026-08-21 20:00:00,indoor.temperature,℃,18.808333333333334
2026-08-21 20:00:00,indoor.humidity,%,53.0
2026-08-21 20:00:00,indoor.feels_like,℃,18.8
2026-08-21 20:00:00,indoor.dew_point,℃,9.016666666666667
2026-08-21 20:00:00,indoor.app_tempin,℃,18.625
2026-08-21 20:00:00,pressure.absolute,inHg,28.06
2026-08-21 21:00:00,temp_ch1.temperature,℃,13.275
2026-08-21 21:00:00,soil_ch2.soilmoisture,%,45.0
2026-08-21 21:00:00,soil_ch2.ad,,227.08333333333334
2026-08-21 21:00:00,soil_ch1.soilmoisture,%,58.0
2026-08-21 21:00:00,soil_ch1.ad,,269.0
2026-08-21 21:00:00,pressure.relative,inHg,28.061666666666667
2026-08-21 21:00:00,temp_ch2.temperature,℃,12.199999999999998
2026-08-21 21:00:00,indoor.temperature,℃,18.9
2026-08-21 21:00:00,pressure.absolute,inHg,28.061666666666667
2026-08-21 21:00:00,indoor.app_tempin,℃,18.608333333333334
2026-08-21 21:00:00,indoor.dew_point,℃,8.75
2026-08-21 21:00:00,indoor.feels_like,℃,18.9
2026-08-21 21:00:00,indoor.humidity,%,51.75
2026-08-21 22:00:00,temp_ch2.temperature,℃,12.208333333333334
2026-08-21 22:00:00,temp_ch1.temperature,℃,13.383333333333333
2026-08-21 22:00:00,soil_ch2.soilmoisture,%,45.0
2026-08-21 22:00:00,soil_ch2.ad,,227.0
2026-08-21 22:00:00,soil_ch1.ad,,269.0
2026-08-21 22:00:00,soil_ch1.soilmoisture,%,58.0
2026-08-21 22:00:00,indoor.temperature,℃,18.941666666666666
2026-08-21 22:00:00,indoor.humidity,%,50.833333333333336
2026-08-21 22:00:00,indoor.feels_like,℃,18.941666666666666
2026-08-21 22:00:00,indoor.dew_point,℃,8.583333333333334
2026-08-21 22:00:00,indoor.app_tempin,℃,18.625
2026-08-21 22:00:00,pressure.absolute,inHg,28.069999999999997
2026-08-21 22:00:00,pressure.relative,inHg,28.069999999999997
2026-08-21 23:00:00,temp_ch2.temperature,℃,12.225
2026-08-21 23:00:00,soil_ch1.ad,,268.4166666666667
2026-08-21 23:00:00,temp_ch1.temperature,℃,13.491666666666667
2026-08-21 23:00:00,soil_ch2.soilmoisture,%,45.0
2026-08-21 23:00:00,soil_ch2.ad,,227.0
2026-08-21 23:00:00,soil_ch1.soilmoisture,%,58.0
2026-08-21 23:00:00,pressure.relative,inHg,28.079166666666666
2026-08-21 23:00:00,indoor.temperature,℃,18.825
2026-08-21 23:00:00,indoor.humidity,%,49.333333333333336
2026-08-21 23:00:00,indoor.feels_like,℃,18.808333333333334
2026-08-21 23:00:00,indoor.dew_point,℃,8.008333333333333
2026-08-21 23:00:00,indoor.app_tempin,℃,18.349999999999998
2026-08-21 23:00:00,pressure.absolute,inHg,28.079166666666666
2026-08-22 00:00:00,temp_ch2.temperature,℃,12.300000000000002
2026-08-22 00:00:00,temp_ch1.temperature,℃,13.525
2026-08-22 00:00:00,soil_ch2.soilmoisture,%,45.0
2026-08-22 00:00:00,soil_ch2.ad,,226.41666666666666
2026-08-22 00:00:00,soil_ch1.soilmoisture,%,58.0
2026-08-22 00:00:00,soil_ch1.ad,,268.0
2026-08-22 00:00:00,pressure.relative,inHg,28.08083333333333
2026-08-22 00:00:00,pressure.absolute,inHg,28.08083333333333
2026-08-22 00:00:00,indoor.temperature,℃,18.666666666666668
2026-08-22 00:00:00,indoor.humidity,%,48.0
2026-08-22 00:00:00,indoor.feels_like,℃,18.675
2026-08-22 00:00:00,indoor.dew_point,℃,7.466666666666666
2026-08-22 00:00:00,indoor.app_tempin,℃,18.066666666666666
2026-08-22 01:00:00,temp_ch1.temperature,℃,13.508333333333333
2026-08-22 01:00:00,soil_ch2.soilmoisture,%,45.0
2026-08-22 01:00:00,soil_ch2.ad,,226.0
2026-08-22 01:00:00,soil_ch1.soilmoisture,%,58.0
2026-08-22 01:00:00,soil_ch1.ad,,268.0
2026-08-22 01:00:00,pressure.relative,inHg,28.08
2026-08-22 01:00:00,temp_ch2.temperature,℃,12.316666666666668
2026-08-22 01:00:00,indoor.temperature,℃,18.516666666666666
2026-08-22 01:00:00,indoor.humidity,%,49.0
2026-08-22 01:00:00,indoor.feels_like,℃,18.516666666666666
2026-08-22 01:00:00,indoor.dew_point,℃,7.608333333333333
2026-08-22 01:00:00,indoor.app_tempin,℃,17.95
2026-08-22 01:00:00,pressure.absolute,inHg,28.08
2026-08-22 02:00:00,temp_ch1.temperature,℃,13.5
2026-08-22 02:00:00,soil_ch2.soilmoisture,%,45.0
2026-08-22 02:00:00,soil_ch2.ad,,226.0
2026-08-22 02:00:00,soil_ch1.soilmoisture,%,58.0
2026-08-22 02:00:00,soil_ch1.ad,,268.4166666666667
2026-08-22 02:00:00,pressure.relative,inHg,28.088333333333335
2026-08-22 02:00:00,temp_ch2.temperature,℃,12.308333333333335
2026-08-22 02:00:00,indoor.temperature,℃,18.266666666666666
2026-08-22 02:00:00,indoor.humidity,%,49.0
2026-08-22 02:00:00,indoor.feels_like,℃,18.266666666666666
2026-08-22 02:00:00,indoor.dew_point,℃,7.375
2026-08-22 02:00:00,indoor.app_tempin,℃,17.64166666666667
2026-08-22 02:00:00,pressure.absolute,inHg,28.088333333333335
2026-08-22 03:00:00,temp_ch2.temperature,℃,12.391666666666667
2026-08-22 03:00:00,temp_ch1.temperature,℃,13.5
2026-08-22 03:00:00,soil_ch2.soilmoisture,%,45.0
2026-08-22 03:00:00,soil_ch2.ad,,226.0
2026-08-22 03:00:00,soil_ch1.soilmoisture,%,58.0
2026-08-22 03:00:00,soil_ch1.ad,,268.0
2026-08-22 03:00:00,pressure.relative,inHg,28.08
2026-08-22 03:00:00,indoor.temperature,℃,18.025000000000002
2026-08-22 03:00:00,indoor.humidity,%,49.0
2026-08-22 03:00:00,indoor.feels_like,℃,18.025000000000002
2026-08-22 03:00:00,indoor.dew_point,℃,7.158333333333332
2026-08-22 03:00:00,indoor.app_tempin,℃,17.366666666666667
2026-08-22 03:00:00,pressure.absolute,inHg,28.08
2026-08-22 04:00:00,soil_ch1.ad,,268.1666666666667
2026-08-22 04:00:00,temp_ch1.temperature,℃,13.5
2026-08-22 04:00:00,soil_ch2.soilmoisture,%,45.0
2026-08-22 04:00:00,soil_ch2.ad,,226.0
2026-08-22 04:00:00,soil_ch1.soilmoisture,%,58.0
2026-08-22 04:00:00,pressure.relative,inHg,28.08
2026-08-22 04:00:00,temp_ch2.temperature,℃,12.4
2026-08-22 04:00:00,indoor.temperature,℃,17.791666666666668
2026-08-22 04:00:00,indoor.app_tempin,℃,17.083333333333332
2026-08-22 04:00:00,indoor.dew_point,℃,6.941666666666666
2026-08-22 04:00:00,pressure.absolute,inHg,28.08
2026-08-22 04:00:00,indoor.humidity,%,49.0
2026-08-22 04:00:00,indoor.feels_like,℃,17.783333333333335
2026-08-22 05:00:00,temp_ch2.temperature,℃,12.475
2026-08-22 05:00:00,temp_ch1.temperature,℃,13.4
2026-08-22 05:00:00,soil_ch2.soilmoisture,%,45.0
2026-08-22 05:00:00,soil_ch2.ad,,226.0
2026-08-22 05:00:00,soil_ch1.ad,,268.0
2026-08-22 05:00:00,pressure.relative,inHg,28.0675
2026-08-22 05:00:00,soil_ch1.soilmoisture,%,58.0
2026-08-22 05:00:00,indoor.temperature,℃,17.608333333333334
2026-08-22 05:00:00,indoor.humidity,%,49.0
2026-08-22 05:00:00,indoor.feels_like,℃,17.616666666666667
2026-08-22 05:00:00,indoor.dew_point,℃,6.7749999999999995
2026-08-22 05:00:00,indoor.app_tempin,℃,16.825
2026-08-22 05:00:00,pressure.absolute,inHg,28.0675
2026-08-22 06:00:00,soil_ch1.soilmoisture,%,58.0
2026-08-22 06:00:00,temp_ch2.temperature,℃,12.483333333333334
2026-08-22 06:00:00,temp_ch1.temperature,℃,13.4
2026-08-22 06:00:00,soil_ch2.soilmoisture,%,45.0
2026-08-22 06:00:00,soil_ch2.ad,,225.16666666666666
2026-08-22 06:00:00,soil_ch1.ad,,268.0
2026-08-22 06:00:00,indoor.dew_point,℃,6.466666666666666
2026-08-22 06:00:00,pressure.absolute,inHg,28.058333333333334
2026-08-22 06:00:00,indoor.temperature,℃,17.316666666666666
2026-08-22 06:00:00,indoor.humidity,%,48.916666666666664
2026-08-22 06:00:00,indoor.feels_like,℃,17.316666666666666
2026-08-22 06:00:00,indoor.app_tempin,℃,16.525000000000002
2026-08-22 06:00:00,pressure.relative,inHg,28.058333333333334
2026-08-22 07:00:00,soil_ch1.soilmoisture,%,58.0
2026-08-22 07:00:00,temp_ch2.temperature,℃,12.483333333333334
2026-08-22 07:00:00,temp_ch1.temperature,℃,13.358333333333334
2026-08-22 07:00:00,soil_ch2.soilmoisture,%,45.0
2026-08-22 07:00:00,soil_ch2.ad,,225.33333333333334
2026-08-22 07:00:00,soil_ch1.ad,,268.0
2026-08-22 07:00:00,indoor.dew_point,℃,6.033333333333334
2026-08-22 07:00:00,pressure.absolute,inHg,28.0475
2026-08-22 07:00:00,indoor.temperature,℃,17.125
2026-08-22 07:00:00,indoor.humidity,%,48.0
2026-08-22 07:00:00,indoor.feels_like,℃,17.133333333333333
2026-08-22 07:00:00,indoor.app_tempin,℃,16.216666666666665
2026-08-22 07:00:00,pressure.relative,inHg,28.0475
2026-08-22 08:00:00,temp_ch2.temperature,℃,12.475
2026-08-22 08:00:00,temp_ch1.temperature,℃,13.358333333333334
2026-08-22 08:00:00,soil_ch2.soilmoisture,%,45.0
2026-08-22 08:00:00,soil_ch2.ad,,225.5
2026-08-22 08:00:00,soil_ch1.soilmoisture,%,58.0
2026-08-22 08:00:00,soil_ch1.ad,,268.0
2026-08-22 08:00:00,pressure.relative,inHg,28.028333333333336
2026-08-22 08:00:00,indoor.temperature,℃,16.958333333333332
2026-08-22 08:00:00,indoor.humidity,%,48.0
2026-08-22 08:00:00,indoor.feels_like,℃,16.958333333333332
2026-08-22 08:00:00,indoor.dew_point,℃,5.866666666666667
2026-08-22 08:00:00,indoor.app_tempin,℃,16.0
2026-08-22 08:00:00,pressure.absolute,inHg,28.028333333333336
2026-08-22 09:00:00,soil_ch1.soilmoisture,%,58.0
2026-08-22 09:00:00,temp_ch2.temperature,℃,12.533333333333333
2026-08-22 09:00:00,temp_ch1.temperature,℃,13.275
2026-08-22 09:00:00,soil_ch2.soilmoisture,%,45.0
2026-08-22 09:00:00,soil_ch2.ad,,225.16666666666666
2026-08-22 09:00:00,soil_ch1.ad,,268.0
2026-08-22 09:00:00,indoor.dew_point,℃,5.7
2026-08-22 09:00:00,pressure.absolute,inHg,28.02416666666667
2026-08-22 09:00:00,indoor.app_tempin,℃,15.808333333333335
2026-08-22 09:00:00,indoor.feels_like,℃,16.791666666666668
2026-08-22 09:00:00,pressure.relative,inHg,28.02416666666667
2026-08-22 09:00:00,indoor.temperature,℃,16.791666666666668
2026-08-22 09:00:00,indoor.humidity,%,48.0
2026-08-22 10:00:00,soil_ch1.soilmoisture,%,57.916666666666664
2026-08-22 10:00:00,temp_ch2.temperature,℃,12.525
2026-08-22 10:00:00,temp_ch1.temperature,℃,13.208333333333334
2026-08-22 10:00:00,soil_ch2.soilmoisture,%,45.0
2026-08-22 10:00:00,soil_ch2.ad,,225.16666666666666
2026-08-22 10:00:00,soil_ch1.ad,,267.9166666666667
2026-08-22 10:00:00,pressure.relative,inHg,28.02
2026-08-22 10:00:00,pressure.absolute,inHg,28.02
2026-08-22 10:00:00,indoor.temperature,℃,16.666666666666668
2026-08-22 10:00:00,indoor.humidity,%,48.0
2026-08-22 10:00:00,indoor.feels_like,℃,16.666666666666668
2026-08-22 10:00:00,indoor.dew_point,℃,5.633333333333333
2026-08-22 10:00:00,indoor.app_tempin,℃,15.666666666666666
2026-08-22 11:00:00,temp_ch1.temperature,℃,13.116666666666667
2026-08-22 11:00:00,soil_ch2.soilmoisture,%,44.916666666666664
2026-08-22 11:00:00,soil_ch2.ad,,225.16666666666666
2026-08-22 11:00:00,soil_ch1.soilmoisture,%,57.25
2026-08-22 11:00:00,soil_ch1.ad,,267.25
2026-08-22 11:00:00,temp_ch2.temperature,℃,12.541666666666666
2026-08-22 11:00:00,pressure.relative,inHg,28.028333333333336
2026-08-22 11:00:00,indoor.temperature,℃,16.59166666666667
2026-08-22 11:00:00,indoor.humidity,%,48.0
2026-08-22 11:00:00,indoor.feels_like,℃,16.59166666666667
2026-08-22 11:00:00,indoor.dew_point,℃,5.558333333333334
2026-08-22 11:00:00,indoor.app_tempin,℃,15.583333333333334
2026-08-22 11:00:00,pressure.absolute,inHg,28.028333333333336
2026-08-22 12:00:00,temp_ch2.temperature,℃,12.516666666666666
2026-08-22 12:00:00,temp_ch1.temperature,℃,13.116666666666667
2026-08-22 12:00:00,soil_ch2.soilmoisture,%,44.916666666666664
2026-08-22 12:00:00,soil_ch2.ad,,224.91666666666666
2026-08-22 12:00:00,soil_ch1.soilmoisture,%,57.0
2026-08-22 12:00:00,soil_ch1.ad,,267.0
2026-08-22 12:00:00,pressure.relative,inHg,28.03333333333333
2026-08-22 12:00:00,indoor.temperature,℃,16.875
2026-08-22 12:00:00,indoor.humidity,%,47.583333333333336
2026-08-22 12:00:00,indoor.feels_like,℃,16.866666666666667
2026-08-22 12:00:00,indoor.dew_point,℃,5.7
2026-08-22 12:00:00,indoor.app_tempin,℃,15.891666666666666
2026-08-22 12:00:00,pressure.absolute,inHg,28.03333333333333
2026-08-22 13:00:00,soil_ch1.ad,,267.0
2026-08-22 13:00:00,temp_ch1.temperature,℃,13.083333333333334
2026-08-22 13:00:00,soil_ch2.soilmoisture,%,45.0
2026-08-22 13:00:00,soil_ch2.ad,,225.0
2026-08-22 13:00:00,soil_ch1.soilmoisture,%,57.0
2026-08-22 13:00:00,pressure.relative,inHg,28.0425
2026-08-22 13:00:00,temp_ch2.temperature,℃,12.516666666666666
2026-08-22 13:00:00,indoor.temperature,℃,17.825
2026-08-22 13:00:00,indoor.humidity,%,47.0
2026-08-22 13:00:00,indoor.feels_like,℃,17.825
2026-08-22 13:00:00,indoor.dew_point,℃,6.383333333333333
2026-08-22 13:00:00,indoor.app_tempin,℃,16.983333333333334
2026-08-22 13:00:00,pressure.absolute,inHg,28.0425
2026-08-22 14:00:00,temp_ch2.temperature,℃,12.525
2026-08-22 14:00:00,temp_ch1.temperature,℃,13.025
2026-08-22 14:00:00,soil_ch2.soilmoisture,%,44.833333333333336
2026-08-22 14:00:00,soil_ch2.ad,,224.83333333333334
2026-08-22 14:00:00,soil_ch1.soilmoisture,%,57.0
2026-08-22 14:00:00,soil_ch1.ad,,267.0
2026-08-22 14:00:00,indoor.dew_point,℃,6.733333333333333
2026-08-22 14:00:00,pressure.absolute,inHg,28.040000000000003
2026-08-22 14:00:00,indoor.temperature,℃,18.233333333333334
2026-08-22 14:00:00,indoor.humidity,%,47.0
2026-08-22 14:00:00,indoor.feels_like,℃,18.233333333333334
2026-08-22 14:00:00,pressure.relative,inHg,28.040000000000003
2026-08-22 14:00:00,indoor.app_tempin,℃,17.51666666666667
2026-08-22 15:00:00,temp_ch2.temperature,℃,12.5
2026-08-22 15:00:00,temp_ch1.temperature,℃,13.1
2026-08-22 15:00:00,soil_ch2.soilmoisture,%,44.0
2026-08-22 15:00:00,soil_ch2.ad,,224.0
2026-08-22 15:00:00,soil_ch1.soilmoisture,%,57.0
2026-08-22 15:00:00,soil_ch1.ad,,267.0
2026-08-22 15:00:00,pressure.relative,inHg,28.030833333333334
2026-08-22 15:00:00,pressure.absolute,inHg,28.030833333333334
2026-08-22 15:00:00,indoor.temperature,℃,18.358333333333334
2026-08-22 15:00:00,indoor.humidity,%,48.0
2026-08-22 15:00:00,indoor.feels_like,℃,18.358333333333334
2026-08-22 15:00:00,indoor.dew_point,℃,7.158333333333334
2026-08-22 15:00:00,indoor.app_tempin,℃,17.691666666666666
2026-08-22 16:00:00,temp_ch2.temperature,℃,12.5
2026-08-22 16:00:00,temp_ch1.temperature,℃,13.158333333333333
2026-08-22 16:00:00,soil_ch2.soilmoisture,%,44.0
2026-08-22 16:00:00,soil_ch2.ad,,224.0
2026-08-22 16:00:00,soil_ch1.soilmoisture,%,57.0
2026-08-22 16:00:00,soil_ch1.ad,,266.6666666666667
2026-08-22 16:00:00,pressure.absolute,inHg,28.011666666666667
2026-08-22 16:00:00,indoor.temperature,℃,18.59166666666667
2026-08-22 16:00:00,indoor.humidity,%,47.416666666666664
2026-08-22 16:00:00,indoor.feels_like,℃,18.59166666666667
2026-08-22 16:00:00,indoor.dew_point,℃,7.216666666666666
2026-08-22 16:00:00,indoor.app_tempin,℃,17.933333333333334
2026-08-22 16:00:00,pressure.relative,inHg,28.011666666666667
2026-08-22 17:00:00,pressure.absolute,inHg,27.988333333333333
2026-08-22 17:00:00,temp_ch1.temperature,℃,13.283333333333333
2026-08-22 17:00:00,soil_ch2.soilmoisture,%,44.0
2026-08-22 17:00:00,soil_ch2.ad,,224.0
2026-08-22 17:00:00,soil_ch1.soilmoisture,%,57.0
2026-08-22 17:00:00,soil_ch1.ad,,266.0
2026-08-22 17:00:00,indoor.humidity,%,48.083333333333336
2026-08-22 17:00:00,indoor.temperature,℃,18.816666666666666
2026-08-22 17:00:00,temp_ch2.temperature,℃,12.5
2026-08-22 17:00:00,indoor.feels_like,℃,18.816666666666666
2026-08-22 17:00:00,indoor.dew_point,℃,7.616666666666667
2026-08-22 17:00:00,indoor.app_tempin,℃,18.25
2026-08-22 17:00:00,pressure.relative,inHg,27.988333333333333
2026-08-22 18:00:00,soil_ch2.ad,,223.25
2026-08-22 18:00:00,soil_ch1.soilmoisture,%,57.0
2026-08-22 18:00:00,temp_ch1.temperature,℃,13.416666666666666
2026-08-22 18:00:00,soil_ch2.soilmoisture,%,44.0
2026-08-22 18:00:00,soil_ch1.ad,,266.0
2026-08-22 18:00:00,temp_ch2.temperature,℃,12.458333333333334
2026-08-22 18:00:00,pressure.relative,inHg,27.9725
2026-08-22 18:00:00,indoor.temperature,℃,19.1
2026-08-22 18:00:00,indoor.humidity,%,49.0
2026-08-22 18:00:00,indoor.feels_like,℃,19.108333333333334
2026-08-22 18:00:00,indoor.dew_point,℃,8.158333333333333
2026-08-22 18:00:00,indoor.app_tempin,℃,18.683333333333334
2026-08-22 18:00:00,pressure.absolute,inHg,27.9725
2026-08-22 19:00:00,temp_ch2.temperature,℃,12.5
2026-08-22 19:00:00,temp_ch1.temperature,℃,13.583333333333334
2026-08-22 19:00:00,soil_ch2.soilmoisture,%,44.0
2026-08-22 19:00:00,soil_ch2.ad,,223.0
2026-08-22 19:00:00,soil_ch1.soilmoisture,%,57.0
2026-08-22 19:00:00,soil_ch1.ad,,266.0
2026-08-22 19:00:00,pressure.absolute,inHg,27.9675
2026-08-22 19:00:00,indoor.temperature,℃,19.325
2026-08-22 19:00:00,indoor.humidity,%,49.0
2026-08-22 19:00:00,indoor.feels_like,℃,19.325
2026-08-22 19:00:00,indoor.dew_point,℃,8.341666666666667
2026-08-22 19:00:00,indoor.app_tempin,℃,18.958333333333332
2026-08-22 19:00:00,pressure.relative,inHg,27.9675
2026-08-22 20:00:00,soil_ch1.ad,,265.8333333333333
2026-08-22 20:00:00,temp_ch1.temperature,℃,13.75
2026-08-22 20:00:00,soil_ch2.soilmoisture,%,44.0
2026-08-22 20:00:00,soil_ch2.ad,,222.25
2026-08-22 20:00:00,soil_ch1.soilmoisture,%,57.0
2026-08-22 20:00:00,pressure.relative,inHg,27.974999999999998
2026-08-22 20:00:00,temp_ch2.temperature,℃,12.558333333333332
2026-08-22 20:00:00,indoor.temperature,℃,19.533333333333335
2026-08-22 20:00:00,indoor.humidity,%,48.75
2026-08-22 20:00:00,indoor.feels_like,℃,19.533333333333335
2026-08-22 20:00:00,indoor.dew_point,℃,8.458333333333334
2026-08-22 20:00:00,indoor.app_tempin,℃,19.191666666666666
2026-08-22 20:00:00,pressure.absolute,inHg,27.974999999999998
2026-08-22 21:00:00,temp_ch1.temperature,℃,13.9
2026-08-22 21:00:00,soil_ch2.soilmoisture,%,44.0
2026-08-22 21:00:00,soil_ch2.ad,,222.0
2026-08-22 21:00:00,soil_ch1.soilmoisture,%,57.0
2026-08-22 21:00:00,soil_ch1.ad,,265.0
2026-08-22 21:00:00,pressure.relative,inHg,27.985
2026-08-22 21:00:00,temp_ch2.temperature,℃,12.6
2026-08-22 21:00:00,indoor.temperature,℃,19.6
2026-08-22 21:00:00,indoor.humidity,%,47.166666666666664
2026-08-22 21:00:00,indoor.feels_like,℃,19.6
2026-08-22 21:00:00,indoor.dew_point,℃,8.058333333333334
2026-08-22 21:00:00,indoor.app_tempin,℃,19.125
2026-08-22 21:00:00,pressure.absolute,inHg,27.985
2026-08-22 22:00:00,temp_ch2.temperature,℃,12.566666666666668
2026-08-22 22:00:00,temp_ch1.temperature,℃,14.0
2026-08-22 22:00:00,soil_ch2.soilmoisture,%,44.0
2026-08-22 22:00:00,soil_ch2.ad,,221.58333333333334
2026-08-22 22:00:00,soil_ch1.soilmoisture,%,57.0
2026-08-22 22:00:00,soil_ch1.ad,,265.0
2026-08-22 22:00:00,pressure.relative,inHg,27.996666666666666
2026-08-22 22:00:00,indoor.temperature,℃,19.6
2026-08-22 22:00:00,indoor.humidity,%,46.333333333333336
2026-08-22 22:00:00,indoor.feels_like,℃,19.6
2026-08-22 22:00:00,indoor.dew_point,℃,7.808333333333334
2026-08-22 22:00:00,indoor.app_tempin,℃,19.1
2026-08-22 22:00:00,pressure.absolute,inHg,27.996666666666666
2026-08-22 23:00:00,temp_ch2.temperature,℃,12.608333333333333
2026-08-22 23:00:00,temp_ch1.temperature,℃,14.083333333333334
2026-08-22 23:00:00,soil_ch2.soilmoisture,%,44.0
2026-08-22 23:00:00,soil_ch2.ad,,221.0
2026-08-22 23:00:00,soil_ch1.soilmoisture,%,57.0
2026-08-22 23:00:00,soil_ch1.ad,,265.0
2026-08-22 23:00:00,pressure.relative,inHg,28.007500000000004
2026-08-22 23:00:00,indoor.temperature,℃,19.566666666666666
2026-08-22 23:00:00,indoor.humidity,%,45.75
2026-08-22 23:00:00,indoor.feels_like,℃,19.566666666666666
2026-08-22 23:00:00,indoor.dew_point,℃,7.566666666666666
2026-08-22 23:00:00,indoor.app_tempin,℃,18.991666666666667
2026-08-22 23:00:00,pressure.absolute,inHg,28.007500000000004
2026-08-23 00:00:00,temp_ch2.temperature,℃,12.674999999999999
2026-08-23 00:00:00,temp_ch1.temperature,℃,14.1
2026-08-23 00:00:00,soil_ch2.soilmoisture,%,44.0
2026-08-23 00:00:00,soil_ch2.ad,,221.0
2026-08-23 00:00:00,soil_ch1.soilmoisture,%,57.0
2026-08-23 00:00:00,soil_ch1.ad,,265.0
2026-08-23 00:00:00,pressure.relative,inHg,28.019166666666667
2026-08-23 00:00:00,pressure.absolute,inHg,28.019166666666667
2026-08-23 00:00:00,indoor.temperature,℃,19.483333333333334
2026-08-23 00:00:00,indoor.humidity,%,45.083333333333336
2026-08-23 00:00:00,indoor.feels_like,℃,19.483333333333334
2026-08-23 00:00:00,indoor.dew_point,℃,7.291666666666667
2026-08-23 00:00:00,indoor.app_tempin,℃,18.808333333333334
2026-08-23 01:00:00,temp_ch2.temperature,℃,12.699999999999998
2026-08-23 01:00:00,temp_ch1.temperature,℃,14.174999999999999
2026-08-23 01:00:00,soil_ch2.soilmoisture,%,44.0
2026-08-23 01:00:00,soil_ch2.ad,,221.0
2026-08-23 01:00:00,soil_ch1.soilmoisture,%,57.0
2026-08-23 01:00:00,soil_ch1.ad,,265.0
2026-08-23 01:00:00,pressure.relative,inHg,28.026666666666667
2026-08-23 01:00:00,pressure.absolute,inHg,28.026666666666667
2026-08-23 01:00:00,indoor.temperature,℃,19.4
2026-08-23 01:00:00,indoor.humidity,%,44.0
2026-08-23 01:00:00,indoor.feels_like,℃,19.4
2026-08-23 01:00:00,indoor.dew_point,℃,6.8
2026-08-23 01:00:00,indoor.app_tempin,℃,18.675
2026-08-23 02:00:00,temp_ch2.temperature,℃,12.75
2026-08-23 02:00:00,temp_ch1.temperature,℃,14.199999999999998
2026-08-23 02:00:00,soil_ch2.soilmoisture,%,43.666666666666664
2026-08-23 02:00:00,soil_ch2.ad,,220.66666666666666
2026-08-23 02:00:00,soil_ch1.soilmoisture,%,57.0
2026-08-23 02:00:00,soil_ch1.ad,,265.0
2026-08-23 02:00:00,pressure.relative,inHg,28.02
2026-08-23 02:00:00,pressure.absolute,inHg,28.02
2026-08-23 02:00:00,indoor.temperature,℃,19.291666666666668
2026-08-23 02:00:00,indoor.humidity,%,44.333333333333336
2026-08-23 02:00:00,indoor.feels_like,℃,19.283333333333335
2026-08-23 02:00:00,indoor.dew_point,℃,6.8500000000000005
2026-08-23 02:00:00,indoor.app_tempin,℃,18.566666666666666
2026-08-23 03:00:00,temp_ch1.temperature,℃,14.174999999999999
2026-08-23 03:00:00,soil_ch2.soilmoisture,%,43.0
2026-08-23 03:00:00,soil_ch2.ad,,220.0
2026-08-23 03:00:00,soil_ch1.soilmoisture,%,57.0
2026-08-23 03:00:00,soil_ch1.ad,,265.0
2026-08-23 03:00:00,pressure.relative,inHg,28.020833333333332
2026-08-23 03:00:00,temp_ch2.temperature,℃,12.816666666666668
2026-08-23 03:00:00,indoor.temperature,℃,19.141666666666666
2026-08-23 03:00:00,indoor.humidity,%,45.0
2026-08-23 03:00:00,indoor.feels_like,℃,19.141666666666666
2026-08-23 03:00:00,indoor.dew_point,℃,6.95
2026-08-23 03:00:00,indoor.app_tempin,℃,18.433333333333334
2026-08-23 03:00:00,pressure.absolute,inHg,28.020833333333332
2026-08-23 04:00:00,temp_ch2.temperature,℃,12.850000000000001
2026-08-23 04:00:00,temp_ch1.temperature,℃,14.108333333333333
2026-08-23 04:00:00,soil_ch2.soilmoisture,%,43.0
2026-08-23 04:00:00,soil_ch2.ad,,220.0
2026-08-23 04:00:00,soil_ch1.soilmoisture,%,57.0
2026-08-23 04:00:00,soil_ch1.ad,,265.0
2026-08-23 04:00:00,pressure.relative,inHg,28.021666666666665
2026-08-23 04:00:00,pressure.absolute,inHg,28.021666666666665
2026-08-23 04:00:00,indoor.temperature,℃,18.883333333333333
2026-08-23 04:00:00,indoor.humidity,%,45.166666666666664
2026-08-23 04:00:00,indoor.feels_like,℃,18.866666666666667
2026-08-23 04:00:00,indoor.dew_point,℃,6.741666666666667
2026-08-23 04:00:00,indoor.app_tempin,℃,18.108333333333334
2026-08-23 05:00:00,temp_ch1.temperature,℃,14.1
2026-08-23 05:00:00,soil_ch2.soilmoisture,%,43.083333333333336
2026-08-23 05:00:00,soil_ch2.ad,,220.0
2026-08-23 05:00:00,soil_ch1.soilmoisture,%,57.0
2026-08-23 05:00:00,soil_ch1.ad,,265.0
2026-08-23 05:00:00,pressure.relative,inHg,28.015833333333333
2026-08-23 05:00:00,temp_ch2.temperature,℃,12.841666666666667
2026-08-23 05:00:00,indoor.temperature,℃,18.599999999999998
2026-08-23 05:00:00,indoor.humidity,%,46.0
2026-08-23 05:00:00,indoor.feels_like,℃,18.599999999999998
2026-08-23 05:00:00,indoor.dew_point,℃,6.758333333333333
2026-08-23 05:00:00,indoor.app_tempin,℃,17.825
2026-08-23 05:00:00,pressure.absolute,inHg,28.015833333333333
2026-08-23 06:00:00,temp_ch1.temperature,℃,14.1
2026-08-23 06:00:00,soil_ch2.soilmoisture,%,43.166666666666664
2026-08-23 06:00:00,soil_ch2.ad,,220.08333333333334
2026-08-23 06:00:00,soil_ch1.soilmoisture,%,57.0
2026-08-23 06:00:00,soil_ch1.ad,,264.5
2026-08-23 06:00:00,pressure.relative,inHg,28.02
2026-08-23 06:00:00,temp_ch2.temperature,℃,12.9
2026-08-23 06:00:00,indoor.temperature,℃,18.341666666666665
2026-08-23 06:00:00,indoor.humidity,%,46.0
2026-08-23 06:00:00,indoor.feels_like,℃,18.333333333333332
2026-08-23 06:00:00,indoor.dew_point,℃,6.5249999999999995
2026-08-23 06:00:00,indoor.app_tempin,℃,17.55
2026-08-23 06:00:00,pressure.absolute,inHg,28.02
2026-08-23 07:00:00,temp_ch2.temperature,℃,12.916666666666666
2026-08-23 07:00:00,temp_ch1.temperature,℃,14.008333333333333
2026-08-23 07:00:00,soil_ch2.soilmoisture,%,43.083333333333336
2026-08-23 07:00:00,soil_ch2.ad,,219.83333333333334
2026-08-23 07:00:00,soil_ch1.soilmoisture,%,57.0
2026-08-23 07:00:00,soil_ch1.ad,,264.25
2026-08-23 07:00:00,pressure.relative,inHg,28.019166666666667
2026-08-23 07:00:00,indoor.temperature,℃,18.133333333333333
2026-08-23 07:00:00,indoor.humidity,%,46.0
2026-08-23 07:00:00,indoor.feels_like,℃,18.133333333333333
2026-08-23 07:00:00,indoor.dew_point,℃,6.341666666666668
2026-08-23 07:00:00,indoor.app_tempin,℃,17.3
2026-08-23 07:00:00,pressure.absolute,inHg,28.019166666666667
2026-08-23 08:00:00,soil_ch1.ad,,264.0
2026-08-23 08:00:00,temp_ch1.temperature,℃,13.975
2026-08-23 08:00:00,soil_ch2.soilmoisture,%,43.0
2026-08-23 08:00:00,soil_ch2.ad,,219.58333333333334
2026-08-23 08:00:00,soil_ch1.soilmoisture,%,57.0
2026-08-23 08:00:00,pressure.relative,inHg,28.014166666666668
2026-08-23 08:00:00,temp_ch2.temperature,℃,12.958333333333334
2026-08-23 08:00:00,indoor.temperature,℃,17.908333333333335
2026-08-23 08:00:00,indoor.app_tempin,℃,17.008333333333333
2026-08-23 08:00:00,indoor.dew_point,℃,6.125
2026-08-23 08:00:00,pressure.absolute,inHg,28.014166666666668
2026-08-23 08:00:00,indoor.humidity,%,46.0
2026-08-23 08:00:00,indoor.feels_like,℃,17.908333333333335
2026-08-23 09:00:00,temp_ch2.temperature,℃,12.983333333333334
2026-08-23 09:00:00,temp_ch1.temperature,℃,13.9
2026-08-23 09:00:00,soil_ch2.soilmoisture,%,43.0
2026-08-23 09:00:00,soil_ch2.ad,,219.41666666666666
2026-08-23 09:00:00,soil_ch1.ad,,264.0
2026-08-23 09:00:00,pressure.relative,inHg,28.019166666666667
2026-08-23 09:00:00,soil_ch1.soilmoisture,%,57.0
2026-08-23 09:00:00,indoor.temperature,℃,17.683333333333334
2026-08-23 09:00:00,indoor.humidity,%,46.166666666666664
2026-08-23 09:00:00,indoor.feels_like,℃,17.683333333333334
2026-08-23 09:00:00,indoor.dew_point,℃,5.9750000000000005
2026-08-23 09:00:00,indoor.app_tempin,℃,16.775000000000002
2026-08-23 09:00:00,pressure.absolute,inHg,28.019166666666667
2026-08-23 10:00:00,soil_ch1.ad,,264.0
2026-08-23 10:00:00,temp_ch1.temperature,℃,13.808333333333335
2026-08-23 10:00:00,soil_ch2.soilmoisture,%,43.0
2026-08-23 10:00:00,soil_ch2.ad,,219.5
2026-08-23 10:00:00,soil_ch1.soilmoisture,%,57.0
2026-08-23 10:00:00,pressure.relative,inHg,28.022499999999997
2026-08-23 10:00:00,temp_ch2.temperature,℃,12.966666666666667
2026-08-23 10:00:00,indoor.temperature,℃,17.508333333333333
2026-08-23 10:00:00,indoor.humidity,%,46.166666666666664
2026-08-23 10:00:00,indoor.feels_like,℃,17.508333333333333
2026-08-23 10:00:00,indoor.dew_point,℃,5.8500000000000005
2026-08-23 10:00:00,indoor.app_tempin,℃,16.608333333333334
2026-08-23 10:00:00,pressure.absolute,inHg,28.022499999999997
2026-08-23 11:00:00,temp_ch1.temperature,℃,13.766666666666666
2026-08-23 11:00:00,soil_ch2.soilmoisture,%,43.0
2026-08-23 11:00:00,soil_ch2.ad,,219.33333333333334
2026-08-23 11:00:00,soil_ch1.soilmoisture,%,57.0
2026-08-23 11:00:00,soil_ch1.ad,,264.0
2026-08-23 11:00:00,pressure.relative,inHg,28.025000000000002
2026-08-23 11:00:00,temp_ch2.temperature,℃,12.966666666666667
2026-08-23 11:00:00,indoor.temperature,℃,17.425
2026-08-23 11:00:00,pressure.absolute,inHg,28.025000000000002
2026-08-23 11:00:00,indoor.app_tempin,℃,16.441666666666666
2026-08-23 11:00:00,indoor.dew_point,℃,5.708333333333333
2026-08-23 11:00:00,indoor.feels_like,℃,17.425
2026-08-23 11:00:00,indoor.humidity,%,46.0
2026-08-23 12:00:00,temp_ch2.temperature,℃,12.975
2026-08-23 12:00:00,temp_ch1.temperature,℃,13.683333333333332
2026-08-23 12:00:00,soil_ch2.soilmoisture,%,43.0
2026-08-23 12:00:00,soil_ch2.ad,,219.33333333333334
2026-08-23 12:00:00,soil_ch1.ad,,264.0
2026-08-23 12:00:00,soil_ch1.soilmoisture,%,57.0
2026-08-23 12:00:00,indoor.temperature,℃,17.991666666666667
2026-08-23 12:00:00,indoor.humidity,%,45.333333333333336
2026-08-23 12:00:00,indoor.feels_like,℃,17.991666666666667
2026-08-23 12:00:00,indoor.dew_point,℃,5.983333333333333
2026-08-23 12:00:00,indoor.app_tempin,℃,17.075
2026-08-23 12:00:00,pressure.absolute,inHg,28.040000000000003
2026-08-23 12:00:00,pressure.relative,inHg,28.040000000000003
2026-08-23 13:00:00,temp_ch2.temperature,℃,12.924999999999999
2026-08-23 13:00:00,soil_ch1.ad,,264.0
2026-08-23 13:00:00,temp_ch1.temperature,℃,13.633333333333333
2026-08-23 13:00:00,soil_ch2.soilmoisture,%,43.0
2026-08-23 13:00:00,soil_ch2.ad,,219.08333333333334
2026-08-23 13:00:00,soil_ch1.soilmoisture,%,57.0
2026-08-23 13:00:00,pressure.relative,inHg,28.050833333333333
2026-08-23 13:00:00,indoor.temperature,℃,18.900000000000002
2026-08-23 13:00:00,indoor.humidity,%,45.0
2026-08-23 13:00:00,indoor.feels_like,℃,18.900000000000002
2026-08-23 13:00:00,indoor.dew_point,℃,6.7250000000000005
2026-08-23 13:00:00,indoor.app_tempin,℃,18.150000000000002
2026-08-23 13:00:00,pressure.absolute,inHg,28.050833333333333
2026-08-23 14:00:00,temp_ch2.temperature,℃,12.975
2026-08-23 14:00:00,temp_ch1.temperature,℃,13.6
2026-08-23 14:00:00,soil_ch2.soilmoisture,%,43.0
2026-08-23 14:00:00,soil_ch2.ad,,219.0
2026-08-23 14:00:00,soil_ch1.soilmoisture,%,56.5
2026-08-23 14:00:00,soil_ch1.ad,,263.5
2026-08-23 14:00:00,pressure.relative,inHg,28.051666666666666
2026-08-23 14:00:00,pressure.absolute,inHg,28.051666666666666
2026-08-23 14:00:00,indoor.temperature,℃,19.416666666666668
2026-08-23 14:00:00,indoor.humidity,%,45.0
2026-08-23 14:00:00,indoor.feels_like,℃,19.408333333333335
2026-08-23 14:00:00,indoor.dew_point,℃,7.175
2026-08-23 14:00:00,indoor.app_tempin,℃,18.724999999999998
2026-08-23 15:00:00,temp_ch1.temperature,℃,13.6
2026-08-23 15:00:00,soil_ch2.soilmoisture,%,43.0
2026-08-23 15:00:00,soil_ch2.ad,,219.0
2026-08-23 15:00:00,soil_ch1.soilmoisture,%,56.0
2026-08-23 15:00:00,soil_ch1.ad,,263.0
2026-08-23 15:00:00,pressure.relative,inHg,28.041666666666668
2026-08-23 15:00:00,temp_ch2.temperature,℃,12.975
2026-08-23 15:00:00,indoor.temperature,℃,19.666666666666668
2026-08-23 15:00:00,indoor.humidity,%,45.0
2026-08-23 15:00:00,indoor.feels_like,℃,19.666666666666668
2026-08-23 15:00:00,indoor.dew_point,℃,7.383333333333333
2026-08-23 15:00:00,indoor.app_tempin,℃,19.066666666666666
2026-08-23 15:00:00,pressure.absolute,inHg,28.041666666666668
2026-08-23 16:00:00,temp_ch1.temperature,℃,13.666666666666666
2026-08-23 16:00:00,soil_ch2.soilmoisture,%,43.0
2026-08-23 16:00:00,soil_ch2.ad,,219.0
2026-08-23 16:00:00,soil_ch1.soilmoisture,%,56.0
2026-08-23 16:00:00,soil_ch1.ad,,263.0
2026-08-23 16:00:00,pressure.relative,inHg,28.015833333333333
2026-08-23 16:00:00,temp_ch2.temperature,℃,12.991666666666667
2026-08-23 16:00:00,indoor.temperature,℃,19.783333333333335
2026-08-23 16:00:00,indoor.humidity,%,45.75
2026-08-23 16:00:00,indoor.feels_like,℃,19.783333333333335
2026-08-23 16:00:00,indoor.dew_point,℃,7.741666666666667
2026-08-23 16:00:00,indoor.app_tempin,℃,19.275000000000002
2026-08-23 16:00:00,pressure.absolute,inHg,28.015833333333333
2026-08-23 17:00:00,temp_ch2.temperature,℃,12.908333333333333
2026-08-23 17:00:00,temp_ch1.temperature,℃,13.75
2026-08-23 17:00:00,soil_ch2.soilmoisture,%,43.0
2026-08-23 17:00:00,soil_ch2.ad,,218.66666666666666
2026-08-23 17:00:00,soil_ch1.soilmoisture,%,56.0
2026-08-23 17:00:00,soil_ch1.ad,,263.0
2026-08-23 17:00:00,pressure.relative,inHg,28.00916666666667
2026-08-23 17:00:00,indoor.temperature,℃,19.933333333333334
2026-08-23 17:00:00,indoor.humidity,%,47.5
2026-08-23 17:00:00,indoor.feels_like,℃,19.933333333333334
2026-08-23 17:00:00,indoor.dew_point,℃,8.433333333333334
2026-08-23 17:00:00,indoor.app_tempin,℃,19.566666666666666
2026-08-23 17:00:00,pressure.absolute,inHg,28.00916666666667
2026-08-23 18:00:00,soil_ch1.ad,,263.0
2026-08-23 18:00:00,temp_ch1.temperature,℃,13.841666666666667
2026-08-23 18:00:00,soil_ch2.soilmoisture,%,43.0
2026-08-23 18:00:00,soil_ch2.ad,,218.0
2026-08-23 18:00:00,soil_ch1.soilmoisture,%,56.0
2026-08-23 18:00:00,pressure.relative,inHg,28.018333333333334
2026-08-23 18:00:00,temp_ch2.temperature,℃,12.9
2026-08-23 18:00:00,indoor.temperature,℃,20.033333333333335
2026-08-23 18:00:00,indoor.app_tempin,℃,19.85833333333333
2026-08-23 18:00:00,indoor.dew_point,℃,9.158333333333333
2026-08-23 18:00:00,pressure.absolute,inHg,28.018333333333334
2026-08-23 18:00:00,indoor.humidity,%,49.583333333333336
2026-08-23 18:00:00,indoor.feels_like,℃,20.033333333333335
2026-08-23 19:00:00,temp_ch2.temperature,℃,12.9
2026-08-23 19:00:00,temp_ch1.temperature,℃,13.966666666666667
2026-08-23 19:00:00,soil_ch2.soilmoisture,%,43.0
2026-08-23 19:00:00,soil_ch2.ad,,218.0
2026-08-23 19:00:00,soil_ch1.ad,,262.5
2026-08-23 19:00:00,pressure.relative,inHg,28.022499999999997
2026-08-23 19:00:00,soil_ch1.soilmoisture,%,56.0
2026-08-23 19:00:00,indoor.temperature,℃,20.1
2026-08-23 19:00:00,indoor.humidity,%,51.0
2026-08-23 19:00:00,indoor.feels_like,℃,20.125
2026-08-23 19:00:00,indoor.dew_point,℃,9.7
2026-08-23 19:00:00,indoor.app_tempin,℃,20.083333333333332
2026-08-23 19:00:00,pressure.absolute,inHg,28.022499999999997
2026-08-23 20:00:00,soil_ch1.soilmoisture,%,56.0
2026-08-23 20:00:00,temp_ch2.temperature,℃,12.941666666666668
2026-08-23 20:00:00,temp_ch1.temperature,℃,14.083333333333334
2026-08-23 20:00:00,soil_ch2.soilmoisture,%,42.416666666666664
2026-08-23 20:00:00,soil_ch2.ad,,217.41666666666666
2026-08-23 20:00:00,soil_ch1.ad,,262.0
2026-08-23 20:00:00,indoor.dew_point,℃,10.033333333333333
2026-08-23 20:00:00,pressure.absolute,inHg,28.021666666666665
2026-08-23 20:00:00,indoor.temperature,℃,20.175
2026-08-23 20:00:00,indoor.humidity,%,52.0
2026-08-23 20:00:00,indoor.feels_like,℃,20.191666666666666
2026-08-23 20:00:00,indoor.app_tempin,℃,20.224999999999998
2026-08-23 20:00:00,pressure.relative,inHg,28.021666666666665
2026-08-23 21:00:00,soil_ch1.soilmoisture,%,56.0
2026-08-23 21:00:00,temp_ch2.temperature,℃,12.958333333333334
2026-08-23 21:00:00,temp_ch1.temperature,℃,14.1
2026-08-23 21:00:00,soil_ch2.soilmoisture,%,42.0
2026-08-23 21:00:00,soil_ch2.ad,,217.0
2026-08-23 21:00:00,soil_ch1.ad,,262.0
2026-08-23 21:00:00,indoor.dew_point,℃,9.958333333333334
2026-08-23 21:00:00,pressure.absolute,inHg,28.02416666666667
2026-08-23 21:00:00,indoor.temperature,℃,20.108333333333334
2026-08-23 21:00:00,indoor.humidity,%,52.0
2026-08-23 21:00:00,indoor.feels_like,℃,20.116666666666667
2026-08-23 21:00:00,indoor.app_tempin,℃,20.116666666666667
2026-08-23 21:00:00,pressure.relative,inHg,28.02416666666667
2026-08-23 22:00:00,temp_ch2.temperature,℃,12.933333333333332
2026-08-23 22:00:00,temp_ch1.temperature,℃,14.199999999999998
2026-08-23 22:00:00,soil_ch2.soilmoisture,%,42.0
2026-08-23 22:00:00,soil_ch2.ad,,217.0
2026-08-23 22:00:00,soil_ch1.soilmoisture,%,56.0
2026-08-23 22:00:00,soil_ch1.ad,,262.0
2026-08-23 22:00:00,pressure.relative,inHg,28.0325
2026-08-23 22:00:00,indoor.temperature,℃,20.016666666666666
2026-08-23 22:00:00,indoor.humidity,%,52.333333333333336
2026-08-23 22:00:00,indoor.feels_like,℃,20.016666666666666
2026-08-23 22:00:00,indoor.dew_point,℃,9.941666666666666
2026-08-23 22:00:00,indoor.app_tempin,℃,20.016666666666666
2026-08-23 22:00:00,pressure.absolute,inHg,28.0325
2026-08-23 23:00:00,soil_ch1.ad,,262.0
2026-08-23 23:00:00,temp_ch2.temperature,℃,13.0
2026-08-23 23:00:00,temp_ch1.temperature,℃,14.199999999999998
2026-08-23 23:00:00,soil_ch2.soilmoisture,%,42.0
2026-08-23 23:00:00,soil_ch2.ad,,217.0
2026-08-23 23:00:00,pressure.relative,inHg,28.02916666666667
2026-08-23 23:00:00,soil_ch1.soilmoisture,%,56.0
2026-08-23 23:00:00,indoor.temperature,℃,19.8
2026-08-23 23:00:00,pressure.absolute,inHg,28.02916666666667
2026-08-23 23:00:00,indoor.humidity,%,53.0
2026-08-23 23:00:00,indoor.feels_like,℃,19.8
2026-08-23 23:00:00,indoor.dew_point,℃,9.933333333333334
2026-08-23 23:00:00,indoor.app_tempin,℃,19.808333333333334
2026-08-24 00:00:00,temp_ch2.temperature,℃,13.0
2026-08-24 00:00:00,temp_ch1.temperature,℃,14.199999999999998
2026-08-24 00:00:00,soil_ch2.soilmoisture,%,42.0
2026-08-24 00:00:00,soil_ch2.ad,,216.91666666666666
2026-08-24 00:00:00,soil_ch1.soilmoisture,%,56.0
2026-08-24 00:00:00,soil_ch1.ad,,262.0
2026-08-24 00:00:00,pressure.relative,inHg,28.0275
2026-08-24 00:00:00,pressure.absolute,inHg,28.0275
2026-08-24 00:00:00,indoor.temperature,℃,19.6
2026-08-24 00:00:00,indoor.humidity,%,53.0
2026-08-24 00:00:00,indoor.feels_like,℃,19.6
2026-08-24 00:00:00,indoor.dew_point,℃,9.766666666666667
2026-08-24 00:00:00,indoor.app_tempin,℃,19.575
2026-08-24 01:00:00,temp_ch1.temperature,℃,14.199999999999998
2026-08-24 01:00:00,soil_ch2.soilmoisture,%,42.0
2026-08-24 01:00:00,soil_ch2.ad,,216.41666666666666
2026-08-24 01:00:00,soil_ch1.soilmoisture,%,56.0
2026-08-24 01:00:00,soil_ch1.ad,,262.0
2026-08-24 01:00:00,pressure.relative,inHg,28.025833333333335
2026-08-24 01:00:00,temp_ch2.temperature,℃,13.075000000000001
2026-08-24 01:00:00,indoor.temperature,℃,19.416666666666668
2026-08-24 01:00:00,indoor.humidity,%,53.0
2026-08-24 01:00:00,indoor.feels_like,℃,19.408333333333335
2026-08-24 01:00:00,indoor.dew_point,℃,9.6
2026-08-24 01:00:00,indoor.app_tempin,℃,19.325
2026-08-24 01:00:00,pressure.absolute,inHg,28.025833333333335
2026-08-24 02:00:00,temp_ch1.temperature,℃,14.199999999999998
2026-08-24 02:00:00,soil_ch2.soilmoisture,%,42.0
2026-08-24 02:00:00,soil_ch2.ad,,216.58333333333334
2026-08-24 02:00:00,soil_ch1.soilmoisture,%,56.0
2026-08-24 02:00:00,soil_ch1.ad,,262.0
2026-08-24 02:00:00,pressure.relative,inHg,28.021666666666665
2026-08-24 02:00:00,temp_ch2.temperature,℃,13.008333333333333
2026-08-24 02:00:00,indoor.temperature,℃,19.241666666666667
2026-08-24 02:00:00,indoor.humidity,%,53.0
2026-08-24 02:00:00,indoor.feels_like,℃,19.241666666666667
2026-08-24 02:00:00,indoor.dew_point,℃,9.441666666666666
2026-08-24 02:00:00,indoor.app_tempin,℃,19.14166666666667
2026-08-24 02:00:00,pressure.absolute,inHg,28.021666666666665
2026-08-24 03:00:00,temp_ch2.temperature,℃,13.075000000000001
2026-08-24 03:00:00,temp_ch1.temperature,℃,14.191666666666665
2026-08-24 03:00:00,soil_ch2.soilmoisture,%,42.0
2026-08-24 03:00:00,soil_ch2.ad,,216.0
2026-08-24 03:00:00,soil_ch1.soilmoisture,%,56.0
2026-08-24 03:00:00,soil_ch1.ad,,262.0
2026-08-24 03:00:00,pressure.relative,inHg,28.020833333333332
2026-08-24 03:00:00,indoor.temperature,℃,19.025000000000002
2026-08-24 03:00:00,indoor.humidity,%,53.416666666666664
2026-08-24 03:00:00,indoor.feels_like,℃,19.025000000000002
2026-08-24 03:00:00,indoor.dew_point,℃,9.333333333333334
2026-08-24 03:00:00,indoor.app_tempin,℃,18.875
2026-08-24 03:00:00,pressure.absolute,inHg,28.020833333333332
2026-08-24 04:00:00,soil_ch1.soilmoisture,%,56.0
2026-08-24 04:00:00,temp_ch1.temperature,℃,14.108333333333333
2026-08-24 04:00:00,temp_ch2.temperature,℃,13.1
2026-08-24 04:00:00,soil_ch2.soilmoisture,%,42.0
2026-08-24 04:00:00,soil_ch2.ad,,216.08333333333334
2026-08-24 04:00:00,soil_ch1.ad,,262.0
2026-08-24 04:00:00,indoor.dew_point,℃,9.358333333333334
2026-08-24 04:00:00,pressure.absolute,inHg,28.025833333333335
2026-08-24 04:00:00,indoor.temperature,℃,18.883333333333333
2026-08-24 04:00:00,indoor.humidity,%,53.916666666666664
2026-08-24 04:00:00,indoor.feels_like,℃,18.883333333333333
2026-08-24 04:00:00,indoor.app_tempin,℃,18.766666666666666
2026-08-24 04:00:00,pressure.relative,inHg,28.025833333333335
2026-08-24 05:00:00,temp_ch2.temperature,℃,13.1
2026-08-24 05:00:00,temp_ch1.temperature,℃,14.1
2026-08-24 05:00:00,soil_ch2.soilmoisture,%,42.0
2026-08-24 05:00:00,soil_ch2.ad,,215.83333333333334
2026-08-24 05:00:00,soil_ch1.soilmoisture,%,56.0
2026-08-24 05:00:00,soil_ch1.ad,,262.0
2026-08-24 05:00:00,pressure.relative,inHg,28.035
2026-08-24 05:00:00,pressure.absolute,inHg,28.035
2026-08-24 05:00:00,indoor.temperature,℃,18.650000000000002
2026-08-24 05:00:00,indoor.humidity,%,54.0
2026-08-24 05:00:00,indoor.feels_like,℃,18.658333333333335
2026-08-24 05:00:00,indoor.dew_point,℃,9.158333333333333
2026-08-24 05:00:00,indoor.app_tempin,℃,18.5
2026-08-24 06:00:00,temp_ch2.temperature,℃,13.1
2026-08-24 06:00:00,temp_ch1.temperature,℃,14.083333333333334
2026-08-24 06:00:00,soil_ch2.soilmoisture,%,42.0
2026-08-24 06:00:00,soil_ch2.ad,,215.91666666666666
2026-08-24 06:00:00,soil_ch1.soilmoisture,%,56.0
2026-08-24 06:00:00,soil_ch1.ad,,262.0
2026-08-24 06:00:00,pressure.relative,inHg,28.043333333333333
2026-08-24 06:00:00,pressure.absolute,inHg,28.043333333333333
2026-08-24 06:00:00,indoor.temperature,℃,18.383333333333333
2026-08-24 06:00:00,indoor.humidity,%,54.0
2026-08-24 06:00:00,indoor.feels_like,℃,18.375
2026-08-24 06:00:00,indoor.dew_point,℃,8.9
2026-08-24 06:00:00,indoor.app_tempin,℃,18.158333333333335
2026-08-24 07:00:00,temp_ch2.temperature,℃,13.141666666666666
2026-08-24 07:00:00,temp_ch1.temperature,℃,14.0
2026-08-24 07:00:00,soil_ch2.soilmoisture,%,42.0
2026-08-24 07:00:00,soil_ch2.ad,,215.66666666666666
2026-08-24 07:00:00,soil_ch1.soilmoisture,%,56.0
2026-08-24 07:00:00,soil_ch1.ad,,261.8333333333333
2026-08-24 07:00:00,pressure.relative,inHg,28.05666666666667
2026-08-24 07:00:00,pressure.absolute,inHg,28.05666666666667
2026-08-24 07:00:00,indoor.temperature,℃,18.141666666666666
2026-08-24 07:00:00,indoor.humidity,%,54.0
2026-08-24 07:00:00,indoor.feels_like,℃,18.141666666666666
2026-08-24 07:00:00,indoor.dew_point,℃,8.691666666666666
2026-08-24 07:00:00,indoor.app_tempin,℃,17.841666666666665
2026-08-24 08:00:00,temp_ch1.temperature,℃,13.966666666666667
2026-08-24 08:00:00,soil_ch2.soilmoisture,%,42.0
2026-08-24 08:00:00,soil_ch2.ad,,215.91666666666666
2026-08-24 08:00:00,soil_ch1.soilmoisture,%,56.0
2026-08-24 08:00:00,soil_ch1.ad,,261.8333333333333
2026-08-24 08:00:00,pressure.relative,inHg,28.078333333333333
2026-08-24 08:00:00,temp_ch2.temperature,℃,13.125
2026-08-24 08:00:00,indoor.temperature,℃,17.991666666666667
2026-08-24 08:00:00,indoor.humidity,%,54.583333333333336
2026-08-24 08:00:00,indoor.feels_like,℃,17.991666666666667
2026-08-24 08:00:00,indoor.dew_point,℃,8.708333333333334
2026-08-24 08:00:00,indoor.app_tempin,℃,17.691666666666666
2026-08-24 08:00:00,pressure.absolute,inHg,28.078333333333333
2026-08-24 09:00:00,temp_ch2.temperature,℃,13.108333333333333
2026-08-24 09:00:00,temp_ch1.temperature,℃,13.9
2026-08-24 09:00:00,soil_ch2.soilmoisture,%,42.0
2026-08-24 09:00:00,soil_ch2.ad,,215.91666666666666
2026-08-24 09:00:00,soil_ch1.soilmoisture,%,56.0
2026-08-24 09:00:00,soil_ch1.ad,,261.6666666666667
2026-08-24 09:00:00,pressure.relative,inHg,28.09166666666667
2026-08-24 09:00:00,pressure.absolute,inHg,28.09166666666667
2026-08-24 09:00:00,indoor.temperature,℃,17.90833333333333
2026-08-24 09:00:00,indoor.humidity,%,55.916666666666664
2026-08-24 09:00:00,indoor.feels_like,℃,17.90833333333333
2026-08-24 09:00:00,indoor.dew_point,℃,8.958333333333334
2026-08-24 09:00:00,indoor.app_tempin,℃,17.691666666666666
2026-08-24 10:00:00,temp_ch1.temperature,℃,13.833333333333334
2026-08-24 10:00:00,soil_ch2.soilmoisture,%,42.0
2026-08-24 10:00:00,soil_ch2.ad,,215.75
2026-08-24 10:00:00,soil_ch1.soilmoisture,%,56.0
2026-08-24 10:00:00,soil_ch1.ad,,261.0833333333333
2026-08-24 10:00:00,pressure.relative,inHg,28.076666666666664
2026-08-24 10:00:00,temp_ch2.temperature,℃,13.1
2026-08-24 10:00:00,indoor.temperature,℃,17.841666666666665
2026-08-24 10:00:00,indoor.humidity,%,56.0
2026-08-24 10:00:00,indoor.feels_like,℃,17.833333333333332
2026-08-24 10:00:00,indoor.dew_point,℃,8.941666666666666
2026-08-24 10:00:00,indoor.app_tempin,℃,17.608333333333334
2026-08-24 10:00:00,pressure.absolute,inHg,28.076666666666664
2026-08-24 11:00:00,temp_ch1.temperature,℃,13.800000000000002
2026-08-24 11:00:00,soil_ch2.soilmoisture,%,42.0
2026-08-24 11:00:00,soil_ch2.ad,,215.83333333333334
2026-08-24 11:00:00,soil_ch1.soilmoisture,%,56.0
2026-08-24 11:00:00,soil_ch1.ad,,261.0
2026-08-24 11:00:00,pressure.relative,inHg,28.08
2026-08-24 11:00:00,temp_ch2.temperature,℃,13.1
2026-08-24 11:00:00,indoor.temperature,℃,17.708333333333332
2026-08-24 11:00:00,indoor.humidity,%,56.5
2026-08-24 11:00:00,indoor.feels_like,℃,17.708333333333332
2026-08-24 11:00:00,indoor.dew_point,℃,8.950000000000001
2026-08-24 11:00:00,indoor.app_tempin,℃,17.483333333333334
2026-08-24 11:00:00,pressure.absolute,inHg,28.08
2026-08-24 12:00:00,temp_ch2.temperature,℃,13.1
2026-08-24 12:00:00,temp_ch1.temperature,℃,13.791666666666666
2026-08-24 12:00:00,soil_ch2.soilmoisture,%,42.0
2026-08-24 12:00:00,soil_ch2.ad,,215.5
2026-08-24 12:00:00,soil_ch1.soilmoisture,%,56.0
2026-08-24 12:00:00,soil_ch1.ad,,261.0
2026-08-24 12:00:00,pressure.absolute,inHg,28.0975
2026-08-24 12:00:00,indoor.temperature,℃,17.675
2026-08-24 12:00:00,indoor.humidity,%,57.0
2026-08-24 12:00:00,indoor.feels_like,℃,17.683333333333334
2026-08-24 12:00:00,indoor.dew_point,℃,9.033333333333333
2026-08-24 12:00:00,indoor.app_tempin,℃,17.474999999999998
2026-08-24 12:00:00,pressure.relative,inHg,28.0975
2026-08-24 13:00:00,temp_ch2.temperature,℃,13.116666666666667
2026-08-24 13:00:00,temp_ch1.temperature,℃,13.708333333333334
2026-08-24 13:00:00,soil_ch2.soilmoisture,%,42.0
2026-08-24 13:00:00,soil_ch2.ad,,215.41666666666666
2026-08-24 13:00:00,soil_ch1.ad,,261.0
2026-08-24 13:00:00,soil_ch1.soilmoisture,%,56.0
2026-08-24 13:00:00,pressure.relative,inHg,28.089166666666667
2026-08-24 13:00:00,indoor.temperature,℃,17.75
2026-08-24 13:00:00,indoor.humidity,%,56.166666666666664
2026-08-24 13:00:00,indoor.feels_like,℃,17.758333333333333
2026-08-24 13:00:00,indoor.dew_point,℃,8.9
2026-08-24 13:00:00,indoor.app_tempin,℃,17.516666666666666
2026-08-24 13:00:00,pressure.absolute,inHg,28.089166666666667
2026-08-24 14:00:00,temp_ch2.temperature,℃,13.091666666666667
2026-08-24 14:00:00,temp_ch1.temperature,℃,13.699999999999998
2026-08-24 14:00:00,soil_ch2.soilmoisture,%,42.0
2026-08-24 14:00:00,soil_ch2.ad,,215.5
2026-08-24 14:00:00,soil_ch1.soilmoisture,%,56.0
2026-08-24 14:00:00,soil_ch1.ad,,261.0
2026-08-24 14:00:00,pressure.absolute,inHg,28.099166666666665
2026-08-24 14:00:00,indoor.temperature,℃,17.849999999999998
2026-08-24 14:00:00,indoor.humidity,%,56.0
2026-08-24 14:00:00,indoor.feels_like,℃,17.841666666666665
2026-08-24 14:00:00,indoor.dew_point,℃,8.950000000000001
2026-08-24 14:00:00,indoor.app_tempin,℃,17.64166666666667
2026-08-24 14:00:00,pressure.relative,inHg,28.099166666666665
2026-08-24 15:00:00,soil_ch1.soilmoisture,%,56.0
2026-08-24 15:00:00,temp_ch2.temperature,℃,13.1
2026-08-24 15:00:00,temp_ch1.temperature,℃,13.708333333333334
2026-08-24 15:00:00,soil_ch2.soilmoisture,%,42.0
2026-08-24 15:00:00,soil_ch2.ad,,215.16666666666666
2026-08-24 15:00:00,soil_ch1.ad,,261.0
2026-08-24 15:00:00,pressure.absolute,inHg,28.100000000000005
2026-08-24 15:00:00,indoor.temperature,℃,18.0
2026-08-24 15:00:00,indoor.humidity,%,56.0
2026-08-24 15:00:00,indoor.feels_like,℃,18.0
2026-08-24 15:00:00,indoor.dew_point,℃,9.091666666666667
2026-08-24 15:00:00,indoor.app_tempin,℃,17.8
2026-08-24 15:00:00,pressure.relative,inHg,28.100000000000005
2026-08-24 16:00:00,pressure.relative,inHg,28.093333333333334
2026-08-24 16:00:00,temp_ch2.temperature,℃,13.1
2026-08-24 16:00:00,temp_ch1.temperature,℃,13.725
2026-08-24 16:00:00,soil_ch2.soilmoisture,%,42.0
2026-08-24 16:00:00,soil_ch2.ad,,215.5
2026-08-24 16:00:00,soil_ch1.soilmoisture,%,56.0
2026-08-24 16:00:00,soil_ch1.ad,,261.0
2026-08-24 16:00:00,indoor.temperature,℃,18.191666666666666
2026-08-24 16:00:00,indoor.humidity,%,55.166666666666664
2026-08-24 16:00:00,indoor.feels_like,℃,18.191666666666666
2026-08-24 16:00:00,indoor.dew_point,℃,9.025
2026-08-24 16:00:00,indoor.app_tempin,℃,17.991666666666667
2026-08-24 16:00:00,pressure.absolute,inHg,28.093333333333334
2026-08-24 17:00:00,soil_ch1.soilmoisture,%,56.0
2026-08-24 17:00:00,soil_ch2.ad,,215.0
2026-08-24 17:00:00,soil_ch1.ad,,261.0
2026-08-24 17:00:00,temp_ch1.temperature,℃,13.758333333333333
2026-08-24 17:00:00,soil_ch2.soilmoisture,%,42.0
2026-08-24 17:00:00,pressure.relative,inHg,28.1075
2026-08-24 17:00:00,temp_ch2.temperature,℃,13.091666666666667
2026-08-24 17:00:00,indoor.temperature,℃,18.2
2026-08-24 17:00:00,indoor.humidity,%,56.25
2026-08-24 17:00:00,indoor.feels_like,℃,18.2
2026-08-24 17:00:00,indoor.dew_point,℃,9.375
2026-08-24 17:00:00,indoor.app_tempin,℃,18.1
2026-08-24 17:00:00,pressure.absolute,inHg,28.1075
2026-08-24 18:00:00,temp_ch2.temperature,℃,13.1
2026-08-24 18:00:00,temp_ch1.temperature,℃,13.75
2026-08-24 18:00:00,soil_ch2.soilmoisture,%,42.0
2026-08-24 18:00:00,soil_ch2.ad,,215.0
2026-08-24 18:00:00,soil_ch1.soilmoisture,%,55.583333333333336
2026-08-24 18:00:00,soil_ch1.ad,,260.5833333333333
2026-08-24 18:00:00,pressure.relative,inHg,28.088333333333335
2026-08-24 18:00:00,pressure.absolute,inHg,28.088333333333335
2026-08-24 18:00:00,indoor.temperature,℃,18.275000000000002
2026-08-24 18:00:00,indoor.humidity,%,56.666666666666664
2026-08-24 18:00:00,indoor.feels_like,℃,18.275000000000002
2026-08-24 18:00:00,indoor.dew_point,℃,9.575
2026-08-24 18:00:00,indoor.app_tempin,℃,18.191666666666666
2026-08-24 19:00:00,temp_ch1.temperature,℃,13.766666666666666
2026-08-24 19:00:00,soil_ch2.soilmoisture,%,42.0
2026-08-24 19:00:00,soil_ch2.ad,,215.0
2026-08-24 19:00:00,soil_ch1.soilmoisture,%,55.0
2026-08-24 19:00:00,soil_ch1.ad,,260.0
2026-08-24 19:00:00,pressure.relative,inHg,28.084166666666665
2026-08-24 19:00:00,temp_ch2.temperature,℃,13.1
2026-08-24 19:00:00,indoor.temperature,℃,18.291666666666668
2026-08-24 19:00:00,indoor.humidity,%,57.0
2026-08-24 19:00:00,indoor.feels_like,℃,18.291666666666668
2026-08-24 19:00:00,indoor.dew_point,℃,9.658333333333333
2026-08-24 19:00:00,indoor.app_tempin,℃,18.2
2026-08-24 19:00:00,pressure.absolute,inHg,28.084166666666665
2026-08-24 20:00:00,temp_ch1.temperature,℃,13.75
2026-08-24 20:00:00,soil_ch2.soilmoisture,%,42.0
2026-08-24 20:00:00,soil_ch2.ad,,215.0
2026-08-24 20:00:00,soil_ch1.soilmoisture,%,55.0
2026-08-24 20:00:00,soil_ch1.ad,,260.0
2026-08-24 20:00:00,pressure.relative,inHg,28.102500000000003
2026-08-24 20:00:00,temp_ch2.temperature,℃,13.066666666666668
2026-08-24 20:00:00,indoor.temperature,℃,18.175
2026-08-24 20:00:00,indoor.humidity,%,57.75
2026-08-24 20:00:00,indoor.feels_like,℃,18.175
2026-08-24 20:00:00,indoor.dew_point,℃,9.725
2026-08-24 20:00:00,indoor.app_tempin,℃,18.158333333333335
2026-08-24 20:00:00,pressure.absolute,inHg,28.102500000000003
2026-08-24 21:00:00,temp_ch2.temperature,℃,13.083333333333334
2026-08-24 21:00:00,temp_ch1.temperature,℃,13.800000000000002
2026-08-24 21:00:00,soil_ch2.soilmoisture,%,42.0
2026-08-24 21:00:00,soil_ch2.ad,,214.75
2026-08-24 21:00:00,soil_ch1.soilmoisture,%,55.0
2026-08-24 21:00:00,soil_ch1.ad,,260.0
2026-08-24 21:00:00,pressure.relative,inHg,28.110833333333332
2026-08-24 21:00:00,indoor.temperature,℃,17.966666666666665
2026-08-24 21:00:00,indoor.humidity,%,58.083333333333336
2026-08-24 21:00:00,indoor.feels_like,℃,17.958333333333332
2026-08-24 21:00:00,indoor.dew_point,℃,9.616666666666665
2026-08-24 21:00:00,indoor.app_tempin,℃,17.90833333333333
2026-08-24 21:00:00,pressure.absolute,inHg,28.110833333333332
2026-08-24 22:00:00,soil_ch1.ad,,260.0
2026-08-24 22:00:00,temp_ch1.temperature,℃,13.800000000000002
2026-08-24 22:00:00,soil_ch2.soilmoisture,%,42.0
2026-08-24 22:00:00,soil_ch2.ad,,214.66666666666666
2026-08-24 22:00:00,soil_ch1.soilmoisture,%,55.0
2026-08-24 22:00:00,pressure.relative,inHg,28.102500000000003
2026-08-24 22:00:00,temp_ch2.temperature,℃,13.058333333333332
2026-08-24 22:00:00,indoor.temperature,℃,17.875
2026-08-24 22:00:00,indoor.app_tempin,℃,17.841666666666665
2026-08-24 22:00:00,indoor.dew_point,℃,9.683333333333332
2026-08-24 22:00:00,pressure.absolute,inHg,28.102500000000003
2026-08-24 22:00:00,indoor.humidity,%,58.583333333333336
2026-08-24 22:00:00,indoor.feels_like,℃,17.866666666666667
2026-08-24 23:00:00,temp_ch2.temperature,℃,13.083333333333334
2026-08-24 23:00:00,temp_ch1.temperature,℃,13.800000000000002
2026-08-24 23:00:00,soil_ch2.soilmoisture,%,42.0
2026-08-24 23:00:00,soil_ch2.ad,,214.5
2026-08-24 23:00:00,soil_ch1.ad,,260.0
2026-08-24 23:00:00,pressure.relative,inHg,28.098333333333333
2026-08-24 23:00:00,soil_ch1.soilmoisture,%,55.0
2026-08-24 23:00:00,indoor.temperature,℃,17.783333333333335
2026-08-24 23:00:00,indoor.humidity,%,59.0
2026-08-24 23:00:00,indoor.feels_like,℃,17.775000000000002
2026-08-24 23:00:00,indoor.dew_point,℃,9.65
2026-08-24 23:00:00,indoor.app_tempin,℃,17.733333333333334
2026-08-24 23:00:00,pressure.absolute,inHg,28.098333333333333
2026-08-25 00:00:00,soil_ch1.ad,,260.0
2026-08-25 00:00:00,temp_ch1.temperature,℃,13.800000000000002
2026-08-25 00:00:00,soil_ch2.soilmoisture,%,42.0
2026-08-25 00:00:00,soil_ch2.ad,,214.5
2026-08-25 00:00:00,soil_ch1.soilmoisture,%,55.0
2026-08-25 00:00:00,pressure.relative,inHg,28.105
2026-08-25 00:00:00,temp_ch2.temperature,℃,13.1
2026-08-25 00:00:00,indoor.temperature,℃,17.658333333333335
2026-08-25 00:00:00,indoor.humidity,%,59.0
2026-08-25 00:00:00,indoor.feels_like,℃,17.658333333333335
2026-08-25 00:00:00,indoor.dew_point,℃,9.566666666666666
2026-08-25 00:00:00,indoor.app_tempin,℃,17.575
2026-08-25 00:00:00,pressure.absolute,inHg,28.105
2026-08-25 01:00:00,temp_ch1.temperature,℃,13.791666666666666
2026-08-25 01:00:00,soil_ch2.soilmoisture,%,42.0
2026-08-25 01:00:00,soil_ch2.ad,,214.58333333333334
2026-08-25 01:00:00,soil_ch1.soilmoisture,%,55.0
2026-08-25 01:00:00,soil_ch1.ad,,260.0
2026-08-25 01:00:00,pressure.relative,inHg,28.10166666666667
2026-08-25 01:00:00,temp_ch2.temperature,℃,13.116666666666667
2026-08-25 01:00:00,indoor.temperature,℃,17.541666666666668
2026-08-25 01:00:00,pressure.absolute,inHg,28.10166666666667
2026-08-25 01:00:00,indoor.app_tempin,℃,17.466666666666665
2026-08-25 01:00:00,indoor.dew_point,℃,9.575
2026-08-25 01:00:00,indoor.feels_like,℃,17.55
2026-08-25 01:00:00,indoor.humidity,%,59.5
2026-08-25 02:00:00,temp_ch2.temperature,℃,13.116666666666667
2026-08-25 02:00:00,temp_ch1.temperature,℃,13.758333333333333
2026-08-25 02:00:00,soil_ch2.soilmoisture,%,42.0
2026-08-25 02:00:00,soil_ch2.ad,,214.16666666666666
2026-08-25 02:00:00,soil_ch1.ad,,260.0
2026-08-25 02:00:00,soil_ch1.soilmoisture,%,55.0
2026-08-25 02:00:00,indoor.temperature,℃,17.474999999999998
2026-08-25 02:00:00,indoor.humidity,%,59.416666666666664
2026-08-25 02:00:00,indoor.feels_like,℃,17.474999999999998
2026-08-25 02:00:00,indoor.dew_point,℃,9.466666666666667
2026-08-25 02:00:00,indoor.app_tempin,℃,17.383333333333333
2026-08-25 02:00:00,pressure.absolute,inHg,28.098333333333333
2026-08-25 02:00:00,pressure.relative,inHg,28.098333333333333
2026-08-25 03:00:00,temp_ch2.temperature,℃,13.158333333333333
2026-08-25 03:00:00,soil_ch1.ad,,260.0
2026-08-25 03:00:00,temp_ch1.temperature,℃,13.708333333333334
2026-08-25 03:00:00,soil_ch2.soilmoisture,%,42.0
2026-08-25 03:00:00,soil_ch2.ad,,214.25
2026-08-25 03:00:00,soil_ch1.soilmoisture,%,55.0
2026-08-25 03:00:00,pressure.relative,inHg,28.11
2026-08-25 03:00:00,indoor.temperature,℃,17.358333333333334
2026-08-25 03:00:00,indoor.humidity,%,59.166666666666664
2026-08-25 03:00:00,indoor.feels_like,℃,17.349999999999998
2026-08-25 03:00:00,indoor.dew_point,℃,9.325000000000001
2026-08-25 03:00:00,indoor.app_tempin,℃,17.241666666666667
2026-08-25 03:00:00,pressure.absolute,inHg,28.11
2026-08-25 04:00:00,temp_ch2.temperature,℃,13.158333333333333
2026-08-25 04:00:00,temp_ch1.temperature,℃,13.716666666666667
2026-08-25 04:00:00,soil_ch2.soilmoisture,%,42.0
2026-08-25 04:00:00,soil_ch2.ad,,214.0
2026-08-25 04:00:00,soil_ch1.soilmoisture,%,55.0
2026-08-25 04:00:00,soil_ch1.ad,,260.0
2026-08-25 04:00:00,pressure.relative,inHg,28.093333333333334
2026-08-25 04:00:00,pressure.absolute,inHg,28.093333333333334
2026-08-25 04:00:00,indoor.temperature,℃,17.3
2026-08-25 04:00:00,indoor.humidity,%,59.0
2026-08-25 04:00:00,indoor.feels_like,℃,17.283333333333335
2026-08-25 04:00:00,indoor.dew_point,℃,9.216666666666667
2026-08-25 04:00:00,indoor.app_tempin,℃,17.116666666666667
2026-08-25 05:00:00,temp_ch1.temperature,℃,13.708333333333334
2026-08-25 05:00:00,soil_ch2.soilmoisture,%,42.0
2026-08-25 05:00:00,soil_ch2.ad,,214.08333333333334
2026-08-25 05:00:00,soil_ch1.soilmoisture,%,55.0
2026-08-25 05:00:00,soil_ch1.ad,,259.9166666666667
2026-08-25 05:00:00,pressure.relative,inHg,28.10083333333333
2026-08-25 05:00:00,temp_ch2.temperature,℃,13.116666666666667
2026-08-25 05:00:00,indoor.temperature,℃,17.175
2026-08-25 05:00:00,indoor.humidity,%,58.25
2026-08-25 05:00:00,indoor.feels_like,℃,17.191666666666666
2026-08-25 05:00:00,indoor.dew_point,℃,8.916666666666666
2026-08-25 05:00:00,indoor.app_tempin,℃,16.95
2026-08-25 05:00:00,pressure.absolute,inHg,28.10083333333333
2026-08-25 06:00:00,temp_ch1.temperature,℃,13.699999999999998
2026-08-25 06:00:00,soil_ch2.soilmoisture,%,42.0
2026-08-25 06:00:00,soil_ch2.ad,,214.08333333333334
2026-08-25 06:00:00,soil_ch1.soilmoisture,%,55.0
2026-08-25 06:00:00,soil_ch1.ad,,259.25
2026-08-25 06:00:00,pressure.relative,inHg,28.079166666666666
2026-08-25 06:00:00,temp_ch2.temperature,℃,13.133333333333333
2026-08-25 06:00:00,indoor.temperature,℃,17.116666666666667
2026-08-25 06:00:00,indoor.humidity,%,58.0
2026-08-25 06:00:00,indoor.feels_like,℃,17.116666666666667
2026-08-25 06:00:00,indoor.dew_point,℃,8.8
2026-08-25 06:00:00,indoor.app_tempin,℃,16.866666666666664
2026-08-25 06:00:00,pressure.absolute,inHg,28.079166666666666
2026-08-25 07:00:00,temp_ch2.temperature,℃,13.141666666666666
2026-08-25 07:00:00,temp_ch1.temperature,℃,13.699999999999998
2026-08-25 07:00:00,soil_ch2.soilmoisture,%,41.75
2026-08-25 07:00:00,soil_ch2.ad,,213.75
2026-08-25 07:00:00,soil_ch1.soilmoisture,%,55.0
2026-08-25 07:00:00,soil_ch1.ad,,259.0833333333333
2026-08-25 07:00:00,pressure.relative,inHg,28.061666666666667
2026-08-25 07:00:00,indoor.temperature,℃,17.058333333333334
2026-08-25 07:00:00,indoor.humidity,%,58.0
2026-08-25 07:00:00,indoor.feels_like,℃,17.058333333333334
2026-08-25 07:00:00,indoor.dew_point,℃,8.733333333333333
2026-08-25 07:00:00,indoor.app_tempin,℃,16.783333333333335
2026-08-25 07:00:00,pressure.absolute,inHg,28.061666666666667
2026-08-25 08:00:00,temp_ch2.temperature,℃,13.1
2026-08-25 08:00:00,temp_ch1.temperature,℃,13.708333333333334
2026-08-25 08:00:00,soil_ch2.soilmoisture,%,41.666666666666664
2026-08-25 08:00:00,soil_ch2.ad,,213.66666666666666
2026-08-25 08:00:00,soil_ch1.soilmoisture,%,55.0
2026-08-25 08:00:00,soil_ch1.ad,,259.0
2026-08-25 08:00:00,pressure.relative,inHg,28.054999999999996
2026-08-25 08:00:00,indoor.temperature,℃,17.033333333333335
2026-08-25 08:00:00,indoor.app_tempin,℃,16.758333333333333
2026-08-25 08:00:00,indoor.dew_point,℃,8.666666666666666
2026-08-25 08:00:00,pressure.absolute,inHg,28.054999999999996
2026-08-25 08:00:00,indoor.humidity,%,57.833333333333336
2026-08-25 08:00:00,indoor.feels_like,℃,17.033333333333335
2026-08-25 09:00:00,temp_ch2.temperature,℃,13.158333333333333
2026-08-25 09:00:00,temp_ch1.temperature,℃,13.716666666666667
2026-08-25 09:00:00,soil_ch2.soilmoisture,%,41.333333333333336
2026-08-25 09:00:00,soil_ch2.ad,,213.33333333333334
2026-08-25 09:00:00,soil_ch1.ad,,259.0
2026-08-25 09:00:00,pressure.relative,inHg,28.043333333333333
2026-08-25 09:00:00,soil_ch1.soilmoisture,%,55.0
2026-08-25 09:00:00,indoor.temperature,℃,17.1
2026-08-25 09:00:00,indoor.humidity,%,56.25
2026-08-25 09:00:00,indoor.feels_like,℃,17.1
2026-08-25 09:00:00,indoor.dew_point,℃,8.341666666666667
2026-08-25 09:00:00,indoor.app_tempin,℃,16.716666666666665
2026-08-25 09:00:00,pressure.absolute,inHg,28.043333333333333
2026-08-25 10:00:00,soil_ch1.soilmoisture,%,55.0
2026-08-25 10:00:00,temp_ch2.temperature,℃,13.183333333333332
2026-08-25 10:00:00,temp_ch1.temperature,℃,13.741666666666667
2026-08-25 10:00:00,soil_ch2.soilmoisture,%,41.666666666666664
2026-08-25 10:00:00,soil_ch2.ad,,213.66666666666666
2026-08-25 10:00:00,soil_ch1.ad,,259.0
2026-08-25 10:00:00,indoor.dew_point,℃,8.058333333333334
2026-08-25 10:00:00,pressure.absolute,inHg,28.031666666666666
2026-08-25 10:00:00,indoor.temperature,℃,17.1
2026-08-25 10:00:00,indoor.humidity,%,55.166666666666664
2026-08-25 10:00:00,indoor.feels_like,℃,17.1
2026-08-25 10:00:00,indoor.app_tempin,℃,16.625
2026-08-25 10:00:00,pressure.relative,inHg,28.031666666666666
2026-08-25 11:00:00,soil_ch1.soilmoisture,%,55.0
2026-08-25 11:00:00,temp_ch2.temperature,℃,13.149999999999999
2026-08-25 11:00:00,temp_ch1.temperature,℃,13.725
2026-08-25 11:00:00,soil_ch2.soilmoisture,%,41.166666666666664
2026-08-25 11:00:00,soil_ch2.ad,,213.25
2026-08-25 11:00:00,soil_ch1.ad,,259.0
2026-08-25 11:00:00,indoor.dew_point,℃,7.7250000000000005
2026-08-25 11:00:00,pressure.absolute,inHg,28.02416666666667
2026-08-25 11:00:00,indoor.temperature,℃,17.09166666666667
2026-08-25 11:00:00,indoor.humidity,%,54.083333333333336
2026-08-25 11:00:00,indoor.feels_like,℃,17.09166666666667
2026-08-25 11:00:00,indoor.app_tempin,℃,16.55
2026-08-25 11:00:00,pressure.relative,inHg,28.02416666666667
2026-08-25 12:00:00,temp_ch2.temperature,℃,13.1
2026-08-25 12:00:00,temp_ch1.temperature,℃,13.716666666666667
2026-08-25 12:00:00,soil_ch2.soilmoisture,%,41.416666666666664
2026-08-25 12:00:00,soil_ch2.ad,,213.41666666666666
2026-08-25 12:00:00,soil_ch1.soilmoisture,%,55.0
2026-08-25 12:00:00,soil_ch1.ad,,259.0
2026-08-25 12:00:00,pressure.relative,inHg,28.06833333333333
2026-08-25 12:00:00,indoor.temperature,℃,17.166666666666668
2026-08-25 12:00:00,indoor.humidity,%,52.333333333333336
2026-08-25 12:00:00,indoor.feels_like,℃,17.175
2026-08-25 12:00:00,indoor.dew_point,℃,7.316666666666666
2026-08-25 12:00:00,indoor.app_tempin,℃,16.55
2026-08-25 12:00:00,pressure.absolute,inHg,28.06833333333333
2026-08-25 13:00:00,soil_ch1.soilmoisture,%,55.0
2026-08-25 13:00:00,temp_ch2.temperature,℃,13.1
2026-08-25 13:00:00,temp_ch1.temperature,℃,13.741666666666667
2026-08-25 13:00:00,soil_ch2.soilmoisture,%,41.0
2026-08-25 13:00:00,soil_ch2.ad,,213.0
2026-08-25 13:00:00,soil_ch1.ad,,259.0
2026-08-25 13:00:00,indoor.dew_point,℃,7.0
2026-08-25 13:00:00,pressure.absolute,inHg,28.1075
2026-08-25 13:00:00,indoor.app_tempin,℃,16.508333333333333
2026-08-25 13:00:00,indoor.feels_like,℃,17.208333333333332
2026-08-25 13:00:00,pressure.relative,inHg,28.1075
2026-08-25 13:00:00,indoor.temperature,℃,17.208333333333332
2026-08-25 13:00:00,indoor.humidity,%,51.0
2026-08-25 14:00:00,soil_ch1.soilmoisture,%,55.0
2026-08-25 14:00:00,temp_ch2.temperature,℃,13.108333333333333
2026-08-25 14:00:00,temp_ch1.temperature,℃,13.800000000000002
2026-08-25 14:00:00,soil_ch2.soilmoisture,%,41.0
2026-08-25 14:00:00,soil_ch2.ad,,213.0
2026-08-25 14:00:00,soil_ch1.ad,,259.0
2026-08-25 14:00:00,pressure.relative,inHg,28.094166666666666
2026-08-25 14:00:00,pressure.absolute,inHg,28.094166666666666
2026-08-25 14:00:00,indoor.temperature,℃,17.291666666666668
2026-08-25 14:00:00,indoor.humidity,%,51.0
2026-08-25 14:00:00,indoor.feels_like,℃,17.291666666666668
2026-08-25 14:00:00,indoor.dew_point,℃,7.083333333333333
2026-08-25 14:00:00,indoor.app_tempin,℃,16.59166666666667
2026-08-25 15:00:00,temp_ch1.temperature,℃,13.800000000000002
2026-08-25 15:00:00,soil_ch2.soilmoisture,%,41.0
2026-08-25 15:00:00,soil_ch2.ad,,213.0
2026-08-25 15:00:00,soil_ch1.soilmoisture,%,55.0
2026-08-25 15:00:00,soil_ch1.ad,,258.5
2026-08-25 15:00:00,temp_ch2.temperature,℃,13.116666666666667
2026-08-25 15:00:00,pressure.relative,inHg,28.040000000000003
2026-08-25 15:00:00,indoor.temperature,℃,17.508333333333333
2026-08-25 15:00:00,indoor.humidity,%,52.5
2026-08-25 15:00:00,indoor.feels_like,℃,17.508333333333333
2026-08-25 15:00:00,indoor.dew_point,℃,7.683333333333334
2026-08-25 15:00:00,indoor.app_tempin,℃,16.966666666666665
2026-08-25 15:00:00,pressure.absolute,inHg,28.040000000000003
2026-08-25 16:00:00,temp_ch2.temperature,℃,13.133333333333333
2026-08-25 16:00:00,temp_ch1.temperature,℃,13.825000000000001
2026-08-25 16:00:00,soil_ch2.soilmoisture,%,41.0
2026-08-25 16:00:00,soil_ch2.ad,,213.0
2026-08-25 16:00:00,soil_ch1.soilmoisture,%,55.0
2026-08-25 16:00:00,soil_ch1.ad,,258.0
2026-08-25 16:00:00,pressure.relative,inHg,28.003333333333334
2026-08-25 16:00:00,indoor.temperature,℃,17.716666666666665
2026-08-25 16:00:00,indoor.humidity,%,55.25
2026-08-25 16:00:00,indoor.feels_like,℃,17.716666666666665
2026-08-25 16:00:00,indoor.dew_point,℃,8.674999999999999
2026-08-25 16:00:00,indoor.app_tempin,℃,17.416666666666668
2026-08-25 16:00:00,pressure.absolute,inHg,28.003333333333334
2026-08-25 17:00:00,soil_ch1.ad,,258.0
2026-08-25 17:00:00,temp_ch1.temperature,℃,13.9
2026-08-25 17:00:00,soil_ch2.soilmoisture,%,41.0
2026-08-25 17:00:00,soil_ch2.ad,,213.0
2026-08-25 17:00:00,soil_ch1.soilmoisture,%,55.0
2026-08-25 17:00:00,pressure.relative,inHg,27.995833333333334
2026-08-25 17:00:00,temp_ch2.temperature,℃,13.149999999999999
2026-08-25 17:00:00,indoor.temperature,℃,17.7
2026-08-25 17:00:00,indoor.humidity,%,55.0
2026-08-25 17:00:00,indoor.feels_like,℃,17.7
2026-08-25 17:00:00,indoor.dew_point,℃,8.6
2026-08-25 17:00:00,indoor.app_tempin,℃,17.4
2026-08-25 17:00:00,pressure.absolute,inHg,27.995833333333334
2026-08-25 18:00:00,temp_ch2.temperature,℃,13.158333333333333
2026-08-25 18:00:00,temp_ch1.temperature,℃,13.958333333333334
2026-08-25 18:00:00,soil_ch2.soilmoisture,%,41.0
2026-08-25 18:00:00,soil_ch2.ad,,212.5
2026-08-25 18:00:00,soil_ch1.soilmoisture,%,55.0
2026-08-25 18:00:00,soil_ch1.ad,,258.0
2026-08-25 18:00:00,indoor.dew_point,℃,9.4
2026-08-25 18:00:00,pressure.absolute,inHg,27.974999999999998
2026-08-25 18:00:00,indoor.temperature,℃,18.175
2026-08-25 18:00:00,indoor.humidity,%,56.416666666666664
2026-08-25 18:00:00,indoor.feels_like,℃,18.175
2026-08-25 18:00:00,pressure.relative,inHg,27.974999999999998
2026-08-25 18:00:00,indoor.app_tempin,℃,18.066666666666666
2026-08-25 19:00:00,temp_ch2.temperature,℃,13.133333333333333
2026-08-25 19:00:00,temp_ch1.temperature,℃,14.0
2026-08-25 19:00:00,soil_ch2.soilmoisture,%,41.0
2026-08-25 19:00:00,soil_ch2.ad,,212.0
2026-08-25 19:00:00,soil_ch1.soilmoisture,%,55.0
2026-08-25 19:00:00,soil_ch1.ad,,258.0
2026-08-25 19:00:00,pressure.relative,inHg,27.976666666666663
2026-08-25 19:00:00,pressure.absolute,inHg,27.976666666666663
2026-08-25 19:00:00,indoor.temperature,℃,18.241666666666667
2026-08-25 19:00:00,indoor.humidity,%,56.916666666666664
2026-08-25 19:00:00,indoor.feels_like,℃,18.241666666666667
2026-08-25 19:00:00,indoor.dew_point,℃,9.6
2026-08-25 19:00:00,indoor.app_tempin,℃,18.191666666666666
2026-08-25 20:00:00,temp_ch2.temperature,℃,13.166666666666666
2026-08-25 20:00:00,temp_ch1.temperature,℃,14.049999999999999
2026-08-25 20:00:00,soil_ch2.soilmoisture,%,41.0
2026-08-25 20:00:00,soil_ch2.ad,,212.0
2026-08-25 20:00:00,soil_ch1.soilmoisture,%,55.0
2026-08-25 20:00:00,soil_ch1.ad,,258.0
2026-08-25 20:00:00,pressure.absolute,inHg,27.978333333333335
2026-08-25 20:00:00,indoor.temperature,℃,18.14166666666667
2026-08-25 20:00:00,indoor.humidity,%,56.0
2026-08-25 20:00:00,indoor.feels_like,℃,18.150000000000002
2026-08-25 20:00:00,indoor.dew_point,℃,9.225
2026-08-25 20:00:00,indoor.app_tempin,℃,17.974999999999998
2026-08-25 20:00:00,pressure.relative,inHg,27.978333333333335
2026-08-25 21:00:00,pressure.absolute,inHg,27.981666666666666
2026-08-25 21:00:00,temp_ch1.temperature,℃,14.1
2026-08-25 21:00:00,soil_ch2.soilmoisture,%,41.0
2026-08-25 21:00:00,soil_ch2.ad,,212.0
2026-08-25 21:00:00,soil_ch1.soilmoisture,%,55.0
2026-08-25 21:00:00,soil_ch1.ad,,258.0
2026-08-25 21:00:00,indoor.humidity,%,56.0
2026-08-25 21:00:00,indoor.temperature,℃,18.041666666666668
2026-08-25 21:00:00,temp_ch2.temperature,℃,13.199999999999998
2026-08-25 21:00:00,indoor.feels_like,℃,18.041666666666668
2026-08-25 21:00:00,indoor.dew_point,℃,9.133333333333333
2026-08-25 21:00:00,indoor.app_tempin,℃,17.841666666666665
2026-08-25 21:00:00,pressure.relative,inHg,27.981666666666666
2026-08-25 22:00:00,soil_ch2.ad,,211.91666666666666
2026-08-25 22:00:00,soil_ch1.soilmoisture,%,55.0
2026-08-25 22:00:00,temp_ch1.temperature,℃,14.1
2026-08-25 22:00:00,soil_ch2.soilmoisture,%,41.0
2026-08-25 22:00:00,soil_ch1.ad,,257.8333333333333
2026-08-25 22:00:00,temp_ch2.temperature,℃,13.199999999999998
2026-08-25 22:00:00,pressure.relative,inHg,27.978333333333335
2026-08-25 22:00:00,indoor.temperature,℃,17.925
2026-08-25 22:00:00,indoor.humidity,%,56.833333333333336
2026-08-25 22:00:00,indoor.feels_like,℃,17.925
2026-08-25 22:00:00,indoor.dew_point,℃,9.258333333333335
2026-08-25 22:00:00,indoor.app_tempin,℃,17.733333333333334
2026-08-25 22:00:00,pressure.absolute,inHg,27.978333333333335
2026-08-25 23:00:00,temp_ch2.temperature,℃,13.199999999999998
2026-08-25 23:00:00,temp_ch1.temperature,℃,14.1
2026-08-25 23:00:00,soil_ch2.soilmoisture,%,41.0
2026-08-25 23:00:00,soil_ch2.ad,,211.66666666666666
2026-08-25 23:00:00,soil_ch1.soilmoisture,%,55.0
2026-08-25 23:00:00,soil_ch1.ad,,257.0833333333333
2026-08-25 23:00:00,pressure.absolute,inHg,27.9875
2026-08-25 23:00:00,indoor.temperature,℃,17.741666666666667
2026-08-25 23:00:00,indoor.humidity,%,57.916666666666664
2026-08-25 23:00:00,indoor.feels_like,℃,17.75
2026-08-25 23:00:00,indoor.dew_point,℃,9.333333333333334
2026-08-25 23:00:00,indoor.app_tempin,℃,17.608333333333334
2026-08-25 23:00:00,pressure.relative,inHg,27.9875
2026-08-26 00:00:00,soil_ch1.ad,,257.0
2026-08-26 00:00:00,temp_ch1.temperature,℃,14.1
2026-08-26 00:00:00,soil_ch2.soilmoisture,%,41.0
2026-08-26 00:00:00,soil_ch2.ad,,211.58333333333334
2026-08-26 00:00:00,soil_ch1.soilmoisture,%,55.0
2026-08-26 00:00:00,pressure.relative,inHg,28.023333333333337
2026-08-26 00:00:00,temp_ch2.temperature,℃,13.199999999999998
2026-08-26 00:00:00,indoor.temperature,℃,17.516666666666666
2026-08-26 00:00:00,indoor.humidity,%,57.916666666666664
2026-08-26 00:00:00,indoor.feels_like,℃,17.516666666666666
2026-08-26 00:00:00,indoor.dew_point,℃,9.15
2026-08-26 00:00:00,indoor.app_tempin,℃,17.341666666666665
2026-08-26 00:00:00,pressure.absolute,inHg,28.023333333333337
2026-08-26 01:00:00,temp_ch1.temperature,℃,14.1
2026-08-26 01:00:00,soil_ch2.soilmoisture,%,41.0
2026-08-26 01:00:00,soil_ch2.ad,,211.41666666666666
2026-08-26 01:00:00,soil_ch1.soilmoisture,%,55.0
2026-08-26 01:00:00,soil_ch1.ad,,257.0
2026-08-26 01:00:00,pressure.relative,inHg,28.02333333333333
2026-08-26 01:00:00,temp_ch2.temperature,℃,13.233333333333334
2026-08-26 01:00:00,indoor.temperature,℃,17.366666666666667
2026-08-26 01:00:00,indoor.humidity,%,58.0
2026-08-26 01:00:00,indoor.feels_like,℃,17.358333333333334
2026-08-26 01:00:00,indoor.dew_point,℃,9.008333333333333
2026-08-26 01:00:00,indoor.app_tempin,℃,17.175
2026-08-26 01:00:00,pressure.absolute,inHg,28.02333333333333
2026-08-26 02:00:00,temp_ch2.temperature,℃,13.225
2026-08-26 02:00:00,temp_ch1.temperature,℃,14.083333333333334
2026-08-26 02:00:00,soil_ch2.soilmoisture,%,41.0
2026-08-26 02:00:00,soil_ch2.ad,,211.33333333333334
2026-08-26 02:00:00,soil_ch1.soilmoisture,%,55.0
2026-08-26 02:00:00,soil_ch1.ad,,257.0
2026-08-26 02:00:00,pressure.relative,inHg,28.007500000000004
2026-08-26 02:00:00,indoor.temperature,℃,17.241666666666667
2026-08-26 02:00:00,indoor.humidity,%,58.083333333333336
2026-08-26 02:00:00,indoor.feels_like,℃,17.241666666666667
2026-08-26 02:00:00,indoor.dew_point,℃,8.916666666666666
2026-08-26 02:00:00,indoor.app_tempin,℃,16.983333333333334
2026-08-26 02:00:00,pressure.absolute,inHg,28.007500000000004
2026-08-26 03:00:00,temp_ch2.temperature,℃,13.25
2026-08-26 03:00:00,temp_ch1.temperature,℃,14.008333333333333
2026-08-26 03:00:00,soil_ch2.soilmoisture,%,41.0
2026-08-26 03:00:00,soil_ch2.ad,,211.25
2026-08-26 03:00:00,soil_ch1.soilmoisture,%,55.0
2026-08-26 03:00:00,soil_ch1.ad,,257.0
2026-08-26 03:00:00,pressure.relative,inHg,27.989166666666666
2026-08-26 03:00:00,indoor.temperature,℃,17.166666666666668
2026-08-26 03:00:00,indoor.humidity,%,58.0
2026-08-26 03:00:00,indoor.feels_like,℃,17.166666666666668
2026-08-26 03:00:00,indoor.dew_point,℃,8.858333333333334
2026-08-26 03:00:00,indoor.app_tempin,℃,16.875
2026-08-26 03:00:00,pressure.absolute,inHg,27.989166666666666
2026-08-26 04:00:00,temp_ch2.temperature,℃,13.275
2026-08-26 04:00:00,temp_ch1.temperature,℃,14.0
2026-08-26 04:00:00,soil_ch2.soilmoisture,%,41.0
2026-08-26 04:00:00,soil_ch2.ad,,211.25
2026-08-26 04:00:00,soil_ch1.soilmoisture,%,55.0
2026-08-26 04:00:00,soil_ch1.ad,,257.0
2026-08-26 04:00:00,pressure.relative,inHg,28.008333333333336
2026-08-26 04:00:00,pressure.absolute,inHg,28.008333333333336
2026-08-26 04:00:00,indoor.temperature,℃,16.983333333333334
2026-08-26 04:00:00,indoor.humidity,%,59.0
2026-08-26 04:00:00,indoor.feels_like,℃,16.983333333333334
2026-08-26 04:00:00,indoor.dew_point,℃,8.916666666666666
2026-08-26 04:00:00,indoor.app_tempin,℃,16.78333333333333
2026-08-26 05:00:00,temp_ch2.temperature,℃,13.300000000000002
2026-08-26 05:00:00,temp_ch1.temperature,℃,14.0
2026-08-26 05:00:00,soil_ch2.soilmoisture,%,41.0
2026-08-26 05:00:00,soil_ch2.ad,,211.08333333333334
2026-08-26 05:00:00,soil_ch1.soilmoisture,%,55.0
2026-08-26 05:00:00,soil_ch1.ad,,257.0
2026-08-26 05:00:00,pressure.relative,inHg,27.985
2026-08-26 05:00:00,pressure.absolute,inHg,27.985
2026-08-26 05:00:00,indoor.temperature,℃,16.933333333333334
2026-08-26 05:00:00,indoor.humidity,%,59.0
2026-08-26 05:00:00,indoor.feels_like,℃,16.933333333333334
2026-08-26 05:00:00,indoor.dew_point,℃,8.833333333333334
2026-08-26 05:00:00,indoor.app_tempin,℃,16.708333333333332
2026-08-26 06:00:00,temp_ch2.temperature,℃,13.300000000000002
2026-08-26 06:00:00,temp_ch1.temperature,℃,13.983333333333334
2026-08-26 06:00:00,soil_ch2.soilmoisture,%,41.0
2026-08-26 06:00:00,soil_ch2.ad,,211.0
2026-08-26 06:00:00,soil_ch1.soilmoisture,%,55.0
2026-08-26 06:00:00,soil_ch1.ad,,257.0
2026-08-26 06:00:00,pressure.relative,inHg,27.982499999999998
2026-08-26 06:00:00,pressure.absolute,inHg,27.982499999999998
2026-08-26 06:00:00,indoor.temperature,℃,16.825
2026-08-26 06:00:00,indoor.humidity,%,59.0
2026-08-26 06:00:00,indoor.feels_like,℃,16.816666666666666
2026-08-26 06:00:00,indoor.dew_point,℃,8.8
2026-08-26 06:00:00,indoor.app_tempin,℃,16.55
2026-08-26 07:00:00,temp_ch1.temperature,℃,13.9
2026-08-26 07:00:00,soil_ch2.soilmoisture,%,41.0
2026-08-26 07:00:00,soil_ch2.ad,,211.0
2026-08-26 07:00:00,soil_ch1.soilmoisture,%,55.0
2026-08-26 07:00:00,soil_ch1.ad,,257.0
2026-08-26 07:00:00,pressure.relative,inHg,27.9675
2026-08-26 07:00:00,temp_ch2.temperature,℃,13.300000000000002
2026-08-26 07:00:00,indoor.temperature,℃,16.716666666666665
2026-08-26 07:00:00,indoor.humidity,%,59.0
2026-08-26 07:00:00,indoor.feels_like,℃,16.716666666666665
2026-08-26 07:00:00,indoor.dew_point,℃,8.691666666666666
2026-08-26 07:00:00,indoor.app_tempin,℃,16.4
2026-08-26 07:00:00,pressure.absolute,inHg,27.9675
2026-08-26 08:00:00,temp_ch2.temperature,℃,13.300000000000002
2026-08-26 08:00:00,temp_ch1.temperature,℃,13.9
2026-08-26 08:00:00,soil_ch2.soilmoisture,%,41.0
2026-08-26 08:00:00,soil_ch2.ad,,211.0
2026-08-26 08:00:00,soil_ch1.soilmoisture,%,55.0
2026-08-26 08:00:00,soil_ch1.ad,,257.0
2026-08-26 08:00:00,pressure.relative,inHg,27.955833333333334
2026-08-26 08:00:00,pressure.absolute,inHg,27.955833333333334
2026-08-26 08:00:00,indoor.temperature,℃,16.583333333333332
2026-08-26 08:00:00,indoor.humidity,%,59.0
2026-08-26 08:00:00,indoor.feels_like,℃,16.59166666666667
2026-08-26 08:00:00,indoor.dew_point,℃,8.566666666666666
2026-08-26 08:00:00,indoor.app_tempin,℃,16.275000000000002
2026-08-26 09:00:00,temp_ch1.temperature,℃,13.9
2026-08-26 09:00:00,soil_ch2.soilmoisture,%,41.0
2026-08-26 09:00:00,soil_ch2.ad,,211.0
2026-08-26 09:00:00,soil_ch1.soilmoisture,%,55.0
2026-08-26 09:00:00,soil_ch1.ad,,257.0
2026-08-26 09:00:00,pressure.relative,inHg,27.956666666666667
2026-08-26 09:00:00,temp_ch2.temperature,℃,13.300000000000002
2026-08-26 09:00:00,indoor.temperature,℃,16.525000000000002
2026-08-26 09:00:00,indoor.humidity,%,59.0
2026-08-26 09:00:00,indoor.feels_like,℃,16.525000000000002
2026-08-26 09:00:00,indoor.dew_point,℃,8.458333333333334
2026-08-26 09:00:00,indoor.app_tempin,℃,16.208333333333332
2026-08-26 09:00:00,pressure.absolute,inHg,27.956666666666667
2026-08-26 10:00:00,temp_ch1.temperature,℃,13.850000000000001
2026-08-26 10:00:00,soil_ch2.soilmoisture,%,41.0
2026-08-26 10:00:00,soil_ch2.ad,,211.0
2026-08-26 10:00:00,soil_ch1.soilmoisture,%,55.0
2026-08-26 10:00:00,soil_ch1.ad,,257.0
2026-08-26 10:00:00,pressure.relative,inHg,27.953333333333333
2026-08-26 10:00:00,temp_ch2.temperature,℃,13.300000000000002
2026-08-26 10:00:00,indoor.temperature,℃,16.491666666666667
2026-08-26 10:00:00,indoor.humidity,%,59.0
2026-08-26 10:00:00,indoor.feels_like,℃,16.491666666666667
2026-08-26 10:00:00,indoor.dew_point,℃,8.4
2026-08-26 10:00:00,indoor.app_tempin,℃,16.166666666666668
2026-08-26 10:00:00,pressure.absolute,inHg,27.953333333333333
2026-08-26 11:00:00,temp_ch2.temperature,℃,13.300000000000002
2026-08-26 11:00:00,temp_ch1.temperature,℃,13.800000000000002
2026-08-26 11:00:00,soil_ch2.soilmoisture,%,41.0
2026-08-26 11:00:00,soil_ch2.ad,,211.0
2026-08-26 11:00:00,soil_ch1.soilmoisture,%,55.0
2026-08-26 11:00:00,soil_ch1.ad,,257.0
2026-08-26 11:00:00,pressure.relative,inHg,27.954166666666666
2026-08-26 11:00:00,indoor.temperature,℃,16.416666666666668
2026-08-26 11:00:00,indoor.humidity,%,59.0
2026-08-26 11:00:00,indoor.feels_like,℃,16.416666666666668
2026-08-26 11:00:00,indoor.dew_point,℃,8.4
2026-08-26 11:00:00,indoor.app_tempin,℃,16.041666666666668
2026-08-26 11:00:00,pressure.absolute,inHg,27.954166666666666
2026-08-26 12:00:00,soil_ch1.ad,,257.0
2026-08-26 12:00:00,temp_ch1.temperature,℃,13.800000000000002
2026-08-26 12:00:00,soil_ch2.soilmoisture,%,40.833333333333336
2026-08-26 12:00:00,soil_ch2.ad,,210.83333333333334
2026-08-26 12:00:00,soil_ch1.soilmoisture,%,55.0
2026-08-26 12:00:00,pressure.relative,inHg,27.9675
2026-08-26 12:00:00,temp_ch2.temperature,℃,13.300000000000002
2026-08-26 12:00:00,indoor.temperature,℃,16.391666666666666
2026-08-26 12:00:00,indoor.app_tempin,℃,16.033333333333335
2026-08-26 12:00:00,indoor.dew_point,℃,8.483333333333333
2026-08-26 12:00:00,pressure.absolute,inHg,27.9675
2026-08-26 12:00:00,indoor.humidity,%,59.416666666666664
2026-08-26 12:00:00,indoor.feels_like,℃,16.391666666666666
2026-08-26 13:00:00,temp_ch2.temperature,℃,13.241666666666667
2026-08-26 13:00:00,temp_ch1.temperature,℃,13.775
2026-08-26 13:00:00,soil_ch2.soilmoisture,%,40.833333333333336
2026-08-26 13:00:00,soil_ch2.ad,,210.83333333333334
2026-08-26 13:00:00,soil_ch1.ad,,257.0
2026-08-26 13:00:00,pressure.relative,inHg,27.986666666666665
2026-08-26 13:00:00,soil_ch1.soilmoisture,%,55.0
2026-08-26 13:00:00,indoor.temperature,℃,16.375
2026-08-26 13:00:00,indoor.humidity,%,60.0
2026-08-26 13:00:00,indoor.feels_like,℃,16.35833333333333
2026-08-26 13:00:00,indoor.dew_point,℃,8.6
2026-08-26 13:00:00,indoor.app_tempin,℃,16.033333333333335
2026-08-26 13:00:00,pressure.absolute,inHg,27.986666666666665
2026-08-26 14:00:00,soil_ch1.ad,,256.1666666666667
2026-08-26 14:00:00,temp_ch1.temperature,℃,13.708333333333334
2026-08-26 14:00:00,soil_ch2.soilmoisture,%,40.75
2026-08-26 14:00:00,soil_ch2.ad,,210.75
2026-08-26 14:00:00,soil_ch1.soilmoisture,%,54.166666666666664
2026-08-26 14:00:00,pressure.relative,inHg,27.983333333333334
2026-08-26 14:00:00,temp_ch2.temperature,℃,13.225
2026-08-26 14:00:00,indoor.temperature,℃,16.316666666666666
2026-08-26 14:00:00,indoor.humidity,%,60.0
2026-08-26 14:00:00,indoor.feels_like,℃,16.3
2026-08-26 14:00:00,indoor.dew_point,℃,8.566666666666666
2026-08-26 14:00:00,indoor.app_tempin,℃,15.966666666666669
2026-08-26 14:00:00,pressure.absolute,inHg,27.983333333333334
2026-08-26 15:00:00,temp_ch1.temperature,℃,13.699999999999998
2026-08-26 15:00:00,soil_ch2.soilmoisture,%,40.25
2026-08-26 15:00:00,soil_ch2.ad,,210.25
2026-08-26 15:00:00,soil_ch1.soilmoisture,%,54.0
2026-08-26 15:00:00,soil_ch1.ad,,256.0
2026-08-26 15:00:00,pressure.relative,inHg,27.986666666666665
2026-08-26 15:00:00,temp_ch2.temperature,℃,13.208333333333334
2026-08-26 15:00:00,indoor.temperature,℃,16.35833333333333
2026-08-26 15:00:00,pressure.absolute,inHg,27.986666666666665
2026-08-26 15:00:00,indoor.app_tempin,℃,16.025000000000002
2026-08-26 15:00:00,indoor.dew_point,℃,8.591666666666667
2026-08-26 15:00:00,indoor.feels_like,℃,16.333333333333332
2026-08-26 15:00:00,indoor.humidity,%,60.0
2026-08-26 16:00:00,temp_ch2.temperature,℃,13.199999999999998
2026-08-26 16:00:00,temp_ch1.temperature,℃,13.699999999999998
2026-08-26 16:00:00,soil_ch2.soilmoisture,%,40.416666666666664
2026-08-26 16:00:00,soil_ch2.ad,,210.41666666666666
2026-08-26 16:00:00,soil_ch1.ad,,256.0
2026-08-26 16:00:00,soil_ch1.soilmoisture,%,54.0
2026-08-26 16:00:00,indoor.temperature,℃,16.316666666666666
2026-08-26 16:00:00,indoor.humidity,%,60.166666666666664
2026-08-26 16:00:00,indoor.feels_like,℃,16.316666666666666
2026-08-26 16:00:00,indoor.dew_point,℃,8.625
2026-08-26 16:00:00,indoor.app_tempin,℃,15.983333333333334
2026-08-26 16:00:00,pressure.absolute,inHg,27.985833333333332
2026-08-26 16:00:00,pressure.relative,inHg,27.985833333333332
2026-08-26 17:00:00,temp_ch2.temperature,℃,13.199999999999998
2026-08-26 17:00:00,soil_ch1.ad,,256.0
2026-08-26 17:00:00,temp_ch1.temperature,℃,13.699999999999998
2026-08-26 17:00:00,soil_ch2.soilmoisture,%,40.333333333333336
2026-08-26 17:00:00,soil_ch2.ad,,210.33333333333334
2026-08-26 17:00:00,soil_ch1.soilmoisture,%,54.0
2026-08-26 17:00:00,pressure.relative,inHg,27.9575
2026-08-26 17:00:00,indoor.temperature,℃,16.150000000000002
2026-08-26 17:00:00,indoor.humidity,%,61.916666666666664
2026-08-26 17:00:00,indoor.feels_like,℃,16.166666666666668
2026-08-26 17:00:00,indoor.dew_point,℃,8.883333333333333
2026-08-26 17:00:00,indoor.app_tempin,℃,15.908333333333333
2026-08-26 17:00:00,pressure.absolute,inHg,27.9575
2026-08-26 18:00:00,temp_ch2.temperature,℃,13.208333333333334
2026-08-26 18:00:00,temp_ch1.temperature,℃,13.699999999999998
2026-08-26 18:00:00,soil_ch2.soilmoisture,%,40.166666666666664
2026-08-26 18:00:00,soil_ch2.ad,,210.16666666666666
2026-08-26 18:00:00,soil_ch1.soilmoisture,%,54.0
2026-08-26 18:00:00,soil_ch1.ad,,256.0
2026-08-26 18:00:00,pressure.relative,inHg,27.954166666666666
2026-08-26 18:00:00,pressure.absolute,inHg,27.954166666666666
2026-08-26 18:00:00,indoor.temperature,℃,16.241666666666667
2026-08-26 18:00:00,indoor.humidity,%,62.333333333333336
2026-08-26 18:00:00,indoor.feels_like,℃,16.241666666666667
2026-08-26 18:00:00,indoor.dew_point,℃,9.066666666666666
2026-08-26 18:00:00,indoor.app_tempin,℃,16.041666666666668
2026-08-26 19:00:00,temp_ch1.temperature,℃,13.691666666666665
2026-08-26 19:00:00,soil_ch2.soilmoisture,%,40.416666666666664
2026-08-26 19:00:00,soil_ch2.ad,,210.41666666666666
2026-08-26 19:00:00,soil_ch1.soilmoisture,%,54.0
2026-08-26 19:00:00,soil_ch1.ad,,256.0
2026-08-26 19:00:00,pressure.relative,inHg,27.945000000000004
2026-08-26 19:00:00,temp_ch2.temperature,℃,13.199999999999998
2026-08-26 19:00:00,indoor.temperature,℃,16.5
2026-08-26 19:00:00,indoor.humidity,%,64.16666666666667
2026-08-26 19:00:00,indoor.feels_like,℃,16.5
2026-08-26 19:00:00,indoor.dew_point,℃,9.716666666666667
2026-08-26 19:00:00,indoor.app_tempin,℃,16.45
2026-08-26 19:00:00,pressure.absolute,inHg,27.945000000000004
2026-08-26 20:00:00,temp_ch1.temperature,℃,13.699999999999998
2026-08-26 20:00:00,soil_ch2.soilmoisture,%,40.25
2026-08-26 20:00:00,soil_ch2.ad,,210.25
2026-08-26 20:00:00,soil_ch1.soilmoisture,%,54.0
2026-08-26 20:00:00,soil_ch1.ad,,256.0
2026-08-26 20:00:00,pressure.relative,inHg,27.9475
2026-08-26 20:00:00,temp_ch2.temperature,℃,13.199999999999998
2026-08-26 20:00:00,indoor.temperature,℃,16.325
2026-08-26 20:00:00,indoor.humidity,%,63.416666666666664
2026-08-26 20:00:00,indoor.feels_like,℃,16.316666666666666
2026-08-26 20:00:00,indoor.dew_point,℃,9.383333333333333
2026-08-26 20:00:00,indoor.app_tempin,℃,16.208333333333332
2026-08-26 20:00:00,pressure.absolute,inHg,27.9475
2026-08-26 21:00:00,temp_ch2.temperature,℃,13.199999999999998
2026-08-26 21:00:00,temp_ch1.temperature,℃,13.699999999999998
2026-08-26 21:00:00,soil_ch2.soilmoisture,%,40.083333333333336
2026-08-26 21:00:00,soil_ch2.ad,,210.08333333333334
2026-08-26 21:00:00,soil_ch1.soilmoisture,%,54.0
2026-08-26 21:00:00,soil_ch1.ad,,256.0
2026-08-26 21:00:00,pressure.relative,inHg,27.9575
2026-08-26 21:00:00,indoor.temperature,℃,16.191666666666666
2026-08-26 21:00:00,indoor.humidity,%,63.166666666666664
2026-08-26 21:00:00,indoor.feels_like,℃,16.208333333333332
2026-08-26 21:00:00,indoor.dew_point,℃,9.191666666666666
2026-08-26 21:00:00,indoor.app_tempin,℃,16.0
2026-08-26 21:00:00,pressure.absolute,inHg,27.9575
2026-08-26 22:00:00,soil_ch1.ad,,256.0
2026-08-26 22:00:00,temp_ch2.temperature,℃,13.199999999999998
2026-08-26 22:00:00,soil_ch2.soilmoisture,%,40.75
2026-08-26 22:00:00,soil_ch2.ad,,210.75
2026-08-26 22:00:00,soil_ch1.soilmoisture,%,54.0
2026-08-26 22:00:00,pressure.relative,inHg,27.960833333333337
2026-08-26 22:00:00,temp_ch1.temperature,℃,13.699999999999998
2026-08-26 22:00:00,indoor.temperature,℃,16.09166666666667
2026-08-26 22:00:00,indoor.app_tempin,℃,15.891666666666667
2026-08-26 22:00:00,indoor.dew_point,℃,9.174999999999999
2026-08-26 22:00:00,pressure.absolute,inHg,27.960833333333337
2026-08-26 22:00:00,indoor.humidity,%,63.416666666666664
2026-08-26 22:00:00,indoor.feels_like,℃,16.1
2026-08-26 23:00:00,temp_ch2.temperature,℃,13.199999999999998
2026-08-26 23:00:00,temp_ch1.temperature,℃,13.699999999999998
2026-08-26 23:00:00,soil_ch2.soilmoisture,%,41.0
2026-08-26 23:00:00,soil_ch2.ad,,211.16666666666666
2026-08-26 23:00:00,soil_ch1.ad,,256.0
2026-08-26 23:00:00,pressure.relative,inHg,27.97
2026-08-26 23:00:00,soil_ch1.soilmoisture,%,54.0
2026-08-26 23:00:00,indoor.temperature,℃,15.991666666666667
2026-08-26 23:00:00,indoor.humidity,%,64.0
2026-08-26 23:00:00,indoor.feels_like,℃,15.991666666666667
2026-08-26 23:00:00,indoor.dew_point,℃,9.2
2026-08-26 23:00:00,indoor.app_tempin,℃,15.825000000000001
2026-08-26 23:00:00,pressure.absolute,inHg,27.97
2026-08-27 00:00:00,soil_ch1.soilmoisture,%,54.0
2026-08-27 00:00:00,temp_ch2.temperature,℃,13.199999999999998
2026-08-27 00:00:00,temp_ch1.temperature,℃,13.641666666666666
2026-08-27 00:00:00,soil_ch2.soilmoisture,%,41.0
2026-08-27 00:00:00,soil_ch2.ad,,211.58333333333334
2026-08-27 00:00:00,soil_ch1.ad,,256.0
2026-08-27 00:00:00,indoor.dew_point,℃,9.033333333333333
2026-08-27 00:00:00,pressure.absolute,inHg,27.965
2026-08-27 00:00:00,indoor.temperature,℃,15.958333333333334
2026-08-27 00:00:00,indoor.humidity,%,63.5
2026-08-27 00:00:00,indoor.feels_like,℃,15.958333333333334
2026-08-27 00:00:00,indoor.app_tempin,℃,15.741666666666667
2026-08-27 00:00:00,pressure.relative,inHg,27.965
2026-08-27 01:00:00,soil_ch1.soilmoisture,%,54.0
2026-08-27 01:00:00,temp_ch2.temperature,℃,13.191666666666665
2026-08-27 01:00:00,temp_ch1.temperature,℃,13.608333333333333
2026-08-27 01:00:00,soil_ch2.soilmoisture,%,41.0
2026-08-27 01:00:00,soil_ch2.ad,,211.91666666666666
2026-08-27 01:00:00,soil_ch1.ad,,256.0
2026-08-27 01:00:00,indoor.dew_point,℃,8.891666666666667
2026-08-27 01:00:00,pressure.absolute,inHg,27.959999999999997
2026-08-27 01:00:00,indoor.temperature,℃,15.908333333333333
2026-08-27 01:00:00,indoor.humidity,%,63.0
2026-08-27 01:00:00,indoor.feels_like,℃,15.9
2026-08-27 01:00:00,indoor.app_tempin,℃,15.683333333333332
2026-08-27 01:00:00,pressure.relative,inHg,27.959999999999997
2026-08-27 02:00:00,temp_ch2.temperature,℃,13.191666666666665
2026-08-27 02:00:00,temp_ch1.temperature,℃,13.6
2026-08-27 02:00:00,soil_ch2.soilmoisture,%,41.0
2026-08-27 02:00:00,soil_ch2.ad,,211.83333333333334
2026-08-27 02:00:00,soil_ch1.soilmoisture,%,54.0
2026-08-27 02:00:00,soil_ch1.ad,,255.83333333333334
2026-08-27 02:00:00,pressure.relative,inHg,27.9525
2026-08-27 02:00:00,indoor.temperature,℃,15.808333333333335
2026-08-27 02:00:00,indoor.humidity,%,63.0
2026-08-27 02:00:00,indoor.feels_like,℃,15.800000000000002
2026-08-27 02:00:00,indoor.dew_point,℃,8.8
2026-08-27 02:00:00,indoor.app_tempin,℃,15.508333333333333
2026-08-27 02:00:00,pressure.absolute,inHg,27.9525
2026-08-27 03:00:00,soil_ch1.ad,,255.5
2026-08-27 03:00:00,temp_ch2.temperature,℃,13.191666666666665
2026-08-27 03:00:00,temp_ch1.temperature,℃,13.6
2026-08-27 03:00:00,soil_ch2.soilmoisture,%,41.0
2026-08-27 03:00:00,soil_ch2.ad,,211.91666666666666
2026-08-27 03:00:00,pressure.relative,inHg,27.94666666666667
2026-08-27 03:00:00,soil_ch1.soilmoisture,%,54.0
2026-08-27 03:00:00,indoor.temperature,℃,15.708333333333334
2026-08-27 03:00:00,pressure.absolute,inHg,27.94666666666667
2026-08-27 03:00:00,indoor.humidity,%,63.0
2026-08-27 03:00:00,indoor.feels_like,℃,15.708333333333334
2026-08-27 03:00:00,indoor.dew_point,℃,8.7
2026-08-27 03:00:00,indoor.app_tempin,℃,15.408333333333333
2026-08-27 04:00:00,temp_ch2.temperature,℃,13.141666666666666
2026-08-27 04:00:00,temp_ch1.temperature,℃,13.591666666666667
2026-08-27 04:00:00,soil_ch2.soilmoisture,%,41.0
2026-08-27 04:00:00,soil_ch2.ad,,211.91666666666666
2026-08-27 04:00:00,soil_ch1.soilmoisture,%,54.0
2026-08-27 04:00:00,soil_ch1.ad,,255.0
2026-08-27 04:00:00,pressure.relative,inHg,27.935833333333335
2026-08-27 04:00:00,pressure.absolute,inHg,27.935833333333335
2026-08-27 04:00:00,indoor.temperature,℃,15.641666666666666
2026-08-27 04:00:00,indoor.humidity,%,62.583333333333336
2026-08-27 04:00:00,indoor.feels_like,℃,15.641666666666666
2026-08-27 04:00:00,indoor.dew_point,℃,8.525
2026-08-27 04:00:00,indoor.app_tempin,℃,15.291666666666666
2026-08-27 05:00:00,temp_ch1.temperature,℃,13.533333333333333
2026-08-27 05:00:00,soil_ch2.soilmoisture,%,41.0
2026-08-27 05:00:00,soil_ch2.ad,,212.0
2026-08-27 05:00:00,soil_ch1.soilmoisture,%,54.0
2026-08-27 05:00:00,soil_ch1.ad,,255.08333333333334
2026-08-27 05:00:00,pressure.relative,inHg,27.92833333333333
2026-08-27 05:00:00,temp_ch2.temperature,℃,13.1
2026-08-27 05:00:00,indoor.temperature,℃,15.525
2026-08-27 05:00:00,indoor.humidity,%,62.0
2026-08-27 05:00:00,indoor.feels_like,℃,15.525
2026-08-27 05:00:00,indoor.dew_point,℃,8.3
2026-08-27 05:00:00,indoor.app_tempin,℃,15.125
2026-08-27 05:00:00,pressure.absolute,inHg,27.92833333333333
2026-08-27 06:00:00,temp_ch1.temperature,℃,13.5
2026-08-27 06:00:00,soil_ch2.soilmoisture,%,41.0
2026-08-27 06:00:00,soil_ch2.ad,,211.5
2026-08-27 06:00:00,soil_ch1.soilmoisture,%,54.0
2026-08-27 06:00:00,soil_ch1.ad,,255.08333333333334
2026-08-27 06:00:00,pressure.relative,inHg,27.9175
2026-08-27 06:00:00,temp_ch2.temperature,℃,13.1
2026-08-27 06:00:00,indoor.temperature,℃,15.408333333333333
2026-08-27 06:00:00,indoor.humidity,%,62.0
2026-08-27 06:00:00,indoor.feels_like,℃,15.408333333333333
2026-08-27 06:00:00,indoor.dew_point,℃,8.2
2026-08-27 06:00:00,indoor.app_tempin,℃,15.008333333333333
2026-08-27 06:00:00,pressure.absolute,inHg,27.9175
2026-08-27 07:00:00,temp_ch2.temperature,℃,13.091666666666667
2026-08-27 07:00:00,temp_ch1.temperature,℃,13.433333333333332
2026-08-27 07:00:00,soil_ch2.soilmoisture,%,41.0
2026-08-27 07:00:00,soil_ch2.ad,,211.25
2026-08-27 07:00:00,soil_ch1.soilmoisture,%,54.0
2026-08-27 07:00:00,soil_ch1.ad,,255.0
2026-08-27 07:00:00,pressure.relative,inHg,27.9025
2026-08-27 07:00:00,indoor.temperature,℃,15.283333333333333
2026-08-27 07:00:00,indoor.humidity,%,62.0
2026-08-27 07:00:00,indoor.feels_like,℃,15.283333333333333
2026-08-27 07:00:00,indoor.dew_point,℃,8.058333333333334
2026-08-27 07:00:00,indoor.app_tempin,℃,14.791666666666666
2026-08-27 07:00:00,pressure.absolute,inHg,27.9025
2026-08-27 08:00:00,soil_ch1.soilmoisture,%,54.0
2026-08-27 08:00:00,temp_ch1.temperature,℃,13.4
2026-08-27 08:00:00,temp_ch2.temperature,℃,13.1
2026-08-27 08:00:00,soil_ch2.soilmoisture,%,41.0
2026-08-27 08:00:00,soil_ch2.ad,,211.08333333333334
2026-08-27 08:00:00,soil_ch1.ad,,255.0
2026-08-27 08:00:00,indoor.dew_point,℃,7.708333333333333
2026-08-27 08:00:00,pressure.absolute,inHg,27.89
2026-08-27 08:00:00,indoor.temperature,℃,15.158333333333333
2026-08-27 08:00:00,indoor.humidity,%,61.0
2026-08-27 08:00:00,indoor.feels_like,℃,15.158333333333333
2026-08-27 08:00:00,indoor.app_tempin,℃,14.641666666666666
2026-08-27 08:00:00,pressure.relative,inHg,27.89
2026-08-27 09:00:00,temp_ch2.temperature,℃,13.091666666666667
2026-08-27 09:00:00,temp_ch1.temperature,℃,13.4
2026-08-27 09:00:00,soil_ch2.soilmoisture,%,41.0
2026-08-27 09:00:00,soil_ch2.ad,,211.25
2026-08-27 09:00:00,soil_ch1.soilmoisture,%,54.0
2026-08-27 09:00:00,soil_ch1.ad,,255.0
2026-08-27 09:00:00,pressure.relative,inHg,27.891666666666666
2026-08-27 09:00:00,pressure.absolute,inHg,27.891666666666666
2026-08-27 09:00:00,indoor.temperature,℃,15.0
2026-08-27 09:00:00,indoor.humidity,%,60.833333333333336
2026-08-27 09:00:00,indoor.feels_like,℃,15.0
2026-08-27 09:00:00,indoor.dew_point,℃,7.55
2026-08-27 09:00:00,indoor.app_tempin,℃,14.416666666666666
2026-08-27 10:00:00,temp_ch2.temperature,℃,13.091666666666667
2026-08-27 10:00:00,temp_ch1.temperature,℃,13.333333333333334
2026-08-27 10:00:00,soil_ch2.soilmoisture,%,41.0
2026-08-27 10:00:00,soil_ch2.ad,,211.16666666666666
2026-08-27 10:00:00,soil_ch1.soilmoisture,%,54.0
2026-08-27 10:00:00,soil_ch1.ad,,255.0
2026-08-27 10:00:00,pressure.relative,inHg,27.906666666666666
2026-08-27 10:00:00,pressure.absolute,inHg,27.906666666666666
2026-08-27 10:00:00,indoor.temperature,℃,14.850000000000001
2026-08-27 10:00:00,indoor.humidity,%,60.0
2026-08-27 10:00:00,indoor.feels_like,℃,14.841666666666667
2026-08-27 10:00:00,indoor.dew_point,℃,7.166666666666667
2026-08-27 10:00:00,indoor.app_tempin,℃,14.174999999999999
2026-08-27 11:00:00,temp_ch2.temperature,℃,13.066666666666668
2026-08-27 11:00:00,temp_ch1.temperature,℃,13.283333333333333
2026-08-27 11:00:00,soil_ch2.soilmoisture,%,41.0
2026-08-27 11:00:00,soil_ch2.ad,,211.0
2026-08-27 11:00:00,soil_ch1.soilmoisture,%,54.0
2026-08-27 11:00:00,soil_ch1.ad,,255.0
2026-08-27 11:00:00,pressure.relative,inHg,27.913333333333338
2026-08-27 11:00:00,pressure.absolute,inHg,27.913333333333338
2026-08-27 11:00:00,indoor.temperature,℃,14.800000000000002
2026-08-27 11:00:00,indoor.humidity,%,60.0
2026-08-27 11:00:00,indoor.feels_like,℃,14.800000000000002
2026-08-27 11:00:00,indoor.dew_point,℃,7.099999999999999
2026-08-27 11:00:00,indoor.app_tempin,℃,14.1
2026-08-27 12:00:00,temp_ch1.temperature,℃,13.216666666666667
2026-08-27 12:00:00,soil_ch2.soilmoisture,%,41.0
2026-08-27 12:00:00,soil_ch2.ad,,211.0
2026-08-27 12:00:00,soil_ch1.soilmoisture,%,54.0
2026-08-27 12:00:00,soil_ch1.ad,,255.0
2026-08-27 12:00:00,pressure.relative,inHg,27.930833333333336
2026-08-27 12:00:00,temp_ch2.temperature,℃,13.016666666666666
2026-08-27 12:00:00,indoor.temperature,℃,15.458333333333334
2026-08-27 12:00:00,indoor.humidity,%,58.666666666666664
2026-08-27 12:00:00,indoor.feels_like,℃,15.458333333333334
2026-08-27 12:00:00,indoor.dew_point,℃,7.391666666666667
2026-08-27 12:00:00,indoor.app_tempin,℃,14.858333333333334
2026-08-27 12:00:00,pressure.absolute,inHg,27.930833333333336
2026-08-27 13:00:00,temp_ch2.temperature,℃,13.041666666666666
2026-08-27 13:00:00,temp_ch1.temperature,℃,13.199999999999998
2026-08-27 13:00:00,soil_ch2.soilmoisture,%,41.0
2026-08-27 13:00:00,soil_ch2.ad,,211.08333333333334
2026-08-27 13:00:00,soil_ch1.soilmoisture,%,54.0
2026-08-27 13:00:00,soil_ch1.ad,,254.91666666666666
2026-08-27 13:00:00,pressure.relative,inHg,27.938333333333333
2026-08-27 13:00:00,pressure.absolute,inHg,27.938333333333333
2026-08-27 13:00:00,indoor.temperature,℃,16.433333333333334
2026-08-27 13:00:00,indoor.humidity,%,58.0
2026-08-27 13:00:00,indoor.feels_like,℃,16.433333333333334
2026-08-27 13:00:00,indoor.dew_point,℃,8.158333333333333
2026-08-27 13:00:00,indoor.app_tempin,℃,15.991666666666667
2026-08-27 14:00:00,temp_ch1.temperature,℃,13.199999999999998
2026-08-27 14:00:00,soil_ch2.soilmoisture,%,41.0
2026-08-27 14:00:00,soil_ch2.ad,,211.08333333333334
2026-08-27 14:00:00,soil_ch1.soilmoisture,%,54.0
2026-08-27 14:00:00,soil_ch1.ad,,254.16666666666666
2026-08-27 14:00:00,pressure.relative,inHg,27.94
2026-08-27 14:00:00,temp_ch2.temperature,℃,13.0
2026-08-27 14:00:00,indoor.temperature,℃,16.675
2026-08-27 14:00:00,indoor.humidity,%,58.0
2026-08-27 14:00:00,indoor.feels_like,℃,16.683333333333334
2026-08-27 14:00:00,indoor.dew_point,℃,8.383333333333335
2026-08-27 14:00:00,indoor.app_tempin,℃,16.283333333333335
2026-08-27 14:00:00,pressure.absolute,inHg,27.94
2026-08-27 15:00:00,temp_ch1.temperature,℃,13.199999999999998
2026-08-27 15:00:00,soil_ch2.soilmoisture,%,41.0
2026-08-27 15:00:00,soil_ch2.ad,,211.33333333333334
2026-08-27 15:00:00,soil_ch1.soilmoisture,%,54.0
2026-08-27 15:00:00,soil_ch1.ad,,254.0
2026-08-27 15:00:00,pressure.relative,inHg,27.94
2026-08-27 15:00:00,temp_ch2.temperature,℃,12.991666666666667
2026-08-27 15:00:00,indoor.temperature,℃,16.64166666666667
2026-08-27 15:00:00,indoor.humidity,%,58.0
2026-08-27 15:00:00,indoor.feels_like,℃,16.658333333333335
2026-08-27 15:00:00,indoor.dew_point,℃,8.358333333333334
2026-08-27 15:00:00,indoor.app_tempin,℃,16.258333333333333
2026-08-27 15:00:00,pressure.absolute,inHg,27.94
2026-08-27 16:00:00,temp_ch2.temperature,℃,13.0
2026-08-27 16:00:00,temp_ch1.temperature,℃,13.275
2026-08-27 16:00:00,soil_ch2.soilmoisture,%,41.0
2026-08-27 16:00:00,soil_ch2.ad,,211.08333333333334
2026-08-27 16:00:00,soil_ch1.soilmoisture,%,54.0
2026-08-27 16:00:00,soil_ch1.ad,,254.0
2026-08-27 16:00:00,pressure.absolute,inHg,27.94
2026-08-27 16:00:00,indoor.temperature,℃,16.841666666666665
2026-08-27 16:00:00,indoor.humidity,%,58.416666666666664
2026-08-27 16:00:00,indoor.feels_like,℃,16.841666666666665
2026-08-27 16:00:00,indoor.dew_point,℃,8.633333333333335
2026-08-27 16:00:00,indoor.app_tempin,℃,16.53333333333333
2026-08-27 16:00:00,pressure.relative,inHg,27.94
2026-08-27 17:00:00,temp_ch2.temperature,℃,13.0
2026-08-27 17:00:00,temp_ch1.temperature,℃,13.316666666666668
2026-08-27 17:00:00,soil_ch2.soilmoisture,%,41.0
2026-08-27 17:00:00,soil_ch2.ad,,211.0
2026-08-27 17:00:00,soil_ch1.ad,,254.0
2026-08-27 17:00:00,soil_ch1.soilmoisture,%,54.0
2026-08-27 17:00:00,pressure.relative,inHg,27.925833333333333
2026-08-27 17:00:00,indoor.temperature,℃,17.016666666666666
2026-08-27 17:00:00,indoor.humidity,%,59.0
2026-08-27 17:00:00,indoor.feels_like,℃,17.016666666666666
2026-08-27 17:00:00,indoor.dew_point,℃,8.950000000000001
2026-08-27 17:00:00,indoor.app_tempin,℃,16.8
2026-08-27 17:00:00,pressure.absolute,inHg,27.925833333333333
2026-08-27 18:00:00,temp_ch2.temperature,℃,13.0
2026-08-27 18:00:00,temp_ch1.temperature,℃,13.391666666666667
2026-08-27 18:00:00,soil_ch2.soilmoisture,%,41.0
2026-08-27 18:00:00,soil_ch2.ad,,211.0
2026-08-27 18:00:00,soil_ch1.soilmoisture,%,54.0
2026-08-27 18:00:00,soil_ch1.ad,,254.0
2026-08-27 18:00:00,pressure.absolute,inHg,27.9175
2026-08-27 18:00:00,indoor.temperature,℃,17.158333333333335
2026-08-27 18:00:00,indoor.humidity,%,59.583333333333336
2026-08-27 18:00:00,indoor.feels_like,℃,17.158333333333335
2026-08-27 18:00:00,indoor.dew_point,℃,9.25
2026-08-27 18:00:00,indoor.app_tempin,℃,17.0
2026-08-27 18:00:00,pressure.relative,inHg,27.9175
2026-08-27 19:00:00,soil_ch1.soilmoisture,%,54.0
2026-08-27 19:00:00,temp_ch2.temperature,℃,12.975
2026-08-27 19:00:00,temp_ch1.temperature,℃,13.441666666666668
2026-08-27 19:00:00,soil_ch2.soilmoisture,%,41.0
2026-08-27 19:00:00,soil_ch2.ad,,211.0
2026-08-27 19:00:00,soil_ch1.ad,,254.0
2026-08-27 19:00:00,pressure.absolute,inHg,27.92
2026-08-27 19:00:00,indoor.temperature,℃,17.266666666666666
2026-08-27 19:00:00,indoor.humidity,%,60.0
2026-08-27 19:00:00,indoor.feels_like,℃,17.266666666666666
2026-08-27 19:00:00,indoor.dew_point,℃,9.4
2026-08-27 19:00:00,indoor.app_tempin,℃,17.166666666666668
2026-08-27 19:00:00,pressure.relative,inHg,27.92
2026-08-27 20:00:00,pressure.relative,inHg,27.921666666666667
2026-08-27 20:00:00,temp_ch2.temperature,℃,13.0
2026-08-27 20:00:00,temp_ch1.temperature,℃,13.508333333333333
2026-08-27 20:00:00,soil_ch2.soilmoisture,%,40.5
2026-08-27 20:00:00,soil_ch2.ad,,210.5
2026-08-27 20:00:00,soil_ch1.soilmoisture,%,54.0
2026-08-27 20:00:00,soil_ch1.ad,,253.66666666666666
2026-08-27 20:00:00,indoor.temperature,℃,17.35833333333333
2026-08-27 20:00:00,indoor.humidity,%,59.166666666666664
2026-08-27 20:00:00,indoor.feels_like,℃,17.341666666666665
2026-08-27 20:00:00,indoor.dew_point,℃,9.316666666666668
2026-08-27 20:00:00,indoor.app_tempin,℃,17.208333333333332
2026-08-27 20:00:00,pressure.absolute,inHg,27.921666666666667
2026-08-27 21:00:00,soil_ch1.soilmoisture,%,54.0
2026-08-27 21:00:00,soil_ch2.ad,,210.08333333333334
2026-08-27 21:00:00,soil_ch1.ad,,253.08333333333334
2026-08-27 21:00:00,temp_ch1.temperature,℃,13.525
2026-08-27 21:00:00,soil_ch2.soilmoisture,%,40.083333333333336
2026-08-27 21:00:00,pressure.relative,inHg,27.935833333333335
2026-08-27 21:00:00,temp_ch2.temperature,℃,12.991666666666667
2026-08-27 21:00:00,indoor.temperature,℃,17.391666666666666
2026-08-27 21:00:00,indoor.humidity,%,58.583333333333336
2026-08-27 21:00:00,indoor.feels_like,℃,17.391666666666666
2026-08-27 21:00:00,indoor.dew_point,℃,9.208333333333334
2026-08-27 21:00:00,indoor.app_tempin,℃,17.233333333333334
2026-08-27 21:00:00,pressure.absolute,inHg,27.935833333333335
2026-08-27 22:00:00,temp_ch2.temperature,℃,12.908333333333333
2026-08-27 22:00:00,temp_ch1.temperature,℃,13.541666666666666
2026-08-27 22:00:00,soil_ch2.soilmoisture,%,40.0
2026-08-27 22:00:00,soil_ch2.ad,,209.91666666666666
2026-08-27 22:00:00,soil_ch1.soilmoisture,%,54.0
2026-08-27 22:00:00,soil_ch1.ad,,253.0
2026-08-27 22:00:00,pressure.relative,inHg,27.965
2026-08-27 22:00:00,pressure.absolute,inHg,27.965
2026-08-27 22:00:00,indoor.temperature,℃,17.175
2026-08-27 22:00:00,indoor.humidity,%,59.0
2026-08-27 22:00:00,indoor.feels_like,℃,17.175
2026-08-27 22:00:00,indoor.dew_point,℃,9.116666666666665
2026-08-27 22:00:00,indoor.app_tempin,℃,16.974999999999998
2026-08-27 23:00:00,temp_ch1.temperature,℃,13.6
2026-08-27 23:00:00,soil_ch2.soilmoisture,%,40.0
2026-08-27 23:00:00,soil_ch2.ad,,209.83333333333334
2026-08-27 23:00:00,soil_ch1.soilmoisture,%,54.0
2026-08-27 23:00:00,soil_ch1.ad,,253.0
2026-08-27 23:00:00,pressure.relative,inHg,27.993333333333336
2026-08-27 23:00:00,temp_ch2.temperature,℃,12.975
2026-08-27 23:00:00,indoor.temperature,℃,16.916666666666668
2026-08-27 23:00:00,indoor.humidity,%,57.833333333333336
2026-08-27 23:00:00,indoor.feels_like,℃,16.90833333333333
2026-08-27 23:00:00,indoor.dew_point,℃,8.566666666666666
2026-08-27 23:00:00,indoor.app_tempin,℃,16.6
2026-08-27 23:00:00,pressure.absolute,inHg,27.993333333333336
2026-08-28 00:00:00,temp_ch1.temperature,℃,13.6
2026-08-28 00:00:00,soil_ch2.soilmoisture,%,40.0
2026-08-28 00:00:00,soil_ch2.ad,,209.5
2026-08-28 00:00:00,soil_ch1.soilmoisture,%,54.0
2026-08-28 00:00:00,soil_ch1.ad,,253.0
2026-08-28 00:00:00,pressure.relative,inHg,28.016666666666666
2026-08-28 00:00:00,temp_ch2.temperature,℃,13.0
2026-08-28 00:00:00,indoor.temperature,℃,16.758333333333333
2026-08-28 00:00:00,indoor.humidity,%,56.5
2026-08-28 00:00:00,indoor.feels_like,℃,16.758333333333333
2026-08-28 00:00:00,indoor.dew_point,℃,8.066666666666666
2026-08-28 00:00:00,indoor.app_tempin,℃,16.308333333333334
2026-08-28 00:00:00,pressure.absolute,inHg,28.016666666666666
2026-08-28 01:00:00,temp_ch2.temperature,℃,13.0
2026-08-28 01:00:00,temp_ch1.temperature,℃,13.6
2026-08-28 01:00:00,soil_ch2.soilmoisture,%,40.0
2026-08-28 01:00:00,soil_ch2.ad,,209.75
2026-08-28 01:00:00,soil_ch1.soilmoisture,%,54.0
2026-08-28 01:00:00,soil_ch1.ad,,253.0
2026-08-28 01:00:00,pressure.relative,inHg,28.0325
2026-08-28 01:00:00,indoor.temperature,℃,16.583333333333332
2026-08-28 01:00:00,indoor.humidity,%,55.166666666666664
2026-08-28 01:00:00,indoor.feels_like,℃,16.59166666666667
2026-08-28 01:00:00,indoor.dew_point,℃,7.591666666666666
2026-08-28 01:00:00,indoor.app_tempin,℃,15.991666666666667
2026-08-28 01:00:00,pressure.absolute,inHg,28.0325
2026-08-28 02:00:00,soil_ch1.ad,,253.0
2026-08-28 02:00:00,temp_ch1.temperature,℃,13.575000000000001
2026-08-28 02:00:00,soil_ch2.soilmoisture,%,40.0
2026-08-28 02:00:00,soil_ch2.ad,,209.41666666666666
2026-08-28 02:00:00,soil_ch1.soilmoisture,%,54.0
2026-08-28 02:00:00,pressure.relative,inHg,28.031666666666666
2026-08-28 02:00:00,temp_ch2.temperature,℃,12.991666666666667
2026-08-28 02:00:00,indoor.temperature,℃,16.483333333333334
2026-08-28 02:00:00,indoor.app_tempin,℃,15.783333333333333
2026-08-28 02:00:00,indoor.dew_point,℃,7.175
2026-08-28 02:00:00,pressure.absolute,inHg,28.031666666666666
2026-08-28 02:00:00,indoor.humidity,%,54.0
2026-08-28 02:00:00,indoor.feels_like,℃,16.483333333333334
2026-08-28 03:00:00,temp_ch2.temperature,℃,13.0
2026-08-28 03:00:00,temp_ch1.temperature,℃,13.508333333333333
2026-08-28 03:00:00,soil_ch2.soilmoisture,%,40.0
2026-08-28 03:00:00,soil_ch2.ad,,209.33333333333334
2026-08-28 03:00:00,soil_ch1.ad,,253.0
2026-08-28 03:00:00,pressure.relative,inHg,28.035
2026-08-28 03:00:00,soil_ch1.soilmoisture,%,54.0
2026-08-28 03:00:00,indoor.temperature,℃,16.375
2026-08-28 03:00:00,indoor.humidity,%,54.0
2026-08-28 03:00:00,indoor.feels_like,℃,16.375
2026-08-28 03:00:00,indoor.dew_point,℃,7.066666666666666
2026-08-28 03:00:00,indoor.app_tempin,℃,15.691666666666665
2026-08-28 03:00:00,pressure.absolute,inHg,28.035
2026-08-28 04:00:00,soil_ch1.ad,,253.0
2026-08-28 04:00:00,temp_ch1.temperature,℃,13.491666666666667
2026-08-28 04:00:00,soil_ch2.soilmoisture,%,40.0
2026-08-28 04:00:00,soil_ch2.ad,,209.25
2026-08-28 04:00:00,soil_ch1.soilmoisture,%,54.0
2026-08-28 04:00:00,pressure.relative,inHg,28.02916666666667
2026-08-28 04:00:00,temp_ch2.temperature,℃,13.0
2026-08-28 04:00:00,indoor.temperature,℃,16.291666666666668
2026-08-28 04:00:00,indoor.humidity,%,54.0
2026-08-28 04:00:00,indoor.feels_like,℃,16.275000000000002
2026-08-28 04:00:00,indoor.dew_point,℃,6.966666666666666
2026-08-28 04:00:00,indoor.app_tempin,℃,15.608333333333333
2026-08-28 04:00:00,pressure.absolute,inHg,28.02916666666667
2026-08-28 05:00:00,temp_ch1.temperature,℃,13.416666666666666
2026-08-28 05:00:00,soil_ch2.soilmoisture,%,40.0
2026-08-28 05:00:00,soil_ch2.ad,,209.08333333333334
2026-08-28 05:00:00,soil_ch1.soilmoisture,%,54.0
2026-08-28 05:00:00,soil_ch1.ad,,253.0
2026-08-28 05:00:00,pressure.relative,inHg,28.025000000000002
2026-08-28 05:00:00,temp_ch2.temperature,℃,13.0
2026-08-28 05:00:00,indoor.temperature,℃,16.150000000000002
2026-08-28 05:00:00,pressure.absolute,inHg,28.025000000000002
2026-08-28 05:00:00,indoor.app_tempin,℃,15.325000000000001
2026-08-28 05:00:00,indoor.dew_point,℃,6.5249999999999995
2026-08-28 05:00:00,indoor.feels_like,℃,16.150000000000002
2026-08-28 05:00:00,indoor.humidity,%,52.916666666666664
2026-08-28 06:00:00,temp_ch2.temperature,℃,13.0
2026-08-28 06:00:00,temp_ch1.temperature,℃,13.4
2026-08-28 06:00:00,soil_ch2.soilmoisture,%,40.0
2026-08-28 06:00:00,soil_ch2.ad,,209.0
2026-08-28 06:00:00,soil_ch1.ad,,253.0
2026-08-28 06:00:00,soil_ch1.soilmoisture,%,54.0
2026-08-28 06:00:00,indoor.temperature,℃,16.008333333333333
2026-08-28 06:00:00,indoor.humidity,%,52.0
2026-08-28 06:00:00,indoor.feels_like,℃,16.008333333333333
2026-08-28 06:00:00,indoor.dew_point,℃,6.175
2026-08-28 06:00:00,indoor.app_tempin,℃,15.108333333333333
2026-08-28 06:00:00,pressure.absolute,inHg,28.02333333333333
2026-08-28 06:00:00,pressure.relative,inHg,28.02333333333333
2026-08-28 07:00:00,temp_ch2.temperature,℃,13.0
2026-08-28 07:00:00,soil_ch1.ad,,253.0
2026-08-28 07:00:00,temp_ch1.temperature,℃,13.333333333333334
2026-08-28 07:00:00,soil_ch2.soilmoisture,%,40.0
2026-08-28 07:00:00,soil_ch2.ad,,209.0
2026-08-28 07:00:00,soil_ch1.soilmoisture,%,54.0
2026-08-28 07:00:00,pressure.relative,inHg,28.034166666666668
2026-08-28 07:00:00,indoor.temperature,℃,15.825000000000001
2026-08-28 07:00:00,indoor.humidity,%,52.0
2026-08-28 07:00:00,indoor.feels_like,℃,15.825000000000001
2026-08-28 07:00:00,indoor.dew_point,℃,5.9750000000000005
2026-08-28 07:00:00,indoor.app_tempin,℃,14.916666666666666
2026-08-28 07:00:00,pressure.absolute,inHg,28.034166666666668
2026-08-28 08:00:00,temp_ch2.temperature,℃,13.0
2026-08-28 08:00:00,temp_ch1.temperature,℃,13.300000000000002
2026-08-28 08:00:00,soil_ch2.soilmoisture,%,40.0
2026-08-28 08:00:00,soil_ch2.ad,,209.0
2026-08-28 08:00:00,soil_ch1.soilmoisture,%,54.0
2026-08-28 08:00:00,soil_ch1.ad,,253.0
2026-08-28 08:00:00,pressure.relative,inHg,28.039166666666663
2026-08-28 08:00:00,pressure.absolute,inHg,28.039166666666663
2026-08-28 08:00:00,indoor.temperature,℃,15.649999999999999
2026-08-28 08:00:00,indoor.humidity,%,52.0
2026-08-28 08:00:00,indoor.feels_like,℃,15.649999999999999
2026-08-28 08:00:00,indoor.dew_point,℃,5.841666666666666
2026-08-28 08:00:00,indoor.app_tempin,℃,14.691666666666668
2026-08-28 09:00:00,temp_ch1.temperature,℃,13.283333333333333
2026-08-28 09:00:00,soil_ch2.soilmoisture,%,40.0
2026-08-28 09:00:00,soil_ch2.ad,,209.0
2026-08-28 09:00:00,soil_ch1.soilmoisture,%,54.0
2026-08-28 09:00:00,soil_ch1.ad,,253.0
2026-08-28 09:00:00,pressure.relative,inHg,28.040000000000003
2026-08-28 09:00:00,temp_ch2.temperature,℃,12.966666666666667
2026-08-28 09:00:00,indoor.temperature,℃,15.475
2026-08-28 09:00:00,indoor.humidity,%,52.0
2026-08-28 09:00:00,indoor.feels_like,℃,15.475
2026-08-28 09:00:00,indoor.dew_point,℃,5.666666666666667
2026-08-28 09:00:00,indoor.app_tempin,℃,14.475
2026-08-28 09:00:00,pressure.absolute,inHg,28.040000000000003
2026-08-28 10:00:00,temp_ch1.temperature,℃,13.199999999999998
2026-08-28 10:00:00,soil_ch2.soilmoisture,%,40.0
2026-08-28 10:00:00,soil_ch2.ad,,209.0
2026-08-28 10:00:00,soil_ch1.soilmoisture,%,54.0
2026-08-28 10:00:00,soil_ch1.ad,,253.0
2026-08-28 10:00:00,pressure.relative,inHg,28.040000000000003
2026-08-28 10:00:00,temp_ch2.temperature,℃,12.966666666666667
2026-08-28 10:00:00,indoor.temperature,℃,15.308333333333335
2026-08-28 10:00:00,indoor.humidity,%,52.0
2026-08-28 10:00:00,indoor.feels_like,℃,15.300000000000002
2026-08-28 10:00:00,indoor.dew_point,℃,5.508333333333333
2026-08-28 10:00:00,indoor.app_tempin,℃,14.300000000000002
2026-08-28 10:00:00,pressure.absolute,inHg,28.040000000000003
2026-08-28 11:00:00,temp_ch2.temperature,℃,13.0
2026-08-28 11:00:00,temp_ch1.temperature,℃,13.141666666666666
2026-08-28 11:00:00,soil_ch2.soilmoisture,%,40.0
2026-08-28 11:00:00,soil_ch2.ad,,209.0
2026-08-28 11:00:00,soil_ch1.soilmoisture,%,54.0
2026-08-28 11:00:00,soil_ch1.ad,,253.0
2026-08-28 11:00:00,pressure.relative,inHg,28.046666666666667
2026-08-28 11:00:00,indoor.temperature,℃,15.283333333333333
2026-08-28 11:00:00,indoor.humidity,%,52.0
2026-08-28 11:00:00,indoor.feels_like,℃,15.283333333333333
2026-08-28 11:00:00,indoor.dew_point,℃,5.5
2026-08-28 11:00:00,indoor.app_tempin,℃,14.283333333333333
2026-08-28 11:00:00,pressure.absolute,inHg,28.046666666666667
2026-08-28 12:00:00,temp_ch2.temperature,℃,12.950000000000001
2026-08-28 12:00:00,temp_ch1.temperature,℃,13.066666666666668
2026-08-28 12:00:00,soil_ch2.soilmoisture,%,40.0
2026-08-28 12:00:00,soil_ch2.ad,,209.0
2026-08-28 12:00:00,soil_ch1.soilmoisture,%,54.0
2026-08-28 12:00:00,soil_ch1.ad,,253.0
2026-08-28 12:00:00,pressure.absolute,inHg,28.054999999999996
2026-08-28 12:00:00,indoor.temperature,℃,15.75
2026-08-28 12:00:00,indoor.humidity,%,51.333333333333336
2026-08-28 12:00:00,indoor.feels_like,℃,15.741666666666667
2026-08-28 12:00:00,indoor.dew_point,℃,5.741666666666667
2026-08-28 12:00:00,indoor.app_tempin,℃,14.758333333333333
2026-08-28 12:00:00,pressure.relative,inHg,28.054999999999996
2026-08-28 13:00:00,temp_ch2.temperature,℃,12.9
2026-08-28 13:00:00,temp_ch1.temperature,℃,13.049999999999999
2026-08-28 13:00:00,soil_ch2.soilmoisture,%,40.0
2026-08-28 13:00:00,soil_ch2.ad,,209.0
2026-08-28 13:00:00,soil_ch1.soilmoisture,%,53.166666666666664
2026-08-28 13:00:00,soil_ch1.ad,,252.16666666666666
2026-08-28 13:00:00,pressure.relative,inHg,28.06
2026-08-28 13:00:00,pressure.absolute,inHg,28.06
2026-08-28 13:00:00,indoor.temperature,℃,16.566666666666666
2026-08-28 13:00:00,indoor.humidity,%,50.083333333333336
2026-08-28 13:00:00,indoor.feels_like,℃,16.575
2026-08-28 13:00:00,indoor.dew_point,℃,6.158333333333334
2026-08-28 13:00:00,indoor.app_tempin,℃,15.666666666666666
2026-08-28 14:00:00,temp_ch2.temperature,℃,12.9
2026-08-28 14:00:00,temp_ch1.temperature,℃,13.008333333333333
2026-08-28 14:00:00,soil_ch2.soilmoisture,%,40.0
2026-08-28 14:00:00,soil_ch2.ad,,208.83333333333334
2026-08-28 14:00:00,soil_ch1.soilmoisture,%,53.0
2026-08-28 14:00:00,soil_ch1.ad,,252.0
2026-08-28 14:00:00,pressure.relative,inHg,28.054999999999996
2026-08-28 14:00:00,pressure.absolute,inHg,28.054999999999996
2026-08-28 14:00:00,indoor.temperature,℃,17.25
2026-08-28 14:00:00,indoor.humidity,%,50.0
2026-08-28 14:00:00,indoor.feels_like,℃,17.258333333333333
2026-08-28 14:00:00,indoor.dew_point,℃,6.741666666666667
2026-08-28 14:00:00,indoor.app_tempin,℃,16.508333333333333
2026-08-28 15:00:00,temp_ch2.temperature,℃,12.850000000000001
2026-08-28 15:00:00,temp_ch1.temperature,℃,13.049999999999999
2026-08-28 15:00:00,soil_ch2.soilmoisture,%,40.0
2026-08-28 15:00:00,soil_ch2.ad,,208.75
2026-08-28 15:00:00,soil_ch1.soilmoisture,%,53.0
2026-08-28 15:00:00,soil_ch1.ad,,252.0
2026-08-28 15:00:00,pressure.relative,inHg,28.050833333333333
2026-08-28 15:00:00,pressure.absolute,inHg,28.050833333333333
2026-08-28 15:00:00,indoor.temperature,℃,17.59166666666667
2026-08-28 15:00:00,indoor.humidity,%,50.0
2026-08-28 15:00:00,indoor.feels_like,℃,17.6
2026-08-28 15:00:00,indoor.dew_point,℃,7.05
2026-08-28 15:00:00,indoor.app_tempin,℃,16.9
2026-08-28 16:00:00,temp_ch1.temperature,℃,13.091666666666667
2026-08-28 16:00:00,soil_ch2.soilmoisture,%,40.0
2026-08-28 16:00:00,soil_ch2.ad,,208.5
2026-08-28 16:00:00,soil_ch1.soilmoisture,%,53.0
2026-08-28 16:00:00,soil_ch1.ad,,252.0
2026-08-28 16:00:00,pressure.relative,inHg,28.0475
2026-08-28 16:00:00,temp_ch2.temperature,℃,12.9
2026-08-28 16:00:00,indoor.temperature,℃,17.7
2026-08-28 16:00:00,indoor.humidity,%,50.0
2026-08-28 16:00:00,indoor.feels_like,℃,17.7
2026-08-28 16:00:00,indoor.dew_point,℃,7.183333333333334
2026-08-28 16:00:00,indoor.app_tempin,℃,17.083333333333332
2026-08-28 16:00:00,pressure.absolute,inHg,28.0475
2026-08-28 17:00:00,temp_ch2.temperature,℃,12.808333333333335
2026-08-28 17:00:00,temp_ch1.temperature,℃,13.116666666666667
2026-08-28 17:00:00,soil_ch2.soilmoisture,%,40.0
2026-08-28 17:00:00,soil_ch2.ad,,208.08333333333334
2026-08-28 17:00:00,soil_ch1.soilmoisture,%,53.0
2026-08-28 17:00:00,soil_ch1.ad,,251.0
2026-08-28 17:00:00,pressure.relative,inHg,28.035
2026-08-28 17:00:00,pressure.absolute,inHg,28.035
2026-08-28 17:00:00,indoor.temperature,℃,17.875
2026-08-28 17:00:00,indoor.humidity,%,50.0
2026-08-28 17:00:00,indoor.feels_like,℃,17.866666666666667
2026-08-28 17:00:00,indoor.dew_point,℃,7.2749999999999995
2026-08-28 17:00:00,indoor.app_tempin,℃,17.266666666666666
2026-08-28 18:00:00,temp_ch1.temperature,℃,13.208333333333334
2026-08-28 18:00:00,soil_ch2.soilmoisture,%,40.0
2026-08-28 18:00:00,soil_ch2.ad,,208.0
2026-08-28 18:00:00,soil_ch1.soilmoisture,%,53.0
2026-08-28 18:00:00,soil_ch1.ad,,251.0
2026-08-28 18:00:00,pressure.relative,inHg,28.02416666666667
2026-08-28 18:00:00,temp_ch2.temperature,℃,12.816666666666668
2026-08-28 18:00:00,indoor.temperature,℃,18.366666666666667
2026-08-28 18:00:00,indoor.humidity,%,49.833333333333336
2026-08-28 18:00:00,indoor.feels_like,℃,18.375
2026-08-28 18:00:00,indoor.dew_point,℃,7.7
2026-08-28 18:00:00,indoor.app_tempin,℃,17.841666666666665
2026-08-28 18:00:00,pressure.absolute,inHg,28.02416666666667
2026-08-28 19:00:00,temp_ch1.temperature,℃,13.316666666666668
2026-08-28 19:00:00,soil_ch2.soilmoisture,%,40.0
2026-08-28 19:00:00,soil_ch2.ad,,208.0
2026-08-28 19:00:00,soil_ch1.soilmoisture,%,53.0
2026-08-28 19:00:00,soil_ch1.ad,,251.0
2026-08-28 19:00:00,pressure.relative,inHg,28.0275
2026-08-28 19:00:00,temp_ch2.temperature,℃,12.866666666666667
2026-08-28 19:00:00,indoor.temperature,℃,18.616666666666667
2026-08-28 19:00:00,indoor.humidity,%,48.166666666666664
2026-08-28 19:00:00,indoor.feels_like,℃,18.633333333333333
2026-08-28 19:00:00,indoor.dew_point,℃,7.433333333333334
2026-08-28 19:00:00,indoor.app_tempin,℃,18.025000000000002
2026-08-28 19:00:00,pressure.absolute,inHg,28.0275
2026-08-28 20:00:00,temp_ch2.temperature,℃,12.841666666666667
2026-08-28 20:00:00,temp_ch1.temperature,℃,13.416666666666666
2026-08-28 20:00:00,soil_ch2.soilmoisture,%,40.0
2026-08-28 20:00:00,soil_ch2.ad,,208.0
2026-08-28 20:00:00,soil_ch1.soilmoisture,%,53.0
2026-08-28 20:00:00,soil_ch1.ad,,251.0
2026-08-28 20:00:00,pressure.relative,inHg,28.035
2026-08-28 20:00:00,indoor.temperature,℃,18.508333333333333
2026-08-28 20:00:00,indoor.humidity,%,48.166666666666664
2026-08-28 20:00:00,indoor.feels_like,℃,18.508333333333333
2026-08-28 20:00:00,indoor.dew_point,℃,7.341666666666666
2026-08-28 20:00:00,indoor.app_tempin,℃,17.883333333333333
2026-08-28 20:00:00,pressure.absolute,inHg,28.035
2026-08-28 21:00:00,soil_ch1.ad,,251.0
2026-08-28 21:00:00,temp_ch2.temperature,℃,12.808333333333335
2026-08-28 21:00:00,temp_ch1.temperature,℃,13.5
2026-08-28 21:00:00,soil_ch2.soilmoisture,%,40.0
2026-08-28 21:00:00,soil_ch2.ad,,207.5
2026-08-28 21:00:00,pressure.relative,inHg,28.0475
2026-08-28 21:00:00,soil_ch1.soilmoisture,%,53.0
2026-08-28 21:00:00,indoor.temperature,℃,18.45
2026-08-28 21:00:00,pressure.absolute,inHg,28.0475
2026-08-28 21:00:00,indoor.humidity,%,49.5
2026-08-28 21:00:00,indoor.feels_like,℃,18.45
2026-08-28 21:00:00,indoor.dew_point,℃,7.691666666666666
2026-08-28 21:00:00,indoor.app_tempin,℃,17.916666666666668
2026-08-28 22:00:00,temp_ch2.temperature,℃,12.808333333333335
2026-08-28 22:00:00,temp_ch1.temperature,℃,13.5
2026-08-28 22:00:00,soil_ch2.soilmoisture,%,40.0
2026-08-28 22:00:00,soil_ch2.ad,,207.08333333333334
2026-08-28 22:00:00,soil_ch1.soilmoisture,%,53.0
2026-08-28 22:00:00,soil_ch1.ad,,251.0
2026-08-28 22:00:00,pressure.relative,inHg,28.064166666666665
2026-08-28 22:00:00,pressure.absolute,inHg,28.064166666666665
2026-08-28 22:00:00,indoor.temperature,℃,18.349999999999998
2026-08-28 22:00:00,indoor.humidity,%,46.416666666666664
2026-08-28 22:00:00,indoor.feels_like,℃,18.341666666666665
2026-08-28 22:00:00,indoor.dew_point,℃,6.641666666666667
2026-08-28 22:00:00,indoor.app_tempin,℃,17.558333333333334
2026-08-28 23:00:00,temp_ch1.temperature,℃,13.508333333333333
2026-08-28 23:00:00,soil_ch2.soilmoisture,%,40.0
2026-08-28 23:00:00,soil_ch2.ad,,207.25
2026-08-28 23:00:00,soil_ch1.soilmoisture,%,53.0
2026-08-28 23:00:00,soil_ch1.ad,,251.0
2026-08-28 23:00:00,pressure.relative,inHg,28.083333333333332
2026-08-28 23:00:00,temp_ch2.temperature,℃,12.866666666666667
2026-08-28 23:00:00,indoor.temperature,℃,18.108333333333334
2026-08-28 23:00:00,indoor.humidity,%,47.666666666666664
2026-08-28 23:00:00,indoor.feels_like,℃,18.116666666666667
2026-08-28 23:00:00,indoor.dew_point,℃,6.8500000000000005
2026-08-28 23:00:00,indoor.app_tempin,℃,17.375
2026-08-28 23:00:00,pressure.absolute,inHg,28.083333333333332
2026-08-29 00:00:00,temp_ch1.temperature,℃,13.5
2026-08-29 00:00:00,soil_ch2.soilmoisture,%,40.0
2026-08-29 00:00:00,soil_ch2.ad,,207.0
2026-08-29 00:00:00,soil_ch1.soilmoisture,%,53.0
2026-08-29 00:00:00,soil_ch1.ad,,250.66666666666666
2026-08-29 00:00:00,pressure.relative,inHg,28.098333333333333
2026-08-29 00:00:00,temp_ch2.temperature,℃,12.800000000000002
2026-08-29 00:00:00,indoor.temperature,℃,17.833333333333332
2026-08-29 00:00:00,indoor.humidity,%,48.916666666666664
2026-08-29 00:00:00,indoor.feels_like,℃,17.833333333333332
2026-08-29 00:00:00,indoor.dew_point,℃,6.95
2026-08-29 00:00:00,indoor.app_tempin,℃,17.108333333333334
2026-08-29 00:00:00,pressure.absolute,inHg,28.098333333333333
2026-08-29 01:00:00,temp_ch2.temperature,℃,12.866666666666667
2026-08-29 01:00:00,temp_ch1.temperature,℃,13.525
2026-08-29 01:00:00,soil_ch2.soilmoisture,%,40.0
2026-08-29 01:00:00,soil_ch2.ad,,207.0
2026-08-29 01:00:00,soil_ch1.soilmoisture,%,53.0
2026-08-29 01:00:00,soil_ch1.ad,,250.16666666666666
2026-08-29 01:00:00,pressure.relative,inHg,28.100000000000005
2026-08-29 01:00:00,indoor.temperature,℃,17.641666666666666
2026-08-29 01:00:00,indoor.humidity,%,49.0
2026-08-29 01:00:00,indoor.feels_like,℃,17.641666666666666
2026-08-29 01:00:00,indoor.dew_point,℃,6.791666666666667
2026-08-29 01:00:00,indoor.app_tempin,℃,16.849999999999998
2026-08-29 01:00:00,pressure.absolute,inHg,28.100000000000005
2026-08-29 02:00:00,soil_ch1.soilmoisture,%,53.0
2026-08-29 02:00:00,temp_ch1.temperature,℃,13.525
2026-08-29 02:00:00,soil_ch2.soilmoisture,%,39.833333333333336
2026-08-29 02:00:00,temp_ch2.temperature,℃,12.9
2026-08-29 02:00:00,soil_ch2.ad,,206.83333333333334
2026-08-29 02:00:00,soil_ch1.ad,,250.0
2026-08-29 02:00:00,indoor.feels_like,℃,17.425
2026-08-29 02:00:00,pressure.absolute,inHg,28.0925
2026-08-29 02:00:00,indoor.temperature,℃,17.425
2026-08-29 02:00:00,indoor.humidity,%,49.25
2026-08-29 02:00:00,indoor.dew_point,℃,6.691666666666666
2026-08-29 02:00:00,indoor.app_tempin,℃,16.650000000000002
2026-08-29 02:00:00,pressure.relative,inHg,28.0925
2026-08-29 03:00:00,temp_ch2.temperature,℃,12.9
2026-08-29 03:00:00,temp_ch1.temperature,℃,13.508333333333333
2026-08-29 03:00:00,soil_ch2.soilmoisture,%,40.0
2026-08-29 03:00:00,soil_ch2.ad,,207.0
2026-08-29 03:00:00,soil_ch1.soilmoisture,%,53.0
2026-08-29 03:00:00,soil_ch1.ad,,250.0
2026-08-29 03:00:00,pressure.relative,inHg,28.08083333333333
2026-08-29 03:00:00,pressure.absolute,inHg,28.08083333333333
2026-08-29 03:00:00,indoor.temperature,℃,17.224999999999998
2026-08-29 03:00:00,indoor.humidity,%,49.75
2026-08-29 03:00:00,indoor.feels_like,℃,17.224999999999998
2026-08-29 03:00:00,indoor.dew_point,℃,6.658333333333334
2026-08-29 03:00:00,indoor.app_tempin,℃,16.45
2026-08-29 04:00:00,temp_ch1.temperature,℃,13.491666666666667
2026-08-29 04:00:00,soil_ch2.soilmoisture,%,39.75
2026-08-29 04:00:00,soil_ch2.ad,,206.75
2026-08-29 04:00:00,temp_ch2.temperature,℃,12.9
2026-08-29 04:00:00,soil_ch1.ad,,250.0
2026-08-29 04:00:00,pressure.relative,inHg,28.070833333333336
2026-08-29 04:00:00,soil_ch1.soilmoisture,%,53.0
2026-08-29 04:00:00,indoor.temperature,℃,17.016666666666666
2026-08-29 04:00:00,indoor.humidity,%,50.0
2026-08-29 04:00:00,indoor.feels_like,℃,17.016666666666666
2026-08-29 04:00:00,indoor.dew_point,℃,6.516666666666667
2026-08-29 04:00:00,indoor.app_tempin,℃,16.208333333333332
2026-08-29 04:00:00,pressure.absolute,inHg,28.070833333333336
2026-08-29 05:00:00,temp_ch2.temperature,℃,12.9
2026-08-29 05:00:00,temp_ch1.temperature,℃,13.450000000000001
2026-08-29 05:00:00,soil_ch2.soilmoisture,%,39.5
2026-08-29 05:00:00,soil_ch2.ad,,206.5
2026-08-29 05:00:00,soil_ch1.ad,,250.0
2026-08-29 05:00:00,pressure.relative,inHg,28.06833333333333
2026-08-29 05:00:00,soil_ch1.soilmoisture,%,53.0
2026-08-29 05:00:00,indoor.temperature,℃,16.866666666666667
2026-08-29 05:00:00,indoor.humidity,%,50.0
2026-08-29 05:00:00,indoor.feels_like,℃,16.866666666666667
2026-08-29 05:00:00,indoor.dew_point,℃,6.3999999999999995
2026-08-29 05:00:00,indoor.app_tempin,℃,16.0
2026-08-29 05:00:00,pressure.absolute,inHg,28.06833333333333
2026-08-29 09:00:00,soil_ch1.ad,,250.0
2026-08-29 09:00:00,soil_ch1.soilmoisture,%,53.0
2026-08-29 09:00:00,soil_ch2.ad,,206.0
2026-08-29 09:00:00,soil_ch2.soilmoisture,%,39.0
2026-08-29 09:00:00,temp_ch1.temperature_low,℃,13.2
2026-08-29 09:00:00,temp_ch2.temperature_low,℃,12.9
2026-08-29 09:00:00,temp_ch2.temperature,℃,12.9
2026-08-29 09:00:00,temp_ch2.temperature_high,℃,13.0
2026-08-29 09:00:00,pressure.relative_low,inHg,28.06
2026-08-29 09:00:00,temp_ch1.temperature,℃,13.2
2026-08-29 09:00:00,pressure.relative_high,inHg,28.08
2026-08-29 09:00:00,temp_ch1.temperature_high,℃,13.2
2026-08-29 09:00:00,pressure.absolute,inHg,28.07
2026-08-29 09:00:00,indoor.app_tempin,℃,15.2
2026-08-29 09:00:00,indoor.dew_point,℃,5.8
2026-08-29 09:00:00,indoor.feels_like,℃,16.2
2026-08-29 09:00:00,indoor.humidity,%,50.0
2026-08-29 09:00:00,pressure.relative,inHg,28.07
2026-08-29 09:00:00,indoor.humidity_low,%,50.0
2026-08-29 09:00:00,indoor.temperature,℃,16.2
2026-08-29 09:00:00,indoor.temperature_high,℃,16.3
2026-08-29 09:00:00,indoor.temperature_low,℃,16.1
2026-08-29 09:00:00,indoor.humidity_high,%,50.0
2026-08-29 10:00:00,soil_ch1.ad,,250.0
2026-08-29 10:00:00,temp_ch2.temperature_low,℃,12.9
2026-08-29 10:00:00,temp_ch2.temperature_high,℃,13.0
2026-08-29 10:00:00,temp_ch2.temperature,℃,13.0
2026-08-29 10:00:00,temp_ch1.temperature_low,℃,13.2
2026-08-29 10:00:00,temp_ch1.temperature_high,℃,13.2
2026-08-29 10:00:00,temp_ch1.temperature,℃,13.2
2026-08-29 10:00:00,soil_ch2.soilmoisture,%,39.0
2026-08-29 10:00:00,soil_ch2.ad,,206.0
2026-08-29 10:00:00,soil_ch1.soilmoisture,%,53.0
2026-08-29 10:00:00,pressure.relative_low,inHg,28.07
2026-08-29 10:00:00,pressure.relative_high,inHg,28.08
2026-08-29 10:00:00,pressure.relative,inHg,28.075
2026-08-29 10:00:00,indoor.dew_point,℃,5.7
2026-08-29 10:00:00,indoor.feels_like,℃,16.1
2026-08-29 10:00:00,indoor.humidity,%,50.0
2026-08-29 10:00:00,indoor.humidity_high,%,50.0
2026-08-29 10:00:00,indoor.app_tempin,℃,15.1
2026-08-29 10:00:00,indoor.temperature,℃,16.1
2026-08-29 10:00:00,indoor.temperature_high,℃,16.15
2026-08-29 10:00:00,indoor.temperature_low,℃,16.05
2026-08-29 10:00:00,pressure.absolute,inHg,28.075
2026-08-29 10:00:00,indoor.humidity_low,%,50.0
2026-08-29 11:00:00,pressure.relative_low,inHg,28.08
2026-08-29 11:00:00,temp_ch2.temperature_high,℃,13.0
2026-08-29 11:00:00,temp_ch2.temperature,℃,12.95
2026-08-29 11:00:00,temp_ch1.temperature_low,℃,13.1
2026-08-29 11:00:00,temp_ch1.temperature_high,℃,13.2
2026-08-29 11:00:00,temp_ch1.temperature,℃,13.149999999999999
2026-08-29 11:00:00,soil_ch2.soilmoisture,%,39.0
2026-08-29 11:00:00,soil_ch2.ad,,206.0
2026-08-29 11:00:00,soil_ch1.soilmoisture,%,53.0
2026-08-29 11:00:00,soil_ch1.ad,,250.0
2026-08-29 11:00:00,pressure.relative_high,inHg,28.09
2026-08-29 11:00:00,temp_ch2.temperature_low,℃,12.8
2026-08-29 11:00:00,pressure.absolute,inHg,28.085
2026-08-29 11:00:00,indoor.app_tempin,℃,14.9
2026-08-29 11:00:00,indoor.dew_point,℃,5.5
2026-08-29 11:00:00,indoor.feels_like,℃,15.9
2026-08-29 11:00:00,indoor.humidity,%,50.0
2026-08-29 11:00:00,pressure.relative,inHg,28.085
2026-08-29 11:00:00,indoor.humidity_low,%,50.0
2026-08-29 11:00:00,indoor.temperature,℃,15.9
2026-08-29 11:00:00,indoor.temperature_high,℃,15.95
2026-08-29 11:00:00,indoor.temperature_low,℃,15.8
2026-08-29 11:00:00,indoor.humidity_high,%,50.0
2026-08-29 12:00:00,pressure.relative_low,inHg,28.09
2026-08-29 12:00:00,temp_ch2.temperature_high,℃,13.0
2026-08-29 12:00:00,temp_ch2.temperature,℃,12.9
2026-08-29 12:00:00,temp_ch1.temperature_low,℃,13.05
2026-08-29 12:00:00,temp_ch1.temperature_high,℃,13.1
2026-08-29 12:00:00,temp_ch1.temperature,℃,13.1
2026-08-29 12:00:00,soil_ch2.soilmoisture,%,39.0
2026-08-29 12:00:00,soil_ch2.ad,,206.0
2026-08-29 12:00:00,soil_ch1.soilmoisture,%,53.0
2026-08-29 12:00:00,soil_ch1.ad,,250.0
2026-08-29 12:00:00,pressure.relative_high,inHg,28.1
2026-08-29 12:00:00,temp_ch2.temperature_low,℃,12.850000000000001
2026-08-29 12:00:00,pressure.absolute,inHg,28.1
2026-08-29 12:00:00,indoor.app_tempin,℃,15.6
2026-08-29 12:00:00,indoor.dew_point,℃,5.85
2026-08-29 12:00:00,indoor.feels_like,℃,16.549999999999997
2026-08-29 12:00:00,indoor.humidity,%,49.5
2026-08-29 12:00:00,pressure.relative,inHg,28.1
2026-08-29 12:00:00,indoor.humidity_low,%,48.5
2026-08-29 12:00:00,indoor.temperature,℃,16.549999999999997
2026-08-29 12:00:00,indoor.temperature_high,℃,16.9
2026-08-29 12:00:00,indoor.temperature_low,℃,16.25
2026-08-29 12:00:00,indoor.humidity_high,%,49.5
2026-08-29 13:00:00,pressure.relative_low,inHg,28.1
2026-08-29 13:00:00,temp_ch2.temperature_high,℃,12.9
2026-08-29 13:00:00,temp_ch2.temperature,℃,12.9
2026-08-29 13:00:00,temp_ch1.temperature_low,℃,13.0
2026-08-29 13:00:00,temp_ch1.temperature_high,℃,13.1
2026-08-29 13:00:00,temp_ch1.temperature,℃,13.1
2026-08-29 13:00:00,soil_ch2.soilmoisture,%,39.0
2026-08-29 13:00:00,soil_ch2.ad,,206.0
2026-08-29 13:00:00,soil_ch1.soilmoisture,%,52.5
2026-08-29 13:00:00,soil_ch1.ad,,249.5
2026-08-29 13:00:00,temp_ch2.temperature_low,℃,12.9
2026-08-29 13:00:00,pressure.relative_high,inHg,28.11
2026-08-29 13:00:00,pressure.absolute,inHg,28.11
2026-08-29 13:00:00,indoor.temperature_low,℃,17.35
2026-08-29 13:00:00,indoor.temperature_high,℃,17.6
2026-08-29 13:00:00,indoor.temperature,℃,17.450000000000003
2026-08-29 13:00:00,indoor.humidity_low,%,48.0
2026-08-29 13:00:00,indoor.humidity_high,%,48.5
2026-08-29 13:00:00,indoor.humidity,%,48.0
2026-08-29 13:00:00,indoor.feels_like,℃,17.450000000000003
2026-08-29 13:00:00,indoor.dew_point,℃,6.35
2026-08-29 13:00:00,indoor.app_tempin,℃,16.65
2026-08-29 13:00:00,pressure.relative,inHg,28.11
2026-08-29 14:00:00,soil_ch1.ad,,249.0
2026-08-29 14:00:00,soil_ch1.soilmoisture,%,52.0
2026-08-29 14:00:00,soil_ch2.ad,,206.0
2026-08-29 14:00:00,soil_ch2.soilmoisture,%,39.0
2026-08-29 14:00:00,pressure.relative_low,inHg,28.095
2026-08-29 14:00:00,temp_ch1.temperature_high,℃,13.1
2026-08-29 14:00:00,temp_ch1.temperature_low,℃,13.0
2026-08-29 14:00:00,temp_ch2.temperature,℃,12.850000000000001
2026-08-29 14:00:00,temp_ch2.temperature_high,℃,12.9
2026-08-29 14:00:00,temp_ch1.temperature,℃,13.0
2026-08-29 14:00:00,pressure.relative_high,inHg,28.105
2026-08-29 14:00:00,temp_ch2.temperature_low,℃,12.8
2026-08-29 14:00:00,pressure.absolute,inHg,28.1
2026-08-29 14:00:00,indoor.app_tempin,℃,17.25
2026-08-29 14:00:00,indoor.dew_point,℃,6.85
2026-08-29 14:00:00,indoor.feels_like,℃,17.950000000000003
2026-08-29 14:00:00,indoor.humidity,%,48.0
2026-08-29 14:00:00,pressure.relative,inHg,28.1
2026-08-29 14:00:00,indoor.humidity_low,%,48.0
2026-08-29 14:00:00,indoor.temperature,℃,17.950000000000003
2026-08-29 14:00:00,indoor.temperature_high,℃,18.1
2026-08-29 14:00:00,indoor.temperature_low,℃,17.85
2026-08-29 14:00:00,indoor.humidity_high,%,48.0
2026-08-29 15:00:00,temp_ch2.temperature_high,℃,12.9
2026-08-29 15:00:00,temp_ch2.temperature,℃,12.850000000000001
2026-08-29 15:00:00,temp_ch1.temperature_low,℃,13.0
2026-08-29 15:00:00,temp_ch1.temperature_high,℃,13.149999999999999
2026-08-29 15:00:00,temp_ch1.temperature,℃,13.05
2026-08-29 15:00:00,soil_ch2.soilmoisture,%,39.0
2026-08-29 15:00:00,soil_ch2.ad,,206.0
2026-08-29 15:00:00,soil_ch1.soilmoisture,%,52.0
2026-08-29 15:00:00,soil_ch1.ad,,249.0
2026-08-29 15:00:00,pressure.relative_low,inHg,28.085
2026-08-29 15:00:00,pressure.relative_high,inHg,28.1
2026-08-29 15:00:00,temp_ch2.temperature_low,℃,12.8
2026-08-29 15:00:00,pressure.absolute,inHg,28.095
2026-08-29 15:00:00,indoor.app_tempin,℃,17.65
2026-08-29 15:00:00,indoor.dew_point,℃,7.15
2026-08-29 15:00:00,indoor.feels_like,℃,18.3
2026-08-29 15:00:00,indoor.humidity,%,48.0
2026-08-29 15:00:00,pressure.relative,inHg,28.095
2026-08-29 15:00:00,indoor.humidity_low,%,48.0
2026-08-29 15:00:00,indoor.temperature,℃,18.3
2026-08-29 15:00:00,indoor.temperature_high,℃,18.35
2026-08-29 15:00:00,indoor.temperature_low,℃,18.25
2026-08-29 15:00:00,indoor.humidity_high,%,48.0
2026-08-29 16:00:00,pressure.relative_low,inHg,28.064999999999998
2026-08-29 16:00:00,temp_ch2.temperature_high,℃,12.9
2026-08-29 16:00:00,temp_ch2.temperature,℃,12.850000000000001
2026-08-29 16:00:00,temp_ch1.temperature_low,℃,13.1
2026-08-29 16:00:00,temp_ch1.temperature_high,℃,13.2
2026-08-29 16:00:00,temp_ch1.temperature,℃,13.1
2026-08-29 16:00:00,soil_ch2.soilmoisture,%,39.0
2026-08-29 16:00:00,soil_ch2.ad,,206.0
2026-08-29 16:00:00,soil_ch1.soilmoisture,%,52.0
2026-08-29 16:00:00,soil_ch1.ad,,249.0
2026-08-29 16:00:00,temp_ch2.temperature_low,℃,12.8
2026-08-29 16:00:00,pressure.relative_high,inHg,28.085
2026-08-29 16:00:00,pressure.absolute,inHg,28.075
2026-08-29 16:00:00,pressure.relative,inHg,28.075
2026-08-29 16:00:00,indoor.app_tempin,℃,17.7
2026-08-29 16:00:00,indoor.dew_point,℃,7.2
2026-08-29 16:00:00,indoor.humidity,%,48.0
2026-08-29 16:00:00,indoor.feels_like,℃,18.4
2026-08-29 16:00:00,indoor.humidity_low,%,48.0
2026-08-29 16:00:00,indoor.temperature,℃,18.4
2026-08-29 16:00:00,indoor.temperature_high,℃,18.4
2026-08-29 16:00:00,indoor.temperature_low,℃,18.3
2026-08-29 16:00:00,indoor.humidity_high,%,48.0
2026-08-29 17:00:00,temp_ch2.temperature_low,℃,12.8
2026-08-29 17:00:00,temp_ch2.temperature_high,℃,12.9
2026-08-29 17:00:00,temp_ch2.temperature,℃,12.8
2026-08-29 17:00:00,temp_ch1.temperature_low,℃,13.149999999999999
2026-08-29 17:00:00,temp_ch1.temperature_high,℃,13.2
2026-08-29 17:00:00,temp_ch1.temperature,℃,13.2
2026-08-29 17:00:00,soil_ch2.soilmoisture,%,39.0
2026-08-29 17:00:00,soil_ch2.ad,,206.0
2026-08-29 17:00:00,soil_ch1.soilmoisture,%,52.0
2026-08-29 17:00:00,soil_ch1.ad,,249.0
2026-08-29 17:00:00,pressure.relative_low,inHg,28.045
2026-08-29 17:00:00,pressure.relative_high,inHg,28.064999999999998
2026-08-29 17:00:00,pressure.absolute,inHg,28.055
2026-08-29 17:00:00,indoor.app_tempin,℃,17.7
2026-08-29 17:00:00,indoor.dew_point,℃,7.05
2026-08-29 17:00:00,indoor.feels_like,℃,18.45
2026-08-29 17:00:00,indoor.humidity,%,47.5
2026-08-29 17:00:00,pressure.relative,inHg,28.055
2026-08-29 17:00:00,indoor.humidity_low,%,47.0
2026-08-29 17:00:00,indoor.temperature,℃,18.45
2026-08-29 17:00:00,indoor.temperature_high,℃,18.45
2026-08-29 17:00:00,indoor.temperature_low,℃,18.4
2026-08-29 17:00:00,indoor.humidity_high,%,47.5
2026-08-29 18:00:00,pressure.relative_low,inHg,28.035
2026-08-29 18:00:00,temp_ch2.temperature_high,℃,12.9
2026-08-29 18:00:00,temp_ch2.temperature,℃,12.9
2026-08-29 18:00:00,temp_ch1.temperature_low,℃,13.2
2026-08-29 18:00:00,temp_ch1.temperature_high,℃,13.3
2026-08-29 18:00:00,temp_ch1.temperature,℃,13.25
2026-08-29 18:00:00,soil_ch2.soilmoisture,%,39.0
2026-08-29 18:00:00,soil_ch2.ad,,206.0
2026-08-29 18:00:00,soil_ch1.soilmoisture,%,52.0
2026-08-29 18:00:00,soil_ch1.ad,,249.0
2026-08-29 18:00:00,pressure.relative_high,inHg,28.045
2026-08-29 18:00:00,temp_ch2.temperature_low,℃,12.8
2026-08-29 18:00:00,pressure.absolute,inHg,28.035
2026-08-29 18:00:00,indoor.app_tempin,℃,17.85
2026-08-29 18:00:00,indoor.dew_point,℃,6.95
2026-08-29 18:00:00,indoor.feels_like,℃,18.55
2026-08-29 18:00:00,indoor.humidity,%,47.0
2026-08-29 18:00:00,pressure.relative,inHg,28.035
2026-08-29 18:00:00,indoor.humidity_low,%,46.5
2026-08-29 18:00:00,indoor.temperature,℃,18.55
2026-08-29 18:00:00,indoor.temperature_high,℃,18.6
2026-08-29 18:00:00,indoor.temperature_low,℃,18.5
2026-08-29 18:00:00,indoor.humidity_high,%,47.0
2026-08-29 19:00:00,pressure.relative_low,inHg,28.02
2026-08-29 19:00:00,temp_ch2.temperature_high,℃,12.9
2026-08-29 19:00:00,temp_ch2.temperature,℃,12.9
2026-08-29 19:00:00,temp_ch1.temperature_low,℃,13.350000000000001
2026-08-29 19:00:00,temp_ch1.temperature_high,℃,13.45
2026-08-29 19:00:00,temp_ch1.temperature,℃,13.350000000000001
2026-08-29 19:00:00,soil_ch2.soilmoisture,%,39.0
2026-08-29 19:00:00,soil_ch2.ad,,206.0
2026-08-29 19:00:00,soil_ch1.soilmoisture,%,52.0
2026-08-29 19:00:00,soil_ch1.ad,,248.5
2026-08-29 19:00:00,temp_ch2.temperature_low,℃,12.8
2026-08-29 19:00:00,pressure.relative_high,inHg,28.035
2026-08-29 19:00:00,pressure.absolute,inHg,28.025
2026-08-29 19:00:00,indoor.temperature_low,℃,18.65
2026-08-29 19:00:00,indoor.temperature_high,℃,18.7
2026-08-29 19:00:00,indoor.temperature,℃,18.65
2026-08-29 19:00:00,indoor.humidity_low,%,45.5
2026-08-29 19:00:00,indoor.humidity_high,%,46.0
2026-08-29 19:00:00,indoor.humidity,%,46.0
2026-08-29 19:00:00,indoor.feels_like,℃,18.65
2026-08-29 19:00:00,indoor.dew_point,℃,6.75
2026-08-29 19:00:00,indoor.app_tempin,℃,17.9
2026-08-29 19:00:00,pressure.relative,inHg,28.025
2026-08-29 20:00:00,soil_ch1.ad,,248.0
2026-08-29 20:00:00,soil_ch1.soilmoisture,%,52.0
2026-08-29 20:00:00,soil_ch2.ad,,205.5
2026-08-29 20:00:00,soil_ch2.soilmoisture,%,39.0
2026-08-29 20:00:00,temp_ch2.temperature_low,℃,12.8
2026-08-29 20:00:00,temp_ch1.temperature_high,℃,13.5
2026-08-29 20:00:00,temp_ch1.temperature_low,℃,13.4
2026-08-29 20:00:00,temp_ch2.temperature,℃,12.8
2026-08-29 20:00:00,temp_ch2.temperature_high,℃,12.9
2026-08-29 20:00:00,temp_ch1.temperature,℃,13.45
2026-08-29 20:00:00,pressure.relative_high,inHg,28.03
2026-08-29 20:00:00,pressure.relative_low,inHg,28.02
2026-08-29 20:00:00,pressure.absolute,inHg,28.03
2026-08-29 20:00:00,indoor.app_tempin,℃,17.9
2026-08-29 20:00:00,indoor.dew_point,℃,6.35
2026-08-29 20:00:00,indoor.feels_like,℃,18.7
2026-08-29 20:00:00,indoor.humidity,%,44.5
2026-08-29 20:00:00,pressure.relative,inHg,28.03
2026-08-29 20:00:00,indoor.humidity_low,%,44.0
2026-08-29 20:00:00,indoor.temperature,℃,18.7
2026-08-29 20:00:00,indoor.temperature_high,℃,18.8
2026-08-29 20:00:00,indoor.temperature_low,℃,18.7
2026-08-29 20:00:00,indoor.humidity_high,%,44.5
2026-08-29 21:00:00,soil_ch1.ad,,248.0
2026-08-29 21:00:00,temp_ch2.temperature_low,℃,12.8
2026-08-29 21:00:00,temp_ch2.temperature_high,℃,12.9
2026-08-29 21:00:00,temp_ch2.temperature,℃,12.850000000000001
2026-08-29 21:00:00,temp_ch1.temperature_low,℃,13.4
2026-08-29 21:00:00,temp_ch1.temperature_high,℃,13.6
2026-08-29 21:00:00,temp_ch1.temperature,℃,13.5
2026-08-29 21:00:00,soil_ch2.soilmoisture,%,39.0
2026-08-29 21:00:00,soil_ch2.ad,,205.0
2026-08-29 21:00:00,soil_ch1.soilmoisture,%,52.0
2026-08-29 21:00:00,pressure.relative_low,inHg,28.02
2026-08-29 21:00:00,pressure.relative_high,inHg,28.03
2026-08-29 21:00:00,pressure.relative,inHg,28.02
2026-08-29 21:00:00,indoor.dew_point,℃,5.9
2026-08-29 21:00:00,indoor.feels_like,℃,18.7
2026-08-29 21:00:00,indoor.humidity,%,43.0
2026-08-29 21:00:00,indoor.humidity_high,%,43.5
2026-08-29 21:00:00,indoor.app_tempin,℃,17.8
2026-08-29 21:00:00,indoor.temperature,℃,18.7
2026-08-29 21:00:00,indoor.temperature_high,℃,18.8
2026-08-29 21:00:00,indoor.temperature_low,℃,18.7
2026-08-29 21:00:00,pressure.absolute,inHg,28.02
2026-08-29 21:00:00,indoor.humidity_low,%,42.5
2026-08-29 22:00:00,pressure.relative_low,inHg,28.025
2026-08-29 22:00:00,temp_ch2.temperature_high,℃,12.850000000000001
2026-08-29 22:00:00,temp_ch2.temperature,℃,12.8
2026-08-29 22:00:00,temp_ch1.temperature_low,℃,13.5
2026-08-29 22:00:00,temp_ch1.temperature_high,℃,13.6
2026-08-29 22:00:00,temp_ch1.temperature,℃,13.55
2026-08-29 22:00:00,soil_ch2.soilmoisture,%,39.0
2026-08-29 22:00:00,soil_ch2.ad,,205.0
2026-08-29 22:00:00,soil_ch1.soilmoisture,%,52.0
2026-08-29 22:00:00,soil_ch1.ad,,248.0
2026-08-29 22:00:00,pressure.relative_high,inHg,28.045
2026-08-29 22:00:00,temp_ch2.temperature_low,℃,12.75
2026-08-29 22:00:00,pressure.absolute,inHg,28.03
2026-08-29 22:00:00,indoor.app_tempin,℃,17.6
2026-08-29 22:00:00,indoor.dew_point,℃,5.65
2026-08-29 22:00:00,indoor.feels_like,℃,18.65
2026-08-29 22:00:00,indoor.humidity,%,42.5
2026-08-29 22:00:00,pressure.relative,inHg,28.03
2026-08-29 22:00:00,indoor.humidity_low,%,42.0
2026-08-29 22:00:00,indoor.temperature,℃,18.65
2026-08-29 22:00:00,indoor.temperature_high,℃,18.65
2026-08-29 22:00:00,indoor.temperature_low,℃,18.55
2026-08-29 22:00:00,indoor.humidity_high,%,43.0
2026-08-29 23:00:00,pressure.relative_low,inHg,28.04
2026-08-29 23:00:00,temp_ch2.temperature_high,℃,12.9
2026-08-29 23:00:00,temp_ch2.temperature,℃,12.9
2026-08-29 23:00:00,temp_ch1.temperature_low,℃,13.5
2026-08-29 23:00:00,temp_ch1.temperature_high,℃,13.6
2026-08-29 23:00:00,temp_ch1.temperature,℃,13.55
2026-08-29 23:00:00,soil_ch2.soilmoisture,%,39.0
2026-08-29 23:00:00,soil_ch2.ad,,205.0
2026-08-29 23:00:00,soil_ch1.soilmoisture,%,52.0
2026-08-29 23:00:00,soil_ch1.ad,,248.0
2026-08-29 23:00:00,pressure.relative_high,inHg,28.05
2026-08-29 23:00:00,temp_ch2.temperature_low,℃,12.8
2026-08-29 23:00:00,pressure.absolute,inHg,28.05
2026-08-29 23:00:00,indoor.app_tempin,℃,17.45
2026-08-29 23:00:00,indoor.dew_point,℃,5.949999999999999
2026-08-29 23:00:00,indoor.feels_like,℃,18.35
2026-08-29 23:00:00,indoor.humidity,%,44.5
2026-08-29 23:00:00,pressure.relative,inHg,28.05
2026-08-29 23:00:00,indoor.humidity_low,%,43.5
2026-08-29 23:00:00,indoor.temperature,℃,18.35
2026-08-29 23:00:00,indoor.temperature_high,℃,18.45
2026-08-29 23:00:00,indoor.temperature_low,℃,18.299999999999997
2026-08-29 23:00:00,indoor.humidity_high,%,44.5
2026-08-30 00:00:00,pressure.relative_low,inHg,28.04
2026-08-30 00:00:00,temp_ch2.temperature_high,℃,12.9
2026-08-30 00:00:00,temp_ch2.temperature,℃,12.850000000000001
2026-08-30 00:00:00,temp_ch1.temperature_low,℃,13.5
2026-08-30 00:00:00,temp_ch1.temperature_high,℃,13.6
2026-08-30 00:00:00,temp_ch1.temperature,℃,13.6
2026-08-30 00:00:00,soil_ch2.soilmoisture,%,39.0
2026-08-30 00:00:00,soil_ch2.ad,,204.0
2026-08-30 00:00:00,soil_ch1.soilmoisture,%,52.0
2026-08-30 00:00:00,soil_ch1.ad,,248.0
2026-08-30 00:00:00,temp_ch2.temperature_low,℃,12.8
2026-08-30 00:00:00,pressure.relative_high,inHg,28.05
2026-08-30 00:00:00,pressure.absolute,inHg,28.05
2026-08-30 00:00:00,indoor.temperature_low,℃,18.0
2026-08-30 00:00:00,indoor.temperature_high,℃,18.200000000000003
2026-08-30 00:00:00,indoor.temperature,℃,18.1
2026-08-30 00:00:00,indoor.humidity_low,%,45.5
2026-08-30 00:00:00,indoor.humidity_high,%,46.5
2026-08-30 00:00:00,indoor.humidity,%,46.0
2026-08-30 00:00:00,indoor.feels_like,℃,18.1
2026-08-30 00:00:00,indoor.dew_point,℃,6.300000000000001
2026-08-30 00:00:00,indoor.app_tempin,℃,17.25
2026-08-30 00:00:00,pressure.relative,inHg,28.05
2026-08-30 01:00:00,soil_ch1.soilmoisture,%,52.0
2026-08-30 01:00:00,soil_ch2.ad,,204.0
2026-08-30 01:00:00,soil_ch2.soilmoisture,%,39.0
2026-08-30 01:00:00,temp_ch1.temperature,℃,13.6
2026-08-30 01:00:00,soil_ch1.ad,,248.0
2026-08-30 01:00:00,temp_ch1.temperature_low,℃,13.55
2026-08-30 01:00:00,temp_ch2.temperature,℃,12.9
2026-08-30 01:00:00,temp_ch2.temperature_high,℃,12.9
2026-08-30 01:00:00,temp_ch2.temperature_low,℃,12.9
2026-08-30 01:00:00,temp_ch1.temperature_high,℃,13.6
2026-08-30 01:00:00,pressure.relative_low,inHg,28.035
2026-08-30 01:00:00,pressure.relative_high,inHg,28.05
2026-08-30 01:00:00,pressure.relative,inHg,28.04
2026-08-30 01:00:00,indoor.dew_point,℃,6.45
2026-08-30 01:00:00,indoor.feels_like,℃,17.85
2026-08-30 01:00:00,indoor.humidity,%,47.0
2026-08-30 01:00:00,indoor.humidity_high,%,47.5
2026-08-30 01:00:00,indoor.app_tempin,℃,17.05
2026-08-30 01:00:00,indoor.temperature,℃,17.85
2026-08-30 01:00:00,indoor.temperature_high,℃,17.95
2026-08-30 01:00:00,indoor.temperature_low,℃,17.799999999999997
2026-08-30 01:00:00,pressure.absolute,inHg,28.04
2026-08-30 01:00:00,indoor.humidity_low,%,47.0
2026-08-30 02:00:00,soil_ch1.ad,,248.0
2026-08-30 02:00:00,temp_ch2.temperature_low,℃,12.9
2026-08-30 02:00:00,temp_ch2.temperature_high,℃,13.0
2026-08-30 02:00:00,temp_ch2.temperature,℃,12.9
2026-08-30 02:00:00,temp_ch1.temperature_low,℃,13.5
2026-08-30 02:00:00,temp_ch1.temperature_high,℃,13.6
2026-08-30 02:00:00,temp_ch1.temperature,℃,13.55
2026-08-30 02:00:00,soil_ch2.soilmoisture,%,39.0
2026-08-30 02:00:00,soil_ch2.ad,,204.0
2026-08-30 02:00:00,soil_ch1.soilmoisture,%,52.0
2026-08-30 02:00:00,pressure.relative_low,inHg,28.025
2026-08-30 02:00:00,pressure.relative_high,inHg,28.045
2026-08-30 02:00:00,pressure.relative,inHg,28.035
2026-08-30 02:00:00,indoor.dew_point,℃,6.45
2026-08-30 02:00:00,indoor.feels_like,℃,17.65
2026-08-30 02:00:00,indoor.humidity,%,48.0
2026-08-30 02:00:00,indoor.humidity_high,%,48.0
2026-08-30 02:00:00,indoor.app_tempin,℃,16.85
2026-08-30 02:00:00,indoor.temperature,℃,17.65
2026-08-30 02:00:00,indoor.temperature_high,℃,17.7
2026-08-30 02:00:00,indoor.temperature_low,℃,17.55
2026-08-30 02:00:00,pressure.absolute,inHg,28.035
2026-08-30 02:00:00,indoor.humidity_low,%,47.5
2026-08-30 03:00:00,pressure.relative_low,inHg,28.015
2026-08-30 03:00:00,temp_ch2.temperature_high,℃,13.0
2026-08-30 03:00:00,temp_ch2.temperature,℃,12.9
2026-08-30 03:00:00,temp_ch1.temperature_low,℃,13.5
2026-08-30 03:00:00,temp_ch1.temperature_high,℃,13.55
2026-08-30 03:00:00,temp_ch1.temperature,℃,13.5
2026-08-30 03:00:00,soil_ch2.soilmoisture,%,39.0
2026-08-30 03:00:00,soil_ch2.ad,,204.0
2026-08-30 03:00:00,soil_ch1.soilmoisture,%,52.0
2026-08-30 03:00:00,soil_ch1.ad,,248.0
2026-08-30 03:00:00,pressure.relative_high,inHg,28.025
2026-08-30 03:00:00,temp_ch2.temperature_low,℃,12.9
2026-08-30 03:00:00,pressure.absolute,inHg,28.02
2026-08-30 03:00:00,indoor.app_tempin,℃,16.6
2026-08-30 03:00:00,indoor.dew_point,℃,6.35
2026-08-30 03:00:00,indoor.feels_like,℃,17.45
2026-08-30 03:00:00,indoor.humidity,%,48.0
2026-08-30 03:00:00,pressure.relative,inHg,28.02
2026-08-30 03:00:00,indoor.humidity_low,%,48.0
2026-08-30 03:00:00,indoor.temperature,℃,17.45
2026-08-30 03:00:00,indoor.temperature_high,℃,17.5
2026-08-30 03:00:00,indoor.temperature_low,℃,17.35
2026-08-30 03:00:00,indoor.humidity_high,%,48.0
2026-08-30 04:00:00,pressure.relative_low,inHg,28.0
2026-08-30 04:00:00,temp_ch2.temperature_high,℃,13.0
2026-08-30 04:00:00,temp_ch2.temperature,℃,13.0
2026-08-30 04:00:00,temp_ch1.temperature_low,℃,13.5
2026-08-30 04:00:00,temp_ch1.temperature_high,℃,13.55
2026-08-30 04:00:00,temp_ch1.temperature,℃,13.5
2026-08-30 04:00:00,soil_ch2.soilmoisture,%,39.0
2026-08-30 04:00:00,soil_ch2.ad,,204.0
2026-08-30 04:00:00,soil_ch1.soilmoisture,%,52.0
2026-08-30 04:00:00,soil_ch1.ad,,249.0
2026-08-30 04:00:00,pressure.relative_high,inHg,28.02
2026-08-30 04:00:00,temp_ch2.temperature_low,℃,12.9
2026-08-30 04:00:00,pressure.absolute,inHg,28.01
2026-08-30 04:00:00,indoor.app_tempin,℃,16.299999999999997
2026-08-30 04:00:00,indoor.dew_point,℃,5.9
2026-08-30 04:00:00,indoor.feels_like,℃,17.25
2026-08-30 04:00:00,indoor.humidity,%,47.0
2026-08-30 04:00:00,pressure.relative,inHg,28.01
2026-08-30 04:00:00,indoor.humidity_low,%,47.0
2026-08-30 04:00:00,indoor.temperature,℃,17.25
2026-08-30 04:00:00,indoor.temperature_high,℃,17.299999999999997
2026-08-30 04:00:00,indoor.temperature_low,℃,17.15
2026-08-30 04:00:00,indoor.humidity_high,%,48.0
2026-08-30 05:00:00,pressure.relative_low,inHg,27.994999999999997
2026-08-30 05:00:00,temp_ch2.temperature_high,℃,13.0
2026-08-30 05:00:00,temp_ch2.temperature,℃,13.0
2026-08-30 05:00:00,temp_ch1.temperature_low,℃,13.4
2026-08-30 05:00:00,temp_ch1.temperature_high,℃,13.5
2026-08-30 05:00:00,temp_ch1.temperature,℃,13.45
2026-08-30 05:00:00,soil_ch2.soilmoisture,%,39.0
2026-08-30 05:00:00,soil_ch2.ad,,204.0
2026-08-30 05:00:00,soil_ch1.soilmoisture,%,52.0
2026-08-30 05:00:00,soil_ch1.ad,,249.0
2026-08-30 05:00:00,temp_ch2.temperature_low,℃,12.95
2026-08-30 05:00:00,pressure.relative_high,inHg,28.005000000000003
2026-08-30 05:00:00,pressure.absolute,inHg,28.0
2026-08-30 05:00:00,indoor.temperature_low,℃,16.95
2026-08-30 05:00:00,indoor.temperature_high,℃,17.05
2026-08-30 05:00:00,indoor.temperature,℃,17.05
2026-08-30 05:00:00,indoor.humidity_low,%,47.0
2026-08-30 05:00:00,indoor.humidity_high,%,47.0
2026-08-30 05:00:00,indoor.humidity,%,47.0
2026-08-30 05:00:00,indoor.feels_like,℃,17.05
2026-08-30 05:00:00,indoor.dew_point,℃,5.65
2026-08-30 05:00:00,indoor.app_tempin,℃,16.05
2026-08-30 05:00:00,pressure.relative,inHg,28.0
2026-08-30 06:00:00,soil_ch1.ad,,249.0
2026-08-30 06:00:00,soil_ch1.soilmoisture,%,52.0
2026-08-30 06:00:00,soil_ch2.ad,,204.0
2026-08-30 06:00:00,soil_ch2.soilmoisture,%,39.0
2026-08-30 06:00:00,pressure.relative_low,inHg,27.98
2026-08-30 06:00:00,temp_ch1.temperature_high,℃,13.4
2026-08-30 06:00:00,temp_ch1.temperature_low,℃,13.4
2026-08-30 06:00:00,temp_ch2.temperature,℃,13.0
2026-08-30 06:00:00,temp_ch2.temperature_high,℃,13.0
2026-08-30 06:00:00,temp_ch1.temperature,℃,13.4
2026-08-30 06:00:00,pressure.relative_high,inHg,27.994999999999997
2026-08-30 06:00:00,temp_ch2.temperature_low,℃,12.95
2026-08-30 06:00:00,pressure.absolute,inHg,27.985
2026-08-30 06:00:00,indoor.app_tempin,℃,15.75
2026-08-30 06:00:00,indoor.dew_point,℃,5.45
2026-08-30 06:00:00,indoor.feels_like,℃,16.8
2026-08-30 06:00:00,indoor.humidity,%,47.0
2026-08-30 06:00:00,pressure.relative,inHg,27.985
2026-08-30 06:00:00,indoor.humidity_low,%,47.0
2026-08-30 06:00:00,indoor.temperature,℃,16.85
2026-08-30 06:00:00,indoor.temperature_high,℃,16.85
2026-08-30 06:00:00,indoor.temperature_low,℃,16.75
2026-08-30 06:00:00,indoor.humidity_high,%,47.0
2026-08-30 07:00:00,soil_ch1.ad,,249.0
2026-08-30 07:00:00,temp_ch2.temperature_low,℃,12.9
2026-08-30 07:00:00,temp_ch2.temperature_high,℃,13.0
2026-08-30 07:00:00,temp_ch2.temperature,℃,13.0
2026-08-30 07:00:00,temp_ch1.temperature_low,℃,13.3
2026-08-30 07:00:00,temp_ch1.temperature_high,℃,13.4
2026-08-30 07:00:00,temp_ch1.temperature,℃,13.3
2026-08-30 07:00:00,soil_ch2.soilmoisture,%,39.0
2026-08-30 07:00:00,soil_ch2.ad,,204.0
2026-08-30 07:00:00,soil_ch1.soilmoisture,%,52.0
2026-08-30 07:00:00,pressure.relative_low,inHg,27.97
2026-08-30 07:00:00,pressure.relative_high,inHg,27.985
2026-08-30 07:00:00,pressure.relative,inHg,27.98
2026-08-30 07:00:00,indoor.dew_point,℃,5.25
2026-08-30 07:00:00,indoor.feels_like,℃,16.65
2026-08-30 07:00:00,indoor.humidity,%,47.0
2026-08-30 07:00:00,indoor.humidity_high,%,47.0
2026-08-30 07:00:00,indoor.app_tempin,℃,15.55
2026-08-30 07:00:00,indoor.temperature,℃,16.65
2026-08-30 07:00:00,indoor.temperature_high,℃,16.65
2026-08-30 07:00:00,indoor.temperature_low,℃,16.55
2026-08-30 07:00:00,pressure.absolute,inHg,27.98
2026-08-30 07:00:00,indoor.humidity_low,%,47.0
2026-08-30 08:00:00,pressure.relative_low,inHg,27.975
2026-08-30 08:00:00,temp_ch2.temperature_high,℃,13.0
2026-08-30 08:00:00,temp_ch2.temperature,℃,13.0
2026-08-30 08:00:00,temp_ch1.temperature_low,℃,13.25
2026-08-30 08:00:00,temp_ch1.temperature_high,℃,13.3
2026-08-30 08:00:00,temp_ch1.temperature,℃,13.3
2026-08-30 08:00:00,soil_ch2.soilmoisture,%,39.0
2026-08-30 08:00:00,soil_ch2.ad,,204.0
2026-08-30 08:00:00,soil_ch1.soilmoisture,%,52.0
2026-08-30 08:00:00,soil_ch1.ad,,248.5
2026-08-30 08:00:00,pressure.relative_high,inHg,27.99
2026-08-30 08:00:00,temp_ch2.temperature_low,℃,12.9
2026-08-30 08:00:00,pressure.absolute,inHg,27.985
2026-08-30 08:00:00,indoor.app_tempin,℃,15.25
2026-08-30 08:00:00,indoor.dew_point,℃,5.1
2026-08-30 08:00:00,indoor.feels_like,℃,16.35
2026-08-30 08:00:00,indoor.humidity,%,47.0
2026-08-30 08:00:00,pressure.relative,inHg,27.985
2026-08-30 08:00:00,indoor.humidity_low,%,47.0
2026-08-30 08:00:00,indoor.temperature,℃,16.45
2026-08-30 08:00:00,indoor.temperature_high,℃,16.45
2026-08-30 08:00:00,indoor.temperature_low,℃,16.35
2026-08-30 08:00:00,indoor.humidity_high,%,47.5
2026-08-30 09:00:00,pressure.relative_low,inHg,27.985
2026-08-30 09:00:00,temp_ch2.temperature_high,℃,13.0
2026-08-30 09:00:00,temp_ch2.temperature,℃,13.0
2026-08-30 09:00:00,temp_ch1.temperature_low,℃,13.2
2026-08-30 09:00:00,temp_ch1.temperature_high,℃,13.25
2026-08-30 09:00:00,temp_ch1.temperature,℃,13.2
2026-08-30 09:00:00,soil_ch2.soilmoisture,%,39.0
2026-08-30 09:00:00,soil_ch2.ad,,204.0
2026-08-30 09:00:00,soil_ch1.soilmoisture,%,52.0
2026-08-30 09:00:00,soil_ch1.ad,,248.0
2026-08-30 09:00:00,pressure.relative_high,inHg,28.0
2026-08-30 09:00:00,temp_ch2.temperature_low,℃,12.9
2026-08-30 09:00:00,pressure.absolute,inHg,27.994999999999997
2026-08-30 09:00:00,indoor.app_tempin,℃,15.1
2026-08-30 09:00:00,indoor.dew_point,℃,4.95
2026-08-30 09:00:00,indoor.feels_like,℃,16.25
2026-08-30 09:00:00,indoor.humidity,%,47.0
2026-08-30 09:00:00,pressure.relative,inHg,27.994999999999997
2026-08-30 09:00:00,indoor.humidity_low,%,47.0
2026-08-30 09:00:00,indoor.temperature,℃,16.25
2026-08-30 09:00:00,indoor.temperature_high,℃,16.3
2026-08-30 09:00:00,indoor.temperature_low,℃,16.15
2026-08-30 09:00:00,indoor.humidity_high,%,47.5
2026-08-30 10:00:00,pressure.relative_low,inHg,28.0
2026-08-30 10:00:00,temp_ch2.temperature_high,℃,13.0
2026-08-30 10:00:00,temp_ch2.temperature,℃,12.9
2026-08-30 10:00:00,temp_ch1.temperature_low,℃,13.1
2026-08-30 10:00:00,temp_ch1.temperature_high,℃,13.2
2026-08-30 10:00:00,temp_ch1.temperature,℃,13.149999999999999
2026-08-30 10:00:00,soil_ch2.soilmoisture,%,38.5
2026-08-30 10:00:00,soil_ch2.ad,,203.5
2026-08-30 10:00:00,soil_ch1.soilmoisture,%,52.0
2026-08-30 10:00:00,soil_ch1.ad,,248.0
2026-08-30 10:00:00,temp_ch2.temperature_low,℃,12.9
2026-08-30 10:00:00,pressure.relative_high,inHg,28.015
2026-08-30 10:00:00,pressure.absolute,inHg,28.005000000000003
2026-08-30 10:00:00,indoor.temperature_low,℃,15.95
2026-08-30 10:00:00,indoor.temperature_high,℃,16.15
2026-08-30 10:00:00,indoor.temperature,℃,16.05
2026-08-30 10:00:00,indoor.humidity_low,%,47.0
2026-08-30 10:00:00,indoor.humidity_high,%,48.0
2026-08-30 10:00:00,indoor.humidity,%,47.5
2026-08-30 10:00:00,indoor.feels_like,℃,16.05
2026-08-30 10:00:00,indoor.dew_point,℃,4.9
2026-08-30 10:00:00,indoor.app_tempin,℃,14.95
2026-08-30 10:00:00,pressure.relative,inHg,28.005000000000003
2026-08-30 11:00:00,soil_ch1.ad,,248.0
2026-08-30 11:00:00,soil_ch1.soilmoisture,%,52.0
2026-08-30 11:00:00,soil_ch2.ad,,203.0
2026-08-30 11:00:00,soil_ch2.soilmoisture,%,38.0
2026-08-30 11:00:00,pressure.relative_low,inHg,28.015
2026-08-30 11:00:00,temp_ch1.temperature_high,℃,13.149999999999999
2026-08-30 11:00:00,temp_ch1.temperature_low,℃,13.05
2026-08-30 11:00:00,temp_ch2.temperature,℃,12.9
2026-08-30 11:00:00,temp_ch2.temperature_high,℃,13.0
2026-08-30 11:00:00,temp_ch1.temperature,℃,13.1
2026-08-30 11:00:00,pressure.relative_high,inHg,28.035
2026-08-30 11:00:00,temp_ch2.temperature_low,℃,12.9
2026-08-30 11:00:00,pressure.absolute,inHg,28.025
2026-08-30 11:00:00,indoor.app_tempin,℃,14.8
2026-08-30 11:00:00,indoor.dew_point,℃,4.85
2026-08-30 11:00:00,indoor.feels_like,℃,15.9
2026-08-30 11:00:00,indoor.humidity,%,48.0
2026-08-30 11:00:00,pressure.relative,inHg,28.025
2026-08-30 11:00:00,indoor.humidity_low,%,47.5
2026-08-30 11:00:00,indoor.temperature,℃,15.9
2026-08-30 11:00:00,indoor.temperature_high,℃,16.05
2026-08-30 11:00:00,indoor.temperature_low,℃,15.8
2026-08-30 11:00:00,indoor.humidity_high,%,48.0
2026-08-30 12:00:00,temp_ch2.temperature_high,℃,13.0
2026-08-30 12:00:00,temp_ch2.temperature,℃,13.0
2026-08-30 12:00:00,temp_ch1.temperature_low,℃,13.0
2026-08-30 12:00:00,temp_ch1.temperature_high,℃,13.1
2026-08-30 12:00:00,temp_ch1.temperature,℃,13.0
2026-08-30 12:00:00,soil_ch2.soilmoisture,%,38.0
2026-08-30 12:00:00,soil_ch2.ad,,203.0
2026-08-30 12:00:00,soil_ch1.soilmoisture,%,52.0
2026-08-30 12:00:00,soil_ch1.ad,,248.0
2026-08-30 12:00:00,pressure.relative_low,inHg,28.035
2026-08-30 12:00:00,pressure.relative_high,inHg,28.05
2026-08-30 12:00:00,temp_ch2.temperature_low,℃,12.9
2026-08-30 12:00:00,pressure.absolute,inHg,28.04
2026-08-30 12:00:00,indoor.app_tempin,℃,15.75
2026-08-30 12:00:00,indoor.dew_point,℃,5.2
2026-08-30 12:00:00,indoor.feels_like,℃,16.8
2026-08-30 12:00:00,indoor.humidity,%,46.0
2026-08-30 12:00:00,pressure.relative,inHg,28.04
2026-08-30 12:00:00,indoor.humidity_low,%,46.0
2026-08-30 12:00:00,indoor.temperature,℃,16.8
2026-08-30 12:00:00,indoor.temperature_high,℃,17.1
2026-08-30 12:00:00,indoor.temperature_low,℃,16.5
2026-08-30 12:00:00,indoor.humidity_high,%,46.5
2026-08-30 13:00:00,pressure.relative_low,inHg,28.045
2026-08-30 13:00:00,temp_ch2.temperature_high,℃,13.0
2026-08-30 13:00:00,temp_ch2.temperature,℃,12.9
2026-08-30 13:00:00,temp_ch1.temperature_low,℃,12.95
2026-08-30 13:00:00,temp_ch1.temperature_high,℃,13.05
2026-08-30 13:00:00,temp_ch1.temperature,℃,13.0
2026-08-30 13:00:00,soil_ch2.soilmoisture,%,38.5
2026-08-30 13:00:00,soil_ch2.ad,,203.5
2026-08-30 13:00:00,soil_ch1.soilmoisture,%,52.0
2026-08-30 13:00:00,soil_ch1.ad,,248.0
2026-08-30 13:00:00,temp_ch2.temperature_low,℃,12.9
2026-08-30 13:00:00,pressure.relative_high,inHg,28.064999999999998
2026-08-30 13:00:00,pressure.absolute,inHg,28.055
2026-08-30 13:00:00,pressure.relative,inHg,28.055
2026-08-30 13:00:00,indoor.app_tempin,℃,16.8
2026-08-30 13:00:00,indoor.dew_point,℃,5.85
2026-08-30 13:00:00,indoor.humidity,%,45.5
2026-08-30 13:00:00,indoor.feels_like,℃,17.75
2026-08-30 13:00:00,indoor.humidity_low,%,45.5
2026-08-30 13:00:00,indoor.temperature,℃,17.75
2026-08-30 13:00:00,indoor.temperature_high,℃,17.9
2026-08-30 13:00:00,indoor.temperature_low,℃,17.6
2026-08-30 13:00:00,indoor.humidity_high,%,46.0
2026-08-30 14:00:00,temp_ch2.temperature_low,℃,12.850000000000001
2026-08-30 14:00:00,temp_ch2.temperature_high,℃,12.9
2026-08-30 14:00:00,temp_ch2.temperature,℃,12.9
2026-08-30 14:00:00,temp_ch1.temperature_low,℃,12.9
2026-08-30 14:00:00,temp_ch1.temperature_high,℃,13.0
2026-08-30 14:00:00,temp_ch1.temperature,℃,12.95
2026-08-30 14:00:00,soil_ch2.soilmoisture,%,39.0
2026-08-30 14:00:00,soil_ch2.ad,,204.0
2026-08-30 14:00:00,soil_ch1.soilmoisture,%,52.0
2026-08-30 14:00:00,soil_ch1.ad,,247.0
2026-08-30 14:00:00,pressure.relative_low,inHg,28.05
2026-08-30 14:00:00,pressure.relative_high,inHg,28.07
2026-08-30 14:00:00,pressure.absolute,inHg,28.06
2026-08-30 14:00:00,indoor.app_tempin,℃,17.4
2026-08-30 14:00:00,indoor.dew_point,℃,6.25
2026-08-30 14:00:00,indoor.feels_like,℃,18.25
2026-08-30 14:00:00,indoor.humidity,%,45.0
2026-08-30 14:00:00,pressure.relative,inHg,28.06
2026-08-30 14:00:00,indoor.humidity_low,%,45.0
2026-08-30 14:00:00,indoor.temperature,℃,18.299999999999997
2026-08-30 14:00:00,indoor.temperature_high,℃,18.35
2026-08-30 14:00:00,indoor.temperature_low,℃,18.200000000000003
2026-08-30 14:00:00,indoor.humidity_high,%,45.5
2026-08-30 15:00:00,pressure.relative_low,inHg,28.055
2026-08-30 15:00:00,temp_ch2.temperature_high,℃,12.95
2026-08-30 15:00:00,temp_ch2.temperature,℃,12.9
2026-08-30 15:00:00,temp_ch1.temperature_low,℃,12.95
2026-08-30 15:00:00,temp_ch1.temperature_high,℃,13.0
2026-08-30 15:00:00,temp_ch1.temperature,℃,13.0
2026-08-30 15:00:00,soil_ch2.soilmoisture,%,38.5
2026-08-30 15:00:00,soil_ch2.ad,,203.5
2026-08-30 15:00:00,soil_ch1.soilmoisture,%,52.0
2026-08-30 15:00:00,soil_ch1.ad,,247.0
2026-08-30 15:00:00,pressure.relative_high,inHg,28.07
2026-08-30 15:00:00,temp_ch2.temperature_low,℃,12.850000000000001
2026-08-30 15:00:00,pressure.absolute,inHg,28.06
2026-08-30 15:00:00,indoor.app_tempin,℃,17.75
2026-08-30 15:00:00,indoor.dew_point,℃,6.7
2026-08-30 15:00:00,indoor.feels_like,℃,18.55
2026-08-30 15:00:00,indoor.humidity,%,46.0
2026-08-30 15:00:00,pressure.relative,inHg,28.06
2026-08-30 15:00:00,indoor.humidity_low,%,46.0
2026-08-30 15:00:00,indoor.temperature,℃,18.55
2026-08-30 15:00:00,indoor.temperature_high,℃,18.55
2026-08-30 15:00:00,indoor.temperature_low,℃,18.45
2026-08-30 15:00:00,indoor.humidity_high,%,46.0
2026-08-30 16:00:00,pressure.relative_low,inHg,28.045
2026-08-30 16:00:00,temp_ch2.temperature_high,℃,12.9
2026-08-30 16:00:00,temp_ch2.temperature,℃,12.9
2026-08-30 16:00:00,temp_ch1.temperature_low,℃,13.0
2026-08-30 16:00:00,temp_ch1.temperature_high,℃,13.1
2026-08-30 16:00:00,temp_ch1.temperature,℃,13.05
2026-08-30 16:00:00,soil_ch2.soilmoisture,%,38.5
2026-08-30 16:00:00,soil_ch2.ad,,203.5
2026-08-30 16:00:00,soil_ch1.soilmoisture,%,52.0
2026-08-30 16:00:00,soil_ch1.ad,,247.0
2026-08-30 16:00:00,temp_ch2.temperature_low,℃,12.850000000000001
2026-08-30 16:00:00,pressure.relative_high,inHg,28.064999999999998
2026-08-30 16:00:00,pressure.absolute,inHg,28.055
2026-08-30 16:00:00,indoor.temperature_low,℃,18.6
2026-08-30 16:00:00,indoor.temperature_high,℃,18.6
2026-08-30 16:00:00,indoor.temperature,℃,18.6
2026-08-30 16:00:00,indoor.humidity_low,%,46.5
2026-08-30 16:00:00,indoor.humidity_high,%,47.0
2026-08-30 16:00:00,indoor.humidity,%,46.5
2026-08-30 16:00:00,indoor.feels_like,℃,18.6
2026-08-30 16:00:00,indoor.dew_point,℃,7.0
2026-08-30 16:00:00,indoor.app_tempin,℃,17.9
2026-08-30 16:00:00,pressure.relative,inHg,28.055
2026-08-30 17:00:00,soil_ch1.ad,,247.0
2026-08-30 17:00:00,soil_ch1.soilmoisture,%,52.0
2026-08-30 17:00:00,soil_ch2.ad,,203.0
2026-08-30 17:00:00,soil_ch2.soilmoisture,%,38.0
2026-08-30 17:00:00,pressure.relative_low,inHg,28.03
2026-08-30 17:00:00,temp_ch1.temperature_high,℃,13.149999999999999
2026-08-30 17:00:00,temp_ch1.temperature_low,℃,13.1
2026-08-30 17:00:00,temp_ch2.temperature,℃,12.850000000000001
2026-08-30 17:00:00,temp_ch2.temperature_high,℃,12.9
2026-08-30 17:00:00,temp_ch1.temperature,℃,13.1
2026-08-30 17:00:00,pressure.relative_high,inHg,28.045
2026-08-30 17:00:00,temp_ch2.temperature_low,℃,12.8
2026-08-30 17:00:00,pressure.absolute,inHg,28.035
2026-08-30 17:00:00,indoor.app_tempin,℃,18.1
2026-08-30 17:00:00,indoor.dew_point,℃,7.2
2026-08-30 17:00:00,indoor.feels_like,℃,18.7
2026-08-30 17:00:00,indoor.humidity,%,47.0
2026-08-30 17:00:00,pressure.relative,inHg,28.035
2026-08-30 17:00:00,indoor.humidity_low,%,47.0
2026-08-30 17:00:00,indoor.temperature,℃,18.7
2026-08-30 17:00:00,indoor.temperature_high,℃,18.75
2026-08-30 17:00:00,indoor.temperature_low,℃,18.65
2026-08-30 17:00:00,indoor.humidity_high,%,47.0
2026-08-30 18:00:00,soil_ch1.ad,,247.0
2026-08-30 18:00:00,temp_ch2.temperature_low,℃,12.8
2026-08-30 18:00:00,temp_ch2.temperature_high,℃,12.850000000000001
2026-08-30 18:00:00,temp_ch2.temperature,℃,12.8
2026-08-30 18:00:00,temp_ch1.temperature_low,℃,13.2
2026-08-30 18:00:00,temp_ch1.temperature_high,℃,13.25
2026-08-30 18:00:00,temp_ch1.temperature,℃,13.2
2026-08-30 18:00:00,soil_ch2.soilmoisture,%,38.0
2026-08-30 18:00:00,soil_ch2.ad,,203.0
2026-08-30 18:00:00,soil_ch1.soilmoisture,%,52.0
2026-08-30 18:00:00,pressure.relative_low,inHg,28.025
2026-08-30 18:00:00,pressure.relative_high,inHg,28.04
2026-08-30 18:00:00,pressure.relative,inHg,28.035
2026-08-30 18:00:00,indoor.dew_point,℃,7.3
2026-08-30 18:00:00,indoor.feels_like,℃,18.85
2026-08-30 18:00:00,indoor.humidity,%,47.0
2026-08-30 18:00:00,indoor.humidity_high,%,47.0
2026-08-30 18:00:00,indoor.app_tempin,℃,18.25
2026-08-30 18:00:00,indoor.temperature,℃,18.85
2026-08-30 18:00:00,indoor.temperature_high,℃,18.9
2026-08-30 18:00:00,indoor.temperature_low,℃,18.8
2026-08-30 18:00:00,pressure.absolute,inHg,28.035
2026-08-30 18:00:00,indoor.humidity_low,%,47.0
2026-08-30 19:00:00,pressure.relative_low,inHg,28.035
2026-08-30 19:00:00,temp_ch2.temperature_high,℃,12.9
2026-08-30 19:00:00,temp_ch2.temperature,℃,12.8
2026-08-30 19:00:00,temp_ch1.temperature_low,℃,13.3
2026-08-30 19:00:00,temp_ch1.temperature_high,℃,13.45
2026-08-30 19:00:00,temp_ch1.temperature,℃,13.350000000000001
2026-08-30 19:00:00,soil_ch2.soilmoisture,%,38.0
2026-08-30 19:00:00,soil_ch2.ad,,203.0
2026-08-30 19:00:00,soil_ch1.soilmoisture,%,52.0
2026-08-30 19:00:00,soil_ch1.ad,,247.0
2026-08-30 19:00:00,pressure.relative_high,inHg,28.05
2026-08-30 19:00:00,temp_ch2.temperature_low,℃,12.8
2026-08-30 19:00:00,pressure.absolute,inHg,28.04
2026-08-30 19:00:00,indoor.app_tempin,℃,18.3
2026-08-30 19:00:00,indoor.dew_point,℃,7.35
2026-08-30 19:00:00,indoor.feels_like,℃,18.9
2026-08-30 19:00:00,indoor.humidity,%,47.0
2026-08-30 19:00:00,pressure.relative,inHg,28.04
2026-08-30 19:00:00,indoor.humidity_low,%,47.0
2026-08-30 19:00:00,indoor.temperature,℃,18.9
2026-08-30 19:00:00,indoor.temperature_high,℃,18.9
2026-08-30 19:00:00,indoor.temperature_low,℃,18.9
2026-08-30 19:00:00,indoor.humidity_high,%,47.5
2026-08-30 20:00:00,pressure.relative_low,inHg,28.04
2026-08-30 20:00:00,temp_ch2.temperature_high,℃,12.850000000000001
2026-08-30 20:00:00,temp_ch2.temperature,℃,12.8
2026-08-30 20:00:00,temp_ch1.temperature_low,℃,13.4
2026-08-30 20:00:00,temp_ch1.temperature_high,℃,13.45
2026-08-30 20:00:00,temp_ch1.temperature,℃,13.45
2026-08-30 20:00:00,soil_ch2.soilmoisture,%,38.0
2026-08-30 20:00:00,soil_ch2.ad,,203.0
2026-08-30 20:00:00,soil_ch1.soilmoisture,%,52.0
2026-08-30 20:00:00,soil_ch1.ad,,247.0
2026-08-30 20:00:00,pressure.relative_high,inHg,28.06
2026-08-30 20:00:00,temp_ch2.temperature_low,℃,12.8
2026-08-30 20:00:00,pressure.absolute,inHg,28.05
2026-08-30 20:00:00,indoor.app_tempin,℃,18.3
2026-08-30 20:00:00,indoor.dew_point,℃,7.65
2026-08-30 20:00:00,indoor.feels_like,℃,18.9
2026-08-30 20:00:00,indoor.humidity,%,48.0
2026-08-30 20:00:00,pressure.relative,inHg,28.05
2026-08-30 20:00:00,indoor.humidity_low,%,47.5
2026-08-30 20:00:00,indoor.temperature,℃,18.9
2026-08-30 20:00:00,indoor.temperature_high,℃,19.0
2026-08-30 20:00:00,indoor.temperature_low,℃,18.9
2026-08-30 20:00:00,indoor.humidity_high,%,48.0
2026-08-30 21:00:00,pressure.relative_low,inHg,28.04
2026-08-30 21:00:00,temp_ch2.temperature_high,℃,12.9
2026-08-30 21:00:00,temp_ch2.temperature,℃,12.850000000000001
2026-08-30 21:00:00,temp_ch1.temperature_low,℃,13.4
2026-08-30 21:00:00,temp_ch1.temperature_high,℃,13.55
2026-08-30 21:00:00,temp_ch1.temperature,℃,13.5
2026-08-30 21:00:00,soil_ch2.soilmoisture,%,38.0
2026-08-30 21:00:00,soil_ch2.ad,,203.0
2026-08-30 21:00:00,soil_ch1.soilmoisture,%,52.0
2026-08-30 21:00:00,soil_ch1.ad,,247.0
2026-08-30 21:00:00,temp_ch2.temperature_low,℃,12.8
2026-08-30 21:00:00,pressure.relative_high,inHg,28.06
2026-08-30 21:00:00,pressure.absolute,inHg,28.05
2026-08-30 21:00:00,indoor.temperature_low,℃,18.85
2026-08-30 21:00:00,indoor.temperature_high,℃,18.9
2026-08-30 21:00:00,indoor.temperature,℃,18.9
2026-08-30 21:00:00,indoor.humidity_low,%,48.0
2026-08-30 21:00:00,indoor.humidity_high,%,48.0
2026-08-30 21:00:00,indoor.humidity,%,48.0
2026-08-30 21:00:00,indoor.feels_like,℃,18.9
2026-08-30 21:00:00,indoor.dew_point,℃,7.7
2026-08-30 21:00:00,indoor.app_tempin,℃,18.3
2026-08-30 21:00:00,pressure.relative,inHg,28.05
2026-08-30 22:00:00,soil_ch1.ad,,247.0
2026-08-30 22:00:00,soil_ch1.soilmoisture,%,52.0
2026-08-30 22:00:00,soil_ch2.ad,,203.0
2026-08-30 22:00:00,soil_ch2.soilmoisture,%,38.0
2026-08-30 22:00:00,pressure.relative_low,inHg,28.05
2026-08-30 22:00:00,temp_ch1.temperature_high,℃,13.6
2026-08-30 22:00:00,temp_ch1.temperature_low,℃,13.5
2026-08-30 22:00:00,temp_ch2.temperature,℃,12.9
2026-08-30 22:00:00,temp_ch2.temperature_low,℃,12.8
2026-08-30 22:00:00,temp_ch1.temperature,℃,13.55
2026-08-30 22:00:00,pressure.relative_high,inHg,28.075
2026-08-30 22:00:00,temp_ch2.temperature_high,℃,12.95
2026-08-30 22:00:00,pressure.absolute,inHg,28.064999999999998
2026-08-30 22:00:00,indoor.app_tempin,℃,18.2
2026-08-30 22:00:00,indoor.dew_point,℃,7.6
2026-08-30 22:00:00,indoor.feels_like,℃,18.8
2026-08-30 22:00:00,indoor.humidity,%,48.0
2026-08-30 22:00:00,pressure.relative,inHg,28.064999999999998
2026-08-30 22:00:00,indoor.humidity_low,%,48.0
2026-08-30 22:00:00,indoor.temperature,℃,18.8
2026-08-30 22:00:00,indoor.temperature_high,℃,18.85
2026-08-30 22:00:00,indoor.temperature_low,℃,18.75
2026-08-30 22:00:00,indoor.humidity_high,%,48.0
2026-08-30 23:00:00,temp_ch2.temperature_high,℃,12.9
2026-08-30 23:00:00,temp_ch2.temperature,℃,12.9
2026-08-30 23:00:00,temp_ch1.temperature_low,℃,13.5
2026-08-30 23:00:00,temp_ch1.temperature_high,℃,13.649999999999999
2026-08-30 23:00:00,temp_ch1.temperature,℃,13.55
2026-08-30 23:00:00,soil_ch2.soilmoisture,%,38.0
2026-08-30 23:00:00,soil_ch2.ad,,202.5
2026-08-30 23:00:00,soil_ch1.soilmoisture,%,52.0
2026-08-30 23:00:00,soil_ch1.ad,,247.0
2026-08-30 23:00:00,pressure.relative_low,inHg,28.075
2026-08-30 23:00:00,pressure.relative_high,inHg,28.1
2026-08-30 23:00:00,temp_ch2.temperature_low,℃,12.850000000000001
2026-08-30 23:00:00,pressure.absolute,inHg,28.09
2026-08-30 23:00:00,indoor.app_tempin,℃,18.1
2026-08-30 23:00:00,indoor.dew_point,℃,7.5
2026-08-30 23:00:00,indoor.feels_like,℃,18.7
2026-08-30 23:00:00,indoor.humidity,%,48.0
2026-08-30 23:00:00,pressure.relative,inHg,28.09
2026-08-30 23:00:00,indoor.humidity_low,%,48.0
2026-08-30 23:00:00,indoor.temperature,℃,18.7
2026-08-30 23:00:00,indoor.temperature_high,℃,18.75
2026-08-30 23:00:00,indoor.temperature_low,℃,18.65
2026-08-30 23:00:00,indoor.humidity_high,%,49.0
2026-08-31 00:00:00,pressure.relative_low,inHg,28.095
2026-08-31 00:00:00,temp_ch2.temperature_high,℃,12.9
2026-08-31 00:00:00,temp_ch2.temperature,℃,12.850000000000001
2026-08-31 00:00:00,temp_ch1.temperature_low,℃,13.55
2026-08-31 00:00:00,temp_ch1.temperature_high,℃,13.6
2026-08-31 00:00:00,temp_ch1.temperature,℃,13.6
2026-08-31 00:00:00,soil_ch2.soilmoisture,%,38.0
2026-08-31 00:00:00,soil_ch2.ad,,203.0
2026-08-31 00:00:00,soil_ch1.soilmoisture,%,52.0
2026-08-31 00:00:00,soil_ch1.ad,,246.5
2026-08-31 00:00:00,temp_ch2.temperature_low,℃,12.8
2026-08-31 00:00:00,pressure.relative_high,inHg,28.125
2026-08-31 00:00:00,pressure.absolute,inHg,28.11
2026-08-31 00:00:00,pressure.relative,inHg,28.11
2026-08-31 00:00:00,indoor.app_tempin,℃,18.05
2026-08-31 00:00:00,indoor.dew_point,℃,8.4
2026-08-31 00:00:00,indoor.humidity,%,52.5
2026-08-31 00:00:00,indoor.feels_like,℃,18.45
2026-08-31 00:00:00,indoor.humidity_low,%,51.0
2026-08-31 00:00:00,indoor.temperature,℃,18.45
2026-08-31 00:00:00,indoor.temperature_high,℃,18.5
2026-08-31 00:00:00,indoor.temperature_low,℃,18.35
2026-08-31 00:00:00,indoor.humidity_high,%,52.5
2026-08-31 01:00:00,temp_ch2.temperature_low,℃,12.9
2026-08-31 01:00:00,temp_ch2.temperature_high,℃,12.95
2026-08-31 01:00:00,temp_ch2.temperature,℃,12.9
2026-08-31 01:00:00,temp_ch1.temperature_low,℃,13.6
2026-08-31 01:00:00,temp_ch1.temperature_high,℃,13.649999999999999
2026-08-31 01:00:00,temp_ch1.temperature,℃,13.6
2026-08-31 01:00:00,soil_ch2.soilmoisture,%,38.5
2026-08-31 01:00:00,soil_ch2.ad,,204.5
2026-08-31 01:00:00,soil_ch1.soilmoisture,%,52.0
2026-08-31 01:00:00,soil_ch1.ad,,247.0
2026-08-31 01:00:00,pressure.relative_low,inHg,28.115000000000002
2026-08-31 01:00:00,pressure.relative,inHg,28.14
2026-08-31 01:00:00,pressure.absolute,inHg,28.14
2026-08-31 01:00:00,indoor.temperature_low,℃,18.1
2026-08-31 01:00:00,indoor.temperature_high,℃,18.25
2026-08-31 01:00:00,indoor.temperature,℃,18.15
2026-08-31 01:00:00,indoor.humidity_low,%,53.0
2026-08-31 01:00:00,indoor.humidity_high,%,54.0
2026-08-31 01:00:00,indoor.humidity,%,53.0
2026-08-31 01:00:00,indoor.feels_like,℃,18.15
2026-08-31 01:00:00,indoor.dew_point,℃,8.55
2026-08-31 01:00:00,indoor.app_tempin,℃,17.85
2026-08-31 01:00:00,pressure.relative_high,inHg,28.16
2026-08-31 02:00:00,soil_ch1.ad,,247.0
2026-08-31 02:00:00,soil_ch1.soilmoisture,%,52.0
2026-08-31 02:00:00,soil_ch2.ad,,206.5
2026-08-31 02:00:00,soil_ch2.soilmoisture,%,39.5
2026-08-31 02:00:00,temp_ch2.temperature_low,℃,12.9
2026-08-31 02:00:00,temp_ch1.temperature_high,℃,13.6
2026-08-31 02:00:00,temp_ch1.temperature_low,℃,13.5
2026-08-31 02:00:00,temp_ch2.temperature,℃,12.9
2026-08-31 02:00:00,pressure.relative_low,inHg,28.15
2026-08-31 02:00:00,temp_ch1.temperature,℃,13.6
2026-08-31 02:00:00,pressure.relative_high,inHg,28.175
2026-08-31 02:00:00,temp_ch2.temperature_high,℃,12.9
2026-08-31 02:00:00,pressure.absolute,inHg,28.165
2026-08-31 02:00:00,pressure.relative,inHg,28.165
2026-08-31 02:00:00,indoor.app_tempin,℃,17.55
2026-08-31 02:00:00,indoor.feels_like,℃,17.95
2026-08-31 02:00:00,indoor.humidity,%,53.0
2026-08-31 02:00:00,indoor.dew_point,℃,8.2
2026-08-31 02:00:00,indoor.humidity_low,%,53.0
2026-08-31 02:00:00,indoor.temperature,℃,17.95
2026-08-31 02:00:00,indoor.temperature_high,℃,18.05
2026-08-31 02:00:00,indoor.temperature_low,℃,17.9
2026-08-31 02:00:00,indoor.humidity_high,%,53.0
2026-08-31 06:00:00,soil_ch1.ad,,249.125
2026-08-31 06:00:00,temp_ch2.temperature,℃,12.9625
2026-08-31 06:00:00,temp_ch1.temperature,℃,13.4125
2026-08-31 06:00:00,soil_ch2.ad,,239.0
2026-08-31 06:00:00,soil_ch1.soilmoisture,%,52.125
2026-08-31 06:00:00,pressure.relative,inHg,28.20125
2026-08-31 06:00:00,soil_ch2.soilmoisture,%,48.625
2026-08-31 06:00:00,indoor.temperature,℃,17.3125
2026-08-31 06:00:00,indoor.humidity,%,55.0
2026-08-31 06:00:00,indoor.feels_like,℃,17.3125
2026-08-31 06:00:00,indoor.dew_point,℃,8.1875
2026-08-31 06:00:00,indoor.app_tempin,℃,16.912499999999998
2026-08-31 06:00:00,pressure.absolute,inHg,28.20125
2026-08-31 07:00:00,temp_ch2.temperature,℃,12.950000000000001
2026-08-31 07:00:00,temp_ch1.temperature,℃,13.4
2026-08-31 07:00:00,soil_ch2.soilmoisture,%,49.833333333333336
2026-08-31 07:00:00,soil_ch2.ad,,244.08333333333334
2026-08-31 07:00:00,soil_ch1.soilmoisture,%,53.166666666666664
2026-08-31 07:00:00,soil_ch1.ad,,251.33333333333334
2026-08-31 07:00:00,pressure.relative,inHg,28.2175
2026-08-31 07:00:00,indoor.temperature,℃,17.233333333333334
2026-08-31 07:00:00,indoor.humidity,%,55.0
2026-08-31 07:00:00,indoor.feels_like,℃,17.241666666666667
2026-08-31 07:00:00,indoor.dew_point,℃,8.133333333333333
2026-08-31 07:00:00,indoor.app_tempin,℃,16.808333333333334
2026-08-31 07:00:00,pressure.absolute,inHg,28.2175
2026-08-31 08:00:00,temp_ch2.temperature,℃,12.983333333333334
2026-08-31 08:00:00,temp_ch1.temperature,℃,13.383333333333333
2026-08-31 08:00:00,soil_ch2.soilmoisture,%,51.0
2026-08-31 08:00:00,soil_ch2.ad,,247.5
2026-08-31 08:00:00,soil_ch1.soilmoisture,%,54.25
2026-08-31 08:00:00,pressure.relative,inHg,28.224999999999998
2026-08-31 08:00:00,soil_ch1.ad,,255.58333333333334
2026-08-31 08:00:00,indoor.temperature,℃,17.016666666666666
2026-08-31 08:00:00,indoor.humidity,%,55.0
2026-08-31 08:00:00,indoor.feels_like,℃,17.016666666666666
2026-08-31 08:00:00,indoor.dew_point,℃,7.925000000000001
2026-08-31 08:00:00,indoor.app_tempin,℃,16.516666666666666
2026-08-31 08:00:00,pressure.absolute,inHg,28.224999999999998
2026-08-31 09:00:00,temp_ch2.temperature,℃,12.991666666666667
2026-08-31 09:00:00,temp_ch1.temperature,℃,13.300000000000002
2026-08-31 09:00:00,soil_ch2.soilmoisture,%,51.0
2026-08-31 09:00:00,soil_ch2.ad,,248.0
2026-08-31 09:00:00,soil_ch1.soilmoisture,%,55.0
2026-08-31 09:00:00,soil_ch1.ad,,257.6666666666667
2026-08-31 09:00:00,pressure.relative,inHg,28.22583333333333
2026-08-31 09:00:00,pressure.absolute,inHg,28.22583333333333
2026-08-31 09:00:00,indoor.temperature,℃,16.875
2026-08-31 09:00:00,indoor.humidity,%,54.583333333333336
2026-08-31 09:00:00,indoor.feels_like,℃,16.866666666666664
2026-08-31 09:00:00,indoor.dew_point,℃,7.7
2026-08-31 09:00:00,indoor.app_tempin,℃,16.333333333333332
2026-08-31 10:00:00,temp_ch1.temperature,℃,13.266666666666666
2026-08-31 10:00:00,soil_ch2.soilmoisture,%,51.0
2026-08-31 10:00:00,soil_ch2.ad,,247.16666666666666
2026-08-31 10:00:00,soil_ch1.soilmoisture,%,55.0
2026-08-31 10:00:00,soil_ch1.ad,,258.25
2026-08-31 10:00:00,pressure.relative,inHg,28.22666666666667
2026-08-31 10:00:00,temp_ch2.temperature,℃,12.966666666666667
2026-08-31 10:00:00,indoor.temperature,℃,16.8
2026-08-31 10:00:00,indoor.humidity,%,55.0
2026-08-31 10:00:00,indoor.feels_like,℃,16.8
2026-08-31 10:00:00,indoor.dew_point,℃,7.7
2026-08-31 10:00:00,indoor.app_tempin,℃,16.3
2026-08-31 10:00:00,pressure.absolute,inHg,28.22666666666667
2026-08-31 11:00:00,temp_ch1.temperature,℃,13.199999999999998
2026-08-31 11:00:00,soil_ch2.soilmoisture,%,50.25
2026-08-31 11:00:00,soil_ch2.ad,,246.25
2026-08-31 11:00:00,soil_ch1.soilmoisture,%,55.0
2026-08-31 11:00:00,soil_ch1.ad,,259.0
2026-08-31 11:00:00,pressure.relative,inHg,28.250833333333333
2026-08-31 11:00:00,temp_ch2.temperature,℃,12.958333333333334
2026-08-31 11:00:00,indoor.temperature,℃,16.633333333333336
2026-08-31 11:00:00,indoor.humidity,%,55.0
2026-08-31 11:00:00,indoor.feels_like,℃,16.658333333333335
2026-08-31 11:00:00,indoor.dew_point,℃,7.599999999999999
2026-08-31 11:00:00,indoor.app_tempin,℃,16.075
2026-08-31 11:00:00,pressure.absolute,inHg,28.250833333333333
2026-08-31 12:00:00,temp_ch2.temperature,℃,12.9
2026-08-31 12:00:00,temp_ch1.temperature,℃,13.166666666666666
2026-08-31 12:00:00,soil_ch2.soilmoisture,%,50.0
2026-08-31 12:00:00,soil_ch2.ad,,245.5
2026-08-31 12:00:00,soil_ch1.soilmoisture,%,55.0
2026-08-31 12:00:00,soil_ch1.ad,,259.0
2026-08-31 12:00:00,pressure.relative,inHg,28.27
2026-08-31 12:00:00,indoor.temperature,℃,16.708333333333332
2026-08-31 12:00:00,indoor.humidity,%,55.0
2026-08-31 12:00:00,indoor.feels_like,℃,16.716666666666665
2026-08-31 12:00:00,indoor.dew_point,℃,7.616666666666666
2026-08-31 12:00:00,indoor.app_tempin,℃,16.166666666666668
2026-08-31 12:00:00,pressure.absolute,inHg,28.27
2026-08-31 13:00:00,soil_ch1.soilmoisture,%,55.0
2026-08-31 13:00:00,temp_ch2.temperature,℃,12.916666666666666
2026-08-31 13:00:00,temp_ch1.temperature,℃,13.183333333333332
2026-08-31 13:00:00,soil_ch2.soilmoisture,%,50.0
2026-08-31 13:00:00,soil_ch2.ad,,244.91666666666666
2026-08-31 13:00:00,soil_ch1.ad,,259.0
2026-08-31 13:00:00,pressure.relative,inHg,28.291666666666668
2026-08-31 13:00:00,pressure.absolute,inHg,28.291666666666668
2026-08-31 13:00:00,indoor.temperature,℃,17.008333333333333
2026-08-31 13:00:00,indoor.humidity,%,54.416666666666664
2026-08-31 13:00:00,indoor.feels_like,℃,17.0
2026-08-31 13:00:00,indoor.dew_point,℃,7.758333333333334
2026-08-31 13:00:00,indoor.app_tempin,℃,16.491666666666667
2026-08-31 14:00:00,temp_ch2.temperature,℃,12.9
2026-08-31 14:00:00,temp_ch1.temperature,℃,13.166666666666666
2026-08-31 14:00:00,soil_ch2.soilmoisture,%,50.0
2026-08-31 14:00:00,soil_ch2.ad,,243.91666666666666
2026-08-31 14:00:00,soil_ch1.soilmoisture,%,55.0
2026-08-31 14:00:00,soil_ch1.ad,,258.8333333333333
2026-08-31 14:00:00,pressure.relative,inHg,28.290000000000003
2026-08-31 14:00:00,pressure.absolute,inHg,28.290000000000003
2026-08-31 14:00:00,indoor.temperature,℃,17.349999999999998
2026-08-31 14:00:00,indoor.humidity,%,53.25
2026-08-31 14:00:00,indoor.feels_like,℃,17.349999999999998
2026-08-31 14:00:00,indoor.dew_point,℃,7.733333333333333
2026-08-31 14:00:00,indoor.app_tempin,℃,16.841666666666665
2026-08-31 15:00:00,temp_ch1.temperature,℃,13.1
2026-08-31 15:00:00,soil_ch2.soilmoisture,%,50.0
2026-08-31 15:00:00,soil_ch2.ad,,243.0
2026-08-31 15:00:00,soil_ch1.soilmoisture,%,55.0
2026-08-31 15:00:00,soil_ch1.ad,,258.0
2026-08-31 15:00:00,pressure.relative,inHg,28.287499999999998
2026-08-31 15:00:00,temp_ch2.temperature,℃,12.9
2026-08-31 15:00:00,indoor.temperature,℃,17.558333333333334
2026-08-31 15:00:00,indoor.humidity,%,52.25
2026-08-31 15:00:00,indoor.feels_like,℃,17.575
2026-08-31 15:00:00,indoor.dew_point,℃,7.675
2026-08-31 15:00:00,indoor.app_tempin,℃,17.033333333333335
2026-08-31 15:00:00,pressure.absolute,inHg,28.287499999999998
2026-08-31 16:00:00,temp_ch1.temperature,℃,13.149999999999999
2026-08-31 16:00:00,soil_ch2.soilmoisture,%,49.083333333333336
2026-08-31 16:00:00,soil_ch2.ad,,242.08333333333334
2026-08-31 16:00:00,soil_ch1.soilmoisture,%,55.0
2026-08-31 16:00:00,soil_ch1.ad,,258.0
2026-08-31 16:00:00,pressure.relative,inHg,28.275833333333335
2026-08-31 16:00:00,temp_ch2.temperature,℃,12.866666666666667
2026-08-31 16:00:00,indoor.temperature,℃,17.741666666666667
2026-08-31 16:00:00,indoor.humidity,%,52.0
2026-08-31 16:00:00,indoor.feels_like,℃,17.741666666666667
2026-08-31 16:00:00,indoor.dew_point,℃,7.741666666666667
2026-08-31 16:00:00,indoor.app_tempin,℃,17.233333333333334
2026-08-31 16:00:00,pressure.absolute,inHg,28.275833333333335
2026-08-31 17:00:00,temp_ch2.temperature,℃,12.9
2026-08-31 17:00:00,temp_ch1.temperature,℃,13.208333333333334
2026-08-31 17:00:00,soil_ch2.soilmoisture,%,49.0
2026-08-31 17:00:00,soil_ch2.ad,,241.08333333333334
2026-08-31 17:00:00,soil_ch1.soilmoisture,%,55.0
2026-08-31 17:00:00,soil_ch1.ad,,257.6666666666667
2026-08-31 17:00:00,pressure.relative,inHg,28.253333333333334
2026-08-31 17:00:00,indoor.temperature,℃,17.875
2026-08-31 17:00:00,indoor.humidity,%,52.0
2026-08-31 17:00:00,indoor.feels_like,℃,17.875
2026-08-31 17:00:00,indoor.dew_point,℃,7.875
2026-08-31 17:00:00,indoor.app_tempin,℃,17.383333333333333
2026-08-31 17:00:00,pressure.absolute,inHg,28.253333333333334
2026-08-31 18:00:00,soil_ch1.soilmoisture,%,55.0
2026-08-31 18:00:00,temp_ch1.temperature,℃,13.300000000000002
2026-08-31 18:00:00,soil_ch2.soilmoisture,%,49.0
2026-08-31 18:00:00,soil_ch2.ad,,240.08333333333334
2026-08-31 18:00:00,temp_ch2.temperature,℃,12.9
2026-08-31 18:00:00,soil_ch1.ad,,257.0
2026-08-31 18:00:00,indoor.humidity,%,51.75
2026-08-31 18:00:00,pressure.absolute,inHg,28.233333333333334
2026-08-31 18:00:00,indoor.temperature,℃,18.041666666666668
2026-08-31 18:00:00,indoor.feels_like,℃,18.041666666666668
2026-08-31 18:00:00,indoor.dew_point,℃,7.9750000000000005
2026-08-31 18:00:00,indoor.app_tempin,℃,17.608333333333334
2026-08-31 18:00:00,pressure.relative,inHg,28.233333333333334
2026-08-31 19:00:00,temp_ch2.temperature,℃,12.875
2026-08-31 19:00:00,temp_ch1.temperature,℃,13.4
2026-08-31 19:00:00,soil_ch2.soilmoisture,%,49.0
2026-08-31 19:00:00,soil_ch2.ad,,239.0
2026-08-31 19:00:00,soil_ch1.soilmoisture,%,55.0
2026-08-31 19:00:00,soil_ch1.ad,,257.0
2026-08-31 19:00:00,pressure.relative,inHg,28.218333333333334
2026-08-31 19:00:00,pressure.absolute,inHg,28.218333333333334
2026-08-31 19:00:00,indoor.temperature,℃,18.175
2026-08-31 19:00:00,indoor.humidity,%,50.583333333333336
2026-08-31 19:00:00,indoor.feels_like,℃,18.183333333333334
2026-08-31 19:00:00,indoor.dew_point,℃,7.766666666666667
2026-08-31 19:00:00,indoor.app_tempin,℃,17.683333333333334
2026-08-31 20:00:00,temp_ch1.temperature,℃,13.5
2026-08-31 20:00:00,soil_ch2.soilmoisture,%,48.333333333333336
2026-08-31 20:00:00,soil_ch2.ad,,238.33333333333334
2026-08-31 20:00:00,soil_ch1.soilmoisture,%,54.916666666666664
2026-08-31 20:00:00,soil_ch1.ad,,256.9166666666667
2026-08-31 20:00:00,pressure.relative,inHg,28.209999999999997
2026-08-31 20:00:00,temp_ch2.temperature,℃,12.891666666666667
2026-08-31 20:00:00,indoor.temperature,℃,18.283333333333335
2026-08-31 20:00:00,indoor.humidity,%,49.666666666666664
2026-08-31 20:00:00,indoor.feels_like,℃,18.283333333333335
2026-08-31 20:00:00,indoor.dew_point,℃,7.608333333333333
2026-08-31 20:00:00,indoor.app_tempin,℃,17.75
2026-08-31 20:00:00,pressure.absolute,inHg,28.209999999999997
2026-08-31 21:00:00,temp_ch1.temperature,℃,13.533333333333333
2026-08-31 21:00:00,soil_ch2.soilmoisture,%,48.0
2026-08-31 21:00:00,soil_ch2.ad,,237.08333333333334
2026-08-31 21:00:00,soil_ch1.soilmoisture,%,54.083333333333336
2026-08-31 21:00:00,soil_ch1.ad,,256.0833333333333
2026-08-31 21:00:00,pressure.relative,inHg,28.210833333333337
2026-08-31 21:00:00,temp_ch2.temperature,℃,12.9
2026-08-31 21:00:00,indoor.temperature,℃,18.341666666666665
2026-08-31 21:00:00,indoor.humidity,%,49.0
2026-08-31 21:00:00,indoor.feels_like,℃,18.333333333333332
2026-08-31 21:00:00,indoor.dew_point,℃,7.45
2026-08-31 21:00:00,indoor.app_tempin,℃,17.75
2026-08-31 21:00:00,pressure.absolute,inHg,28.210833333333337
2026-08-31 22:00:00,temp_ch2.temperature,℃,12.9
2026-08-31 22:00:00,temp_ch1.temperature,℃,13.508333333333333
2026-08-31 22:00:00,soil_ch2.soilmoisture,%,48.0
2026-08-31 22:00:00,soil_ch2.ad,,236.16666666666666
2026-08-31 22:00:00,soil_ch1.soilmoisture,%,54.0
2026-08-31 22:00:00,soil_ch1.ad,,256.0
2026-08-31 22:00:00,pressure.relative,inHg,28.209999999999997
2026-08-31 22:00:00,indoor.temperature,℃,18.308333333333334
2026-08-31 22:00:00,indoor.humidity,%,49.416666666666664
2026-08-31 22:00:00,indoor.feels_like,℃,18.3
2026-08-31 22:00:00,indoor.dew_point,℃,7.5249999999999995
2026-08-31 22:00:00,indoor.app_tempin,℃,17.758333333333333
2026-08-31 22:00:00,pressure.absolute,inHg,28.209999999999997
2026-08-31 23:00:00,soil_ch1.soilmoisture,%,54.0
2026-08-31 23:00:00,temp_ch1.temperature,℃,13.6
2026-08-31 23:00:00,soil_ch2.soilmoisture,%,47.416666666666664
2026-08-31 23:00:00,soil_ch2.ad,,235.41666666666666
2026-08-31 23:00:00,temp_ch2.temperature,℃,12.9
2026-08-31 23:00:00,soil_ch1.ad,,256.0
2026-08-31 23:00:00,indoor.humidity,%,50.833333333333336
2026-08-31 23:00:00,pressure.absolute,inHg,28.209999999999997
2026-08-31 23:00:00,indoor.temperature,℃,18.191666666666666
2026-08-31 23:00:00,indoor.feels_like,℃,18.191666666666666
2026-08-31 23:00:00,indoor.dew_point,℃,7.841666666666668
2026-08-31 23:00:00,indoor.app_tempin,℃,17.691666666666666
2026-08-31 23:00:00,pressure.relative,inHg,28.209999999999997
2026-09-01 00:00:00,temp_ch2.temperature,℃,12.941666666666668
2026-09-01 00:00:00,temp_ch1.temperature,℃,13.6
2026-09-01 00:00:00,soil_ch2.soilmoisture,%,47.0
2026-09-01 00:00:00,soil_ch2.ad,,235.0
2026-09-01 00:00:00,soil_ch1.soilmoisture,%,54.0
2026-09-01 00:00:00,soil_ch1.ad,,256.0
2026-09-01 00:00:00,pressure.relative,inHg,28.210833333333337
2026-09-01 00:00:00,pressure.absolute,inHg,28.210833333333337
2026-09-01 00:00:00,indoor.temperature,℃,17.974999999999998
2026-09-01 00:00:00,indoor.humidity,%,51.0
2026-09-01 00:00:00,indoor.feels_like,℃,17.974999999999998
2026-09-01 00:00:00,indoor.dew_point,℃,7.691666666666666
2026-09-01 00:00:00,indoor.app_tempin,℃,17.433333333333334
2026-09-01 01:00:00,temp_ch1.temperature,℃,13.6
2026-09-01 01:00:00,soil_ch2.soilmoisture,%,47.0
2026-09-01 01:00:00,temp_ch2.temperature,℃,13.0
2026-09-01 01:00:00,soil_ch1.soilmoisture,%,54.0
2026-09-01 01:00:00,soil_ch1.ad,,255.25
2026-09-01 01:00:00,pressure.relative,inHg,28.215833333333332
2026-09-01 01:00:00,soil_ch2.ad,,234.5
2026-09-01 01:00:00,indoor.temperature,℃,17.791666666666668
2026-09-01 01:00:00,indoor.humidity,%,52.0
2026-09-01 01:00:00,indoor.feels_like,℃,17.791666666666668
2026-09-01 01:00:00,indoor.dew_point,℃,7.791666666666667
2026-09-01 01:00:00,indoor.app_tempin,℃,17.283333333333335
2026-09-01 01:00:00,pressure.absolute,inHg,28.215833333333332
2026-09-01 02:00:00,temp_ch2.temperature,℃,13.0
2026-09-01 02:00:00,temp_ch1.temperature,℃,13.6
2026-09-01 02:00:00,soil_ch2.soilmoisture,%,47.0
2026-09-01 02:00:00,soil_ch1.soilmoisture,%,54.0
2026-09-01 02:00:00,soil_ch1.ad,,255.0
2026-09-01 02:00:00,pressure.relative,inHg,28.223333333333333
2026-09-01 02:00:00,soil_ch2.ad,,234.0
2026-09-01 02:00:00,indoor.temperature,℃,17.625
2026-09-01 02:00:00,indoor.humidity,%,52.0
2026-09-01 02:00:00,indoor.feels_like,℃,17.625
2026-09-01 02:00:00,indoor.dew_point,℃,7.641666666666667
2026-09-01 02:00:00,indoor.app_tempin,℃,17.083333333333332
2026-09-01 02:00:00,pressure.absolute,inHg,28.223333333333333
2026-09-01 03:00:00,soil_ch2.soilmoisture,%,47.0
2026-09-01 03:00:00,soil_ch2.ad,,234.0
2026-09-01 03:00:00,soil_ch1.soilmoisture,%,54.0
2026-09-01 03:00:00,soil_ch1.ad,,255.0
2026-09-01 03:00:00,pressure.relative,inHg,28.24
2026-09-01 03:00:00,indoor.humidity,%,52.0
2026-09-01 03:00:00,indoor.temperature,℃,17.46
2026-09-01 03:00:00,indoor.feels_like,℃,17.46
2026-09-01 03:00:00,indoor.dew_point,℃,7.56
2026-09-01 03:00:00,indoor.app_tempin,℃,16.86
2026-09-01 03:00:00,temp_ch1.temperature,℃,13.6
2026-09-01 03:00:00,pressure.absolute,inHg,28.24
2026-09-01 03:00:00,temp_ch2.temperature,℃,13.02
